file	line	primitive	addresses	tt_replacement	intent_comment	openw3d_owner	mapping_method	confidence	disposition
tt_4.8.4/tt/WeaponClass.cpp	61	VirtualProtect	0x007E42E4			Code/Combat/ccamera.cpp	the two patched floats are the sniper FOV endpoints (MIN_FOV and the 0.8 zoom divisor); now _SniperZoomedInFOV/_SniperZoomedOutFOV, set through CCameraClass::Set_Sniper_Zoom_Range -- see better scope code	high	merged
tt_4.8.4/tt/WeaponClass.cpp	62	VirtualProtect	0x007E42E0			Code/Combat/ccamera.cpp	the two patched floats are the sniper FOV endpoints (MIN_FOV and the 0.8 zoom divisor); now _SniperZoomedInFOV/_SniperZoomedOutFOV, set through CCameraClass::Set_Sniper_Zoom_Range -- see better scope code	high	merged
tt_4.8.4/tt/cNetwork.cpp	108	JumpHookRegistrant	0x004569A0,0x00456AB0			Code/Commando/cnetwork.cpp	cNetwork::Init_Client exists natively; settled with the rest of the cNetwork cluster.	low	merged
tt_4.8.4/tt/tt.cpp	283	WriteMemory	0x0047EDA6		enable secret PT pages	Code/Commando/dlgcncpurchasemainmenu.cpp	merged natively behind TTSettingsClass::UseExtraPTPages; the laddered-game ban stands and the extras console command is left alone	high	merged
tt_4.8.4/tt/tt.cpp	284	WriteMemory	0x00427C80		enable secret PT pages	Code/Commando/dlgcncpurchasemainmenu.cpp	merged natively behind TTSettingsClass::UseExtraPTPages; the laddered-game ban stands and the extras console command is left alone	high	merged
tt_4.8.4/tt/tt.cpp	295	WriteMemory	0x0047F870		new unpurchasable logic	Code/Commando/dlgcncpurchasemainmenu.cpp;Code/Commando/dlgcncpurchasemenu.cpp	Code/Commando/dlgcncpurchasemainmenu.cpp;Code/Commando/dlgcncpurchasemenu.cpp behind TTSettingsClass::NewUnpurchasableLogic	high	merged
tt_4.8.4/tt/tt.cpp	296	WriteMemory	0x0047F883		new unpurchasable logic	Code/Commando/dlgcncpurchasemainmenu.cpp;Code/Commando/dlgcncpurchasemenu.cpp	Code/Commando/dlgcncpurchasemainmenu.cpp;Code/Commando/dlgcncpurchasemenu.cpp behind TTSettingsClass::NewUnpurchasableLogic	high	merged
tt_4.8.4/tt/tt.cpp	297	WriteNop	0x0047F8D3		new unpurchasable logic	Code/Commando/dlgcncpurchasemainmenu.cpp;Code/Commando/dlgcncpurchasemenu.cpp	Code/Commando/dlgcncpurchasemainmenu.cpp;Code/Commando/dlgcncpurchasemenu.cpp behind TTSettingsClass::NewUnpurchasableLogic	high	merged
tt_4.8.4/tt/tt.cpp	298	WriteNop	0x0047F8DE		new unpurchasable logic	Code/Commando/dlgcncpurchasemainmenu.cpp;Code/Commando/dlgcncpurchasemenu.cpp	Code/Commando/dlgcncpurchasemainmenu.cpp;Code/Commando/dlgcncpurchasemenu.cpp behind TTSettingsClass::NewUnpurchasableLogic	high	merged
tt_4.8.4/tt/tt.cpp	299	WriteMemory	0x0047F8E6		new unpurchasable logic	Code/Commando/dlgcncpurchasemainmenu.cpp;Code/Commando/dlgcncpurchasemenu.cpp	Code/Commando/dlgcncpurchasemainmenu.cpp;Code/Commando/dlgcncpurchasemenu.cpp behind TTSettingsClass::NewUnpurchasableLogic	high	merged
tt_4.8.4/tt/tt.cpp	300	WriteMemory	0x0047F96D		new unpurchasable logic	Code/Commando/dlgcncpurchasemainmenu.cpp;Code/Commando/dlgcncpurchasemenu.cpp	Code/Commando/dlgcncpurchasemainmenu.cpp;Code/Commando/dlgcncpurchasemenu.cpp behind TTSettingsClass::NewUnpurchasableLogic	high	merged
tt_4.8.4/tt/tt.cpp	301	WriteNop	0x0047F97C		new unpurchasable logic	Code/Commando/dlgcncpurchasemainmenu.cpp;Code/Commando/dlgcncpurchasemenu.cpp	Code/Commando/dlgcncpurchasemainmenu.cpp;Code/Commando/dlgcncpurchasemenu.cpp behind TTSettingsClass::NewUnpurchasableLogic	high	merged
tt_4.8.4/tt/tt.cpp	302	WriteNop	0x0047F999		new unpurchasable logic	Code/Commando/dlgcncpurchasemainmenu.cpp;Code/Commando/dlgcncpurchasemenu.cpp	Code/Commando/dlgcncpurchasemainmenu.cpp;Code/Commando/dlgcncpurchasemenu.cpp behind TTSettingsClass::NewUnpurchasableLogic	high	merged
tt_4.8.4/tt/tt.cpp	303	WriteMemory	0x0047F9A1		new unpurchasable logic	Code/Commando/dlgcncpurchasemainmenu.cpp;Code/Commando/dlgcncpurchasemenu.cpp	Code/Commando/dlgcncpurchasemainmenu.cpp;Code/Commando/dlgcncpurchasemenu.cpp behind TTSettingsClass::NewUnpurchasableLogic	high	merged
tt_4.8.4/tt/tt.cpp	304	WriteMemory	0x004815B4		new unpurchasable logic	Code/Commando/dlgcncpurchasemainmenu.cpp;Code/Commando/dlgcncpurchasemenu.cpp	Code/Commando/dlgcncpurchasemainmenu.cpp;Code/Commando/dlgcncpurchasemenu.cpp behind TTSettingsClass::NewUnpurchasableLogic	high	merged
tt_4.8.4/tt/tt.cpp	308	WriteNop	0x004B8F31		sidebar sounds patch to disable normal sound	Code/Commando/purchaseresponseevent.cpp	merged natively: SidebarSoundsEnabled suppresses the stock Purchase_Granted sound so a server's own purchase sounds are not doubled. TT's SidebarDlg itself is superseded by the roadmap's Commander sidebar	high	merged
tt_4.8.4/tt/tt.cpp	312	WriteJump	0x004F2C9D	List_Column_Patch	dialog box color changes	Code/wwui/listctrl.cpp	merged natively: ListCtrlClass::Add_Column honours TTSettingsClass::ListColumnColor when enabled	high	merged
tt_4.8.4/tt/tt.cpp	316	WriteMemory	0x0042DABC		version registry string change	Code/Commando/wolgmode.cpp	merged natively: Product::Initializer builds its key from TTSettingsClass::VersionRegistryKey	high	merged
tt_4.8.4/tt/tt.cpp	320	WriteMemory	0x004B2F57		WOL ingame URL string change	Code/Commando/_globals.h	merged natively: APPLICATION_SUB_KEY_NAME_URL builds from TTSettingsClass::WOLUrlRegistryKey	high	merged
tt_4.8.4/tt/tt.cpp	325	WriteMemory	0x004B8895		kill message disable	Code/Commando/playerkill.cpp	merged natively behind TTSettingsClass::DisableKillMessages	high	merged
tt_4.8.4/tt/tt.cpp	976	WriteCall	0x0043B905	KeyboardUpdateHook	custom keyboard keys hook	Code/Combat/input.cpp	declined under directive 0.5: keys.cfg exists so scripts2 plugins can claim hotkeys, and DoCombatKeyboard sends every unrecognised key over the scripts text channel. Canonical Input/InputConfigMgrClass already gives engine features rebindable named functions	high	n/a
tt_4.8.4/tt/tt.cpp	977	WriteJump	0x004015C6	DoCombatKeyboard	custom keyboard keys hook	Code/Combat/input.cpp	declined under directive 0.5: keys.cfg exists so scripts2 plugins can claim hotkeys, and DoCombatKeyboard sends every unrecognised key over the scripts text channel. Canonical Input/InputConfigMgrClass already gives engine features rebindable named functions	high	n/a
tt_4.8.4/tt/tt.cpp	978	WriteNop	0x0043C21F		nop out WWPhys::Shutdown call	Code/wwphys/wwphys.cpp	n/a: injection scaffolding. TT's DLL outlives the exe's teardown and cannot let physics shut down under it; natively the shutdown order is ours	high	n/a
tt_4.8.4/tt/tt.cpp	980	WriteMemory	0x004B488C		emoticons fix	Code/Combat/messagewindow.cpp	n/a: raw shellcode at a stock address with no counterpart anywhere in TT's source. Identifying the canonical owner would need the shipped binary, which is out of bounds for this merge	high	n/a
tt_4.8.4/tt/tt.cpp	983	WriteJump	0x006EF6C0	Enable_Radar_Patch	radar fix	N/A - inert	disassembly of stock Game.exe: 0x006EFD00 guards on IsRadarEnabled (+0x6D7), so the re-assert is a no-op	high	n/a
tt_4.8.4/tt/tt.cpp	984	WriteCall	0x0047F899	Building_Msg_Check	"purchase terminal ""building"" message change"	Code/Commando/vendor.cpp	n/a: reads TT CurrentlyBuilding, which only moves under the VehicleBuildingDisable production model -- see that row	high	n/a
tt_4.8.4/tt/tt.cpp	986	WriteMemory	0x00481D1F		dead powerplant 2x cost message change	Code/Commando/dlgcncpurchasemenu.cpp	disassembly of stock Game.exe: sub_481C70 = Update_Building_Health, +0x6D4 = BasePowered	high	merged
tt_4.8.4/tt/tt.cpp	987	WriteVtable2	0x007D51DC	OptionsDlg::New_Start_Dialog	options dialog hook	Code/wwui/menudialog.cpp	n/a: OptionsDlg is TT's own in-game options menu, built to host the config tabs it opens through Do_Dialog. Canonical reaches the same tabs through its config dialog	high	n/a
tt_4.8.4/tt/tt.cpp	988	WriteVtable2	0x007D5200	OptionsDlg::New_On_Command	options dialog hook	Code/wwui/menudialog.cpp	n/a: OptionsDlg is TT's own in-game options menu, built to host the config tabs it opens through Do_Dialog. Canonical reaches the same tabs through its config dialog	high	n/a
tt_4.8.4/tt/tt.cpp	991	WriteVtable2	0x007D513C	RenegadeUIInputClass::Is_Button_Down	hook for dialog boxes and side mouse buttons	Code/Commando/renegadedialogmgr.cpp	merged in P03-L: the side buttons reach the dialogs as VK_XBUTTON1/2	high	merged
tt_4.8.4/tt/tt.cpp	992	WriteCall	0x00489BAD	Get_Key_ID	hook for side mouse buttons in the default config dialog	Code/Combat/input.cpp	merged in P03-L: BUTTON_MOUSE_SIDE1/2 are in the button enum and bind by name	high	merged
tt_4.8.4/tt/tt.cpp	994	WriteMemory	0x00489BF3			Code/Combat/input.cpp	The side-mouse-button rows: the ids are in the button enum and Get_Key_Name/Get_Translated_Key_Name name them, so the key-config dialog lists them without a patch.	low	merged
tt_4.8.4/tt/tt.cpp	995	hookAsCall	0x0047EB7A,0x00000000	OnPtChatListInitPatch	PT chatbox fix	Code/Commando/dlgcncpurchasemainmenu.cpp;Code/wwui/listctrl.cpp	disassembly of stock Game.exe: sub_47FF10 = Refresh_Message_Log, nopped run is its trailing Scroll_To_End	high	merged
tt_4.8.4/tt/tt.cpp	996	hookAsCall	0x0047F68D,0x00000000	OnPtChatListUpdatePatch	PT chatbox fix	Code/Commando/dlgcncpurchasemainmenu.cpp;Code/wwui/listctrl.cpp	disassembly of stock Game.exe: sub_47FF10 = Refresh_Message_Log, nopped run is its trailing Scroll_To_End	high	merged
tt_4.8.4/tt/tt.cpp	997	WriteNop	0x00480122		PT chatbox fix	Code/Commando/dlgcncpurchasemainmenu.cpp;Code/wwui/listctrl.cpp	disassembly of stock Game.exe: sub_47FF10 = Refresh_Message_Log, nopped run is its trailing Scroll_To_End	high	merged
tt_4.8.4/tt/tt.cpp	998	hookAsCall2	0x00481C45,0x00000000	OnUnitPtKeyDownPatch	PT keypress fix	Code/Commando/dlgcncpurchasemenu.cpp;Code/Commando/dlgcncpurchasemainmenu.cpp	disassembly of stock Game.exe: sub_481A80 = On_Key_Down, sub_481F90 = Update_Enabled_Status, 0x0047FE5F/86 are the 6/7 hotkey Is_Enabled guards	high	merged
tt_4.8.4/tt/tt.cpp	999	hookAsJump	0x00481FF6,0x00000000	OnUnitPtMerchandiseItemUpdatePatch	PT keypress fix	Code/Commando/dlgcncpurchasemenu.cpp;Code/Commando/dlgcncpurchasemainmenu.cpp	disassembly of stock Game.exe: sub_481A80 = On_Key_Down, sub_481F90 = Update_Enabled_Status, 0x0047FE5F/86 are the 6/7 hotkey Is_Enabled guards	high	merged
tt_4.8.4/tt/tt.cpp	1000	WriteNop	0x0047FE5F		PT keypress fix	Code/Commando/dlgcncpurchasemenu.cpp;Code/Commando/dlgcncpurchasemainmenu.cpp	disassembly of stock Game.exe: sub_481A80 = On_Key_Down, sub_481F90 = Update_Enabled_Status, 0x0047FE5F/86 are the 6/7 hotkey Is_Enabled guards	high	merged
tt_4.8.4/tt/tt.cpp	1001	WriteNop	0x0047FE86		PT keypress fix	Code/Commando/dlgcncpurchasemenu.cpp;Code/Commando/dlgcncpurchasemainmenu.cpp	disassembly of stock Game.exe: sub_481A80 = On_Key_Down, sub_481F90 = Update_Enabled_Status, 0x0047FE5F/86 are the 6/7 hotkey Is_Enabled guards	high	merged
tt_4.8.4/tt/tt.cpp	1002	hookAsJump	0x0047E730,0x00000000	DlgCncBattleInfo::On_Frame_Update	team information and battlefield information scroll fix	Code/Commando/dlgcncbattleinfo.cpp:439	disassembly of stock Game.exe: nopped run is MouseMgrClass::Show_Cursor(false); see NativeEventDispatch.md 5.8	high	merged
tt_4.8.4/tt/tt.cpp	1003	WriteNop	0x0047DBFC		team information and battlefield information scroll fix	Code/Commando/dlgcncbattleinfo.cpp;Code/Commando/dlgcncteaminfo.cpp;Code/Commando/dlgcncserverinfo.cpp	disassembly of stock Game.exe: nopped run is MouseMgrClass::Show_Cursor(false); see NativeEventDispatch.md 5.8	high	merged
tt_4.8.4/tt/tt.cpp	1004	hookAsJump	0x00484470,0x00000000	DlgCncTeamInfo::On_Frame_Update	team information and battlefield information scroll fix	Code/Commando/dlgcncteaminfo.cpp:416	disassembly of stock Game.exe: nopped run is MouseMgrClass::Show_Cursor(false); see NativeEventDispatch.md 5.8	high	merged
tt_4.8.4/tt/tt.cpp	1005	WriteNop	0x004835DC		team information and battlefield information scroll fix	Code/Commando/dlgcncbattleinfo.cpp;Code/Commando/dlgcncteaminfo.cpp;Code/Commando/dlgcncserverinfo.cpp	disassembly of stock Game.exe: nopped run is MouseMgrClass::Show_Cursor(false); see NativeEventDispatch.md 5.8	high	merged
tt_4.8.4/tt/tt.cpp	1006	hookAsJump	0x004834E0,0x00000000	DlgCncServerInfo::On_Frame_Update	team information and battlefield information scroll fix	Code/Commando/dlgcncserverinfo.cpp:183	disassembly of stock Game.exe: nopped run is MouseMgrClass::Show_Cursor(false); see NativeEventDispatch.md 5.8	high	merged
tt_4.8.4/tt/tt.cpp	1007	WriteNop	0x0048326C		team information and battlefield information scroll fix	Code/Commando/dlgcncbattleinfo.cpp;Code/Commando/dlgcncteaminfo.cpp;Code/Commando/dlgcncserverinfo.cpp	disassembly of stock Game.exe: nopped run is MouseMgrClass::Show_Cursor(false); see NativeEventDispatch.md 5.8	high	merged
tt_4.8.4/tt/tt.cpp	1008	hookAsJump	0x004B6340,0x00000000	cCsTextObj::Init	chat message sent patch	Code/Commando/sctextobj.cpp;Code/Commando/cstextobj.cpp	Code/Commando/sctextobj.cpp;cstextobj.cpp -- import buffers raised to 512 to match what the uncapped senders produce. The rest of TT's cScTextObj/cCsTextObj matches canon, which is ahead: FloodProtectionMgrClass and GameEventBus::Raise_Chat have no TT counterpart	high	merged
tt_4.8.4/tt/tt.cpp	1009	hookAsJump	0x004BA720,0x00000000	cScTextObj::Import_Creation	chat message sent patch	Code/Commando/sctextobj.cpp;Code/Commando/cstextobj.cpp	Code/Commando/sctextobj.cpp;cstextobj.cpp -- import buffers raised to 512 to match what the uncapped senders produce. The rest of TT's cScTextObj/cCsTextObj matches canon, which is ahead: FloodProtectionMgrClass and GameEventBus::Raise_Chat have no TT counterpart	high	merged
tt_4.8.4/tt/tt.cpp	1010	WriteJump	0x0052A440	Make_Screen_Shot	screenshot hook	Code/ww3d2/ww3d.cpp	out of scope under directive 0.6: TT's replacement lives in tt_4.8.4/shaders, the renderer module excluded from this merge	high	out-of-scope
tt_4.8.4/tt/tt.cpp	1011	hookAsCall	0x0043B92D,0x00000000,0x004ECAA0		Fix issue where beam manager is shut down then objects get added to the beam manager, causing a crash on exit	Code/Combat/bullet.cpp	merged natively: BeamEffectManagerClass carries an IsShutdown flag; beams removed from the scene after shutdown are no longer recycled onto a list nothing drains again	high	merged
tt_4.8.4/tt/tt.cpp	1012	hookAsCall	0x0043B937,0x00000000,0x00437070		Fix issue where beam manager is shut down then objects get added to the beam manager, causing a crash on exit	Code/Combat/bullet.cpp	merged natively: BeamEffectManagerClass carries an IsShutdown flag; beams removed from the scene after shutdown are no longer recycled onto a list nothing drains again	high	merged
tt_4.8.4/tt/tt.cpp	1013	WriteNop	0x004263A0		remove Toggle_Sorting console command	Code/Commando/consolefunction.cpp	canonical supersedes: same reason as the msg command -- removed to make room for a scripts-side replacement	high	merged
tt_4.8.4/tt/tt.cpp	1014	hookAsJump	0x00476280,0x00000000	cGameData::Render	hook so that HUD console command turns off extra stuff	Code/Commando/gamedata.cpp;Code/Commando/playermanager.cpp;Code/Commando/teammanager.cpp	merged natively: cGameData/cPlayerManager/cTeamManager Render follow HUDClass::Is_Enabled, and honour HideBottomText and HidePlayerList	high	merged
tt_4.8.4/tt/tt.cpp	1015	hookAsCall	0x0058DAF5,0x00000000	ResetGeometryPatch	MeshModelClass destroy patch	Code/ww3d2/meshmdl.cpp	out of scope under directive 0.6: TT's replacement lives in tt_4.8.4/shaders, the renderer module excluded from this merge	high	out-of-scope
tt_4.8.4/tt/tt.cpp	1016	WriteVtable2	0x007D40C0	QuickMatchDisable	disable quickmatch	Code/Commando/dlgmpwolquickmatchoptions.cpp	n/a: QuickMatchDisable hides the button and reflows TT's own AdvancedGameListings menu around the gap. Whether to retire the quickmatch button is a product decision for the UI pass, not a merge	high	n/a
tt_4.8.4/tt/tt.cpp	1017	hookAsJump	0x004A38C0,0x00000000	AdvancedGameListingsMenu::sortList	hook to change wol sort order	Code/Commando/dlgmpwolgamelist.cpp	canonical supersedes: SortGameChannels already dispatches flag, numeric and alpha sorts per column and sets the sort designator, exactly as TT's sortList does	high	merged
tt_4.8.4/tt/tt.cpp	1018	hookAsCall	0x004A23CB,0x00000000	AdvancedGameListingsMenu::addFavorite	hook to allow you to select a favorite server	Code/Commando/dlgmpwolgamelist.cpp	n/a for now: needs a new control in the WOL game list plus button art the shipped set does not contain (mul_*.tga covers the four sort filters only), and the favourites-first ranking needs an icon-column glyph that likewise has none. Revisit if the UI pass adds assets	high	n/a
tt_4.8.4/tt/tt.cpp	1021	WriteMemory	0x004A196E		WOL advanced game listings dialog default sort order	Code/Commando/dlgmpwolgamelist.cpp	merged natively: the game list opens sorted by ping ascending rather than by host name	high	merged
tt_4.8.4/tt/tt.cpp	1022	WriteMemory	0x004A197A		WOL advanced game listings dialog default sort order	Code/Commando/dlgmpwolgamelist.cpp	merged natively: the game list opens sorted by ping ascending rather than by host name	high	merged
tt_4.8.4/tt/tt.cpp	1023	hookAsJump	0x00525800	SaveLoadSystemClass::Load	hooks for filehashing checks	Code/wwlib/simplefilefactory.cpp	TT's client file-hash anti-cheat runs through HashMixFileFactoryClass and the scripts-DLL VFS; declined per directive 0.5, as already recorded for the modpackage rows.	high	n/a
tt_4.8.4/tt/tt.cpp	1024	hookAsJump	0x00463130,0x00000000	MultiHUDClass::Render	multihudclass rendering improvements	Code/Commando/multihud.cpp	merged natively: the floating player names now follow HUDClass::Is_Enabled. TT's other change -- dividing apparent distance by Get_Sniper_Zoom -- is not taken: that value runs 0..1 and would divide by zero as sniping starts; canonical's Get_Profile_Zoom is the real magnification	high	merged
tt_4.8.4/tt/tt.cpp	1025	hookAsJump	0x00463140,0x00000000	MultiHUDClass::Show_Player_Names	multihudclass rendering improvements	Code/Commando/multihud.cpp	merged natively: the floating player names now follow HUDClass::Is_Enabled. TT's other change -- dividing apparent distance by Get_Sniper_Zoom -- is not taken: that value runs 0..1 and would divide by zero as sniping starts; canonical's Get_Profile_Zoom is the real magnification	high	merged
tt_4.8.4/tt/tt.cpp	1026	hookAsJump	0x00495950,0x00000000	IngameSendMessageDialog::On_EditCtrl_Key_Down	chat dialog hooks	Code/Commando/dlgmpingamechat.cpp	MPChatChildDialogClass already has Auto_Complete_Name driven from On_EditCtrl_Change and On_EditCtrl_Key_Down, which is what TT's IngameSendMessageDialog adds.	high	merged
tt_4.8.4/tt/tt.cpp	1027	hookAsJump	0x004957A0,0x00000000	IngameSendMessageDialog::On_EditCtrl_Change	chat dialog hooks	Code/Commando/dlgmpingamechat.cpp	MPChatChildDialogClass already has Auto_Complete_Name driven from On_EditCtrl_Change and On_EditCtrl_Key_Down, which is what TT's IngameSendMessageDialog adds.	high	merged
tt_4.8.4/tt/tt.cpp	1028	hookAsJump	0x00494760,0x00000000	IngameSendMessageDialog::sendMessage	chat dialog hooks	Code/Commando/dlgmpingamechat.cpp	MPChatChildDialogClass already has Auto_Complete_Name driven from On_EditCtrl_Change and On_EditCtrl_Key_Down, which is what TT's IngameSendMessageDialog adds.	high	merged
tt_4.8.4/tt/tt.cpp	1029	hookAsJump	0x00534FC0,0x00000000	Render2DClass::Render	hook Render2DClass::Render	Code/ww3d2/render2d.cpp	out of scope under directive 0.6: TT's replacement lives in tt_4.8.4/shaders, the renderer module excluded from this merge	high	out-of-scope
tt_4.8.4/tt/tt.cpp	1030	hookAsJump	0x0052EE10,0x00000000	Render2DSentenceClass::Render	hook Render2DSentenceClass::Render	Code/ww3d2/render2dsentence.cpp	out of scope under directive 0.6: TT's replacement lives in tt_4.8.4/shaders, the renderer module excluded from this merge	high	out-of-scope
tt_4.8.4/tt/tt.cpp	1031	hookAsJump	0x00555DB0,0x00000000	CameraClass::Apply	hook CameraClass::Apply	Code/ww3d2/camera.cpp	out of scope under directive 0.6: TT's replacement lives in tt_4.8.4/shaders, the renderer module excluded from this merge	high	out-of-scope
tt_4.8.4/tt/tt.cpp	1032	hookAsJump	0x0053D260,0x00000000	DazzleTypeClass::Calculate_Intensities	hook Dazzle Intensity code	Code/ww3d2/dazzle.cpp	canonical supersedes: TT's Calculate_Intensities is a decompilation for hooking and differs only in decompiler artefacts (abs of the dot product, zeroing size/halo instead of intensity past the fadeout)	high	merged
tt_4.8.4/tt/tt.cpp	1033	hookAsJump	0x004AFF80,0x00000000	MainMenuTransitionClass::On_Frame_Update	dialog box hooks	Code/wwui/dialogbase.cpp;Code/wwui/dialogmgr.cpp;Code/wwui/dialogspec.h	Canonical DialogBaseClass/DialogMgrClass supersede TT's reimplementation; the two TT-forward deltas are merged: 4:3-corrected Start_Dialog layout with WS_EX_RIGHT docking, and XBUTTON1/2 state and dispatch.	high	merged
tt_4.8.4/tt/tt.cpp	1034	hookAsJump	0x004EC4E0,0x00000000	DialogMgrClass::Shutdown	dialog box hooks	Code/wwui/dialogbase.cpp;Code/wwui/dialogmgr.cpp;Code/wwui/dialogspec.h	Canonical DialogBaseClass/DialogMgrClass supersede TT's reimplementation; the two TT-forward deltas are merged: 4:3-corrected Start_Dialog layout with WS_EX_RIGHT docking, and XBUTTON1/2 state and dispatch.	high	merged
tt_4.8.4/tt/tt.cpp	1035	hookAsJump	0x004EC810,0x00000000	DialogMgrClass::UnRegister_Dialog	dialog box hooks	Code/wwui/dialogbase.cpp;Code/wwui/dialogmgr.cpp;Code/wwui/dialogspec.h	Canonical DialogBaseClass/DialogMgrClass supersede TT's reimplementation; the two TT-forward deltas are merged: 4:3-corrected Start_Dialog layout with WS_EX_RIGHT docking, and XBUTTON1/2 state and dispatch.	high	merged
tt_4.8.4/tt/tt.cpp	1036	hookAsJump	0x004EC930,0x00000000	DialogMgrClass::On_Dialog_Removed	dialog box hooks	Code/wwui/dialogbase.cpp;Code/wwui/dialogmgr.cpp;Code/wwui/dialogspec.h	Canonical DialogBaseClass/DialogMgrClass supersede TT's reimplementation; the two TT-forward deltas are merged: 4:3-corrected Start_Dialog layout with WS_EX_RIGHT docking, and XBUTTON1/2 state and dispatch.	high	merged
tt_4.8.4/tt/tt.cpp	1037	hookAsJump	0x004ED0A0,0x00000000	DialogMgrClass::Flush_Dialogs	dialog box hooks	Code/wwui/dialogbase.cpp;Code/wwui/dialogmgr.cpp;Code/wwui/dialogspec.h	Canonical DialogBaseClass/DialogMgrClass supersede TT's reimplementation; the two TT-forward deltas are merged: 4:3-corrected Start_Dialog layout with WS_EX_RIGHT docking, and XBUTTON1/2 state and dispatch.	high	merged
tt_4.8.4/tt/tt.cpp	1038	hookAsJump	0x004ED160,0x00000000	DialogMgrClass::Is_Flushing_Dialogs	dialog box hooks	Code/wwui/dialogbase.cpp;Code/wwui/dialogmgr.cpp;Code/wwui/dialogspec.h	Canonical DialogBaseClass/DialogMgrClass supersede TT's reimplementation; the two TT-forward deltas are merged: 4:3-corrected Start_Dialog layout with WS_EX_RIGHT docking, and XBUTTON1/2 state and dispatch.	high	merged
tt_4.8.4/tt/tt.cpp	1039	hookAsJump	0x004ED260,0x00000000	DialogMgrClass::Show_IME_Message	dialog box hooks	Code/wwui/dialogbase.cpp;Code/wwui/dialogmgr.cpp;Code/wwui/dialogspec.h	Canonical DialogBaseClass/DialogMgrClass supersede TT's reimplementation; the two TT-forward deltas are merged: 4:3-corrected Start_Dialog layout with WS_EX_RIGHT docking, and XBUTTON1/2 state and dispatch.	high	merged
tt_4.8.4/tt/tt.cpp	1040	hookAsJump	0x004ECAA0,0x00000000	DialogMgrClass::On_Frame_Update	dialog box hooks	Code/wwui/dialogbase.cpp;Code/wwui/dialogmgr.cpp;Code/wwui/dialogspec.h	Canonical DialogBaseClass/DialogMgrClass supersede TT's reimplementation; the two TT-forward deltas are merged: 4:3-corrected Start_Dialog layout with WS_EX_RIGHT docking, and XBUTTON1/2 state and dispatch.	high	merged
tt_4.8.4/tt/tt.cpp	1041	hookAsJump	0x004ECFC0,0x00000000	DialogMgrClass::On_Key_Down	dialog box hooks	Code/wwui/dialogbase.cpp;Code/wwui/dialogmgr.cpp;Code/wwui/dialogspec.h	Canonical DialogBaseClass/DialogMgrClass supersede TT's reimplementation; the two TT-forward deltas are merged: 4:3-corrected Start_Dialog layout with WS_EX_RIGHT docking, and XBUTTON1/2 state and dispatch.	high	merged
tt_4.8.4/tt/tt.cpp	1042	hookAsJump	0x004ED000,0x00000000	DialogMgrClass::On_Key_Up	dialog box hooks	Code/wwui/dialogbase.cpp;Code/wwui/dialogmgr.cpp;Code/wwui/dialogspec.h	Canonical DialogBaseClass/DialogMgrClass supersede TT's reimplementation; the two TT-forward deltas are merged: 4:3-corrected Start_Dialog layout with WS_EX_RIGHT docking, and XBUTTON1/2 state and dispatch.	high	merged
tt_4.8.4/tt/tt.cpp	1043	hookAsJump	0x004ED030,0x00000000	DialogMgrClass::On_Unicode_Char	dialog box hooks	Code/wwui/dialogbase.cpp;Code/wwui/dialogmgr.cpp;Code/wwui/dialogspec.h	Canonical DialogBaseClass/DialogMgrClass supersede TT's reimplementation; the two TT-forward deltas are merged: 4:3-corrected Start_Dialog layout with WS_EX_RIGHT docking, and XBUTTON1/2 state and dispatch.	high	merged
tt_4.8.4/tt/tt.cpp	1044	hookAsJump	0x004EC650,0x00000000	DialogMgrClass::Register_Dialog	dialog box hooks	Code/wwui/dialogbase.cpp;Code/wwui/dialogmgr.cpp;Code/wwui/dialogspec.h	Canonical DialogBaseClass/DialogMgrClass supersede TT's reimplementation; the two TT-forward deltas are merged: 4:3-corrected Start_Dialog layout with WS_EX_RIGHT docking, and XBUTTON1/2 state and dispatch.	high	merged
tt_4.8.4/tt/tt.cpp	1045	hookAsJump	0x004EA000,0x00000000	DialogBaseClass::On_Frame_Update	dialog box hooks	Code/wwui/dialogbase.cpp;Code/wwui/dialogmgr.cpp;Code/wwui/dialogspec.h	Canonical DialogBaseClass/DialogMgrClass supersede TT's reimplementation; the two TT-forward deltas are merged: 4:3-corrected Start_Dialog layout with WS_EX_RIGHT docking, and XBUTTON1/2 state and dispatch.	high	merged
tt_4.8.4/tt/tt.cpp	1046	hookAsJump	0x004EAE30,0x00000000	DialogBaseClass::Remove_Control	dialog box hooks	Code/wwui/dialogbase.cpp;Code/wwui/dialogmgr.cpp;Code/wwui/dialogspec.h	Canonical DialogBaseClass/DialogMgrClass supersede TT's reimplementation; the two TT-forward deltas are merged: 4:3-corrected Start_Dialog layout with WS_EX_RIGHT docking, and XBUTTON1/2 state and dispatch.	high	merged
tt_4.8.4/tt/tt.cpp	1047	hookAsJump	0x004E98E0,0x00000000	DialogBaseClass::Start_Dialog	dialog box hooks	Code/wwui/dialogbase.cpp;Code/wwui/dialogmgr.cpp;Code/wwui/dialogspec.h	Canonical DialogBaseClass/DialogMgrClass supersede TT's reimplementation; the two TT-forward deltas are merged: 4:3-corrected Start_Dialog layout with WS_EX_RIGHT docking, and XBUTTON1/2 state and dispatch.	high	merged
tt_4.8.4/tt/tt.cpp	1048	hookAsJump	0x004EA080,0x00000000	DialogBaseClass::Render	dialog box hooks	Code/wwui/dialogbase.cpp;Code/wwui/dialogmgr.cpp;Code/wwui/dialogspec.h	Canonical DialogBaseClass/DialogMgrClass supersede TT's reimplementation; the two TT-forward deltas are merged: 4:3-corrected Start_Dialog layout with WS_EX_RIGHT docking, and XBUTTON1/2 state and dispatch.	high	merged
tt_4.8.4/tt/tt.cpp	1049	hookAsJump	0x004EAA40,0x00000000	DialogBaseClass::On_Key_Down	dialog box hooks	Code/wwui/dialogbase.cpp;Code/wwui/dialogmgr.cpp;Code/wwui/dialogspec.h	Canonical DialogBaseClass/DialogMgrClass supersede TT's reimplementation; the two TT-forward deltas are merged: 4:3-corrected Start_Dialog layout with WS_EX_RIGHT docking, and XBUTTON1/2 state and dispatch.	high	merged
tt_4.8.4/tt/tt.cpp	1050	hookAsJump	0x004EAB10,0x00000000	DialogBaseClass::On_Key_Up	dialog box hooks	Code/wwui/dialogbase.cpp;Code/wwui/dialogmgr.cpp;Code/wwui/dialogspec.h	Canonical DialogBaseClass/DialogMgrClass supersede TT's reimplementation; the two TT-forward deltas are merged: 4:3-corrected Start_Dialog layout with WS_EX_RIGHT docking, and XBUTTON1/2 state and dispatch.	high	merged
tt_4.8.4/tt/tt.cpp	1051	hookAsJump	0x004EAB60,0x00000000	DialogBaseClass::On_Unicode_Char	dialog box hooks	Code/wwui/dialogbase.cpp;Code/wwui/dialogmgr.cpp;Code/wwui/dialogspec.h	Canonical DialogBaseClass/DialogMgrClass supersede TT's reimplementation; the two TT-forward deltas are merged: 4:3-corrected Start_Dialog layout with WS_EX_RIGHT docking, and XBUTTON1/2 state and dispatch.	high	merged
tt_4.8.4/tt/tt.cpp	1052	hookAsJump	0x004EAFB0,0x00000000	DialogBaseClass::Add_Child_Dialog	dialog box hooks	Code/wwui/dialogbase.cpp;Code/wwui/dialogmgr.cpp;Code/wwui/dialogspec.h	Canonical DialogBaseClass/DialogMgrClass supersede TT's reimplementation; the two TT-forward deltas are merged: 4:3-corrected Start_Dialog layout with WS_EX_RIGHT docking, and XBUTTON1/2 state and dispatch.	high	merged
tt_4.8.4/tt/tt.cpp	1053	hookAsJump	0x004E9F50,0x00000000	DialogBaseClass::End_Dialog	dialog box hooks	Code/wwui/dialogbase.cpp;Code/wwui/dialogmgr.cpp;Code/wwui/dialogspec.h	Canonical DialogBaseClass/DialogMgrClass supersede TT's reimplementation; the two TT-forward deltas are merged: 4:3-corrected Start_Dialog layout with WS_EX_RIGHT docking, and XBUTTON1/2 state and dispatch.	high	merged
tt_4.8.4/tt/tt.cpp	1054	hookAsJump	0x004EB020,0x00000000	DialogBaseClass::Remove_Child_Dialog	dialog box hooks	Code/wwui/dialogbase.cpp;Code/wwui/dialogmgr.cpp;Code/wwui/dialogspec.h	Canonical DialogBaseClass/DialogMgrClass supersede TT's reimplementation; the two TT-forward deltas are merged: 4:3-corrected Start_Dialog layout with WS_EX_RIGHT docking, and XBUTTON1/2 state and dispatch.	high	merged
tt_4.8.4/tt/tt.cpp	1055	hookAsJump	0x004ED900,0x00000000	MenuDialogClass::Start_Dialog	dialog box hooks	Code/wwui/dialogbase.cpp;Code/wwui/dialogmgr.cpp;Code/wwui/dialogspec.h	Canonical DialogBaseClass/DialogMgrClass supersede TT's reimplementation; the two TT-forward deltas are merged: 4:3-corrected Start_Dialog layout with WS_EX_RIGHT docking, and XBUTTON1/2 state and dispatch.	high	merged
tt_4.8.4/tt/tt.cpp	1056	hookAsJump	0x004ED8D0,0x00000000	MenuDialogClass::Render	dialog box hooks	Code/wwui/dialogbase.cpp;Code/wwui/dialogmgr.cpp;Code/wwui/dialogspec.h	Canonical DialogBaseClass/DialogMgrClass supersede TT's reimplementation; the two TT-forward deltas are merged: 4:3-corrected Start_Dialog layout with WS_EX_RIGHT docking, and XBUTTON1/2 state and dispatch.	high	merged
tt_4.8.4/tt/tt.cpp	1057	hookAsJump	0x0059F3F0,0x00000000	HLodClass::Render	hook HLodClass::Render for per-subobject lighting	Code/ww3d2/hlod.cpp	out of scope under directive 0.6: TT's replacement lives in tt_4.8.4/shaders, the renderer module excluded from this merge	high	out-of-scope
tt_4.8.4/tt/tt.cpp	1058	hookAsCall2	0x004AB642,0x00000000	DlgConfigVideoTab::Do_Dialog	video config dialog	Code/Commando/dlgconfigvideotab.cpp	canonical supersedes: DlgConfigVideoTabClass has the same read-only device fields and the same three sliders, including the trick of holding the gamma update off until all three are set. TT's added Do_Dialog only opens the tab standalone for its own options menu	high	merged
tt_4.8.4/tt/tt.cpp	1059	hookAsCall2	0x004AB678,0x00000000	DlgConfigPerformanceTab::Do_Dialog	performance config dialog	Code/Commando/dlgconfigperformancetab.cpp	canonical supersedes: same as the video tab -- TT's Do_Dialog exists to open it from its own options menu	high	merged
tt_4.8.4/tt/tt.cpp	1061	WriteMemory	0x004AB65D		video config dialog	Code/Commando/dlgconfigvideotab.cpp	canonical supersedes: DlgConfigVideoTabClass has the same read-only device fields and the same three sliders, including the trick of holding the gamma update off until all three are set. TT's added Do_Dialog only opens the tab standalone for its own options menu	high	merged
tt_4.8.4/tt/tt.cpp	1062	WriteMemory	0x004AB696		performance config dialog	Code/Commando/dlgconfigperformancetab.cpp	canonical supersedes: same as the video tab -- TT's Do_Dialog exists to open it from its own options menu	high	merged
tt_4.8.4/tt/tt.cpp	1063	hookAsJump	0x00577A80,0x00000000	MeshClass::Render	hooks for AutoPoolClass bits	Code/ww3d2/mesh.cpp	n/a: AutoPoolClass instrumentation belongs to TT's MemoryManager -- see the patch for memory manager row	high	n/a
tt_4.8.4/tt/tt.cpp	1064	hookAsJump	0x00570810,0x00000000	ParticleEmitterPrototypeClass::Create	hook for particle emitter creation	Code/ww3d2/part_ldr.cpp	out of scope under directive 0.6: TT's replacement lives in tt_4.8.4/shaders, the renderer module excluded from this merge	high	out-of-scope
tt_4.8.4/tt/tt.cpp	1065	hookAsJump	0x00546CA0,0x00000000	Release_Hook	hook DX8Wrapper::Shutdown	Code/ww3d2/dx8wrapper.cpp	TT infrastructure only: Release_Hook restores TT's own WNDPROC and frees its shader caps before shutdown; neither exists natively	high	n/a
tt_4.8.4/tt/tt.cpp	1066	hookAsJump	0x0063F470,0x00000000	Peek_Stealth_Texture	hook stealth texture loading	Code/wwphys/physresourcemgr.cpp	canonical supersedes: PhysResourceMgrClass caches stealth_effect.tga and DDSFileClass already tries the .dds variant of a .tga name; TT's extra is the file-hash check, declined under directive 0.5	high	merged
tt_4.8.4/tt/tt.cpp	1067	hookAsJump	0x004E8240,0x00000000	StyleMgrClass::Initialize_From_INI	hook for widescreen stylemgr stuff	Code/wwui/stylemgr.cpp	StyleMgr ScaleX/ScaleY now come from the 4:3 box (Get_Aspect_Corrected_Screen_Rect); Play_Sound is identical to canon.	high	merged
tt_4.8.4/tt/tt.cpp	1068	hookAsJump	0x004E9040,0x00000000	StyleMgrClass::Play_Sound	hook for widescreen stylemgr stuff	Code/wwui/stylemgr.cpp	StyleMgr ScaleX/ScaleY now come from the 4:3 box (Get_Aspect_Corrected_Screen_Rect); Play_Sound is identical to canon.	high	merged
tt_4.8.4/tt/tt.cpp	1069	hookAsJump	0x006DBF10	CCameraClass::Init	hook for cameras.ini loading	Code/Combat/ccamera.cpp	canonical supersedes: CCameraClass::Init reads CAMERAS.INI through CCameraProfileClass::Init	high	merged
tt_4.8.4/tt/tt.cpp	1070	hookAsJump	0x006DBF20	Cleanup_HUD	hooking Cleanup_HUD in here so that it gets called before WW3DAssetManager shuts down	Code/Combat/hud.cpp	canonical supersedes: HUDClass::Shutdown runs at the top of CombatManager::Shutdown, before the scene is released and long before the unload path frees the assets	high	merged
tt_4.8.4/tt/tt.cpp	1071	hookAsJump	0x007248C0	CombatMaterialEffectManager::Get_Spawn_Effect	hook for MatrixMapper stuff	Code/Combat/combatmaterialeffectmanager.cpp	Canonical CombatMaterialEffectManager builds the same four transition effects with the same parameters, using named constants and NEW_REF/REF_PTR_RELEASE.	high	merged
tt_4.8.4/tt/tt.cpp	1072	hookAsJump	0x00724960	CombatMaterialEffectManager::Get_Death_Effect	hook for MatrixMapper stuff	Code/Combat/combatmaterialeffectmanager.cpp	Canonical CombatMaterialEffectManager builds the same four transition effects with the same parameters, using named constants and NEW_REF/REF_PTR_RELEASE.	high	merged
tt_4.8.4/tt/tt.cpp	1073	hookAsJump	0x007249F0	CombatMaterialEffectManager::Get_Health_Effect	hook for MatrixMapper stuff	Code/Combat/combatmaterialeffectmanager.cpp	Canonical CombatMaterialEffectManager builds the same four transition effects with the same parameters, using named constants and NEW_REF/REF_PTR_RELEASE.	high	merged
tt_4.8.4/tt/tt.cpp	1074	hookAsJump	0x00724A80	CombatMaterialEffectManager::Get_Electrocution_Effect	hook for MatrixMapper stuff	Code/Combat/combatmaterialeffectmanager.cpp	Canonical CombatMaterialEffectManager builds the same four transition effects with the same parameters, using named constants and NEW_REF/REF_PTR_RELEASE.	high	merged
tt_4.8.4/tt/tt.cpp	1081	WriteJump	0x0043907C,0x00439192		Do not load all .mix files at startup	Code/Commando/init.cpp	The data/*.mix scan in init.cpp is the only place a level's mix is ever mounted -- TT can drop it because scripts2.dll mounts maps itself, which is the plugin architecture directive 0.5 declines. Removing it natively needs a lazy per-map mount in the file factory first; recorded as its own work item rather than done here.	high	n/a
tt_4.8.4/tt/tt.cpp	1082	hookAsJump	0x00490180,0x00000000	DlgHelpScreen::On_Menu_Activate	hook for MenuBackdropClass stuff	Code/Commando/dlghelpscreen.cpp;Code/Commando/dlgcncreference.cpp	Canonical HelpScreenDialogClass/CnCReferenceMenuClass already set and restore the IF_HELPLOAD / IF_LVL80LOAD backdrops, and null the pointer where TT leaks on the second activate.	high	merged
tt_4.8.4/tt/tt.cpp	1083	hookAsJump	0x00490200,0x00000000	DlgHelpScreen::On_Destroy	hook for MenuBackdropClass stuff	Code/Commando/dlghelpscreen.cpp;Code/Commando/dlgcncreference.cpp	Canonical HelpScreenDialogClass/CnCReferenceMenuClass already set and restore the IF_HELPLOAD / IF_LVL80LOAD backdrops, and null the pointer where TT leaks on the second activate.	high	merged
tt_4.8.4/tt/tt.cpp	1084	hookAsJump	0x00482E30,0x00000000	DlgCnCReference::On_Menu_Activate	hook for MenuBackdropClass stuff	Code/Commando/dlghelpscreen.cpp;Code/Commando/dlgcncreference.cpp	Canonical HelpScreenDialogClass/CnCReferenceMenuClass already set and restore the IF_HELPLOAD / IF_LVL80LOAD backdrops, and null the pointer where TT leaks on the second activate.	high	merged
tt_4.8.4/tt/tt.cpp	1085	hookAsJump	0x004829F0,0x00000000	DlgCnCReference::On_Destroy	hook for MenuBackdropClass stuff	Code/Commando/dlghelpscreen.cpp;Code/Commando/dlgcncreference.cpp	Canonical HelpScreenDialogClass/CnCReferenceMenuClass already set and restore the IF_HELPLOAD / IF_LVL80LOAD backdrops, and null the pointer where TT leaks on the second activate.	high	merged
tt_4.8.4/tt/tt.cpp	1086	hookAsJump	0x004B60C0,0x00000000	cCsPingRequestEvent::Init	hook cCsPingRequestEvent	Code/Commando/cspingrequestevent.cpp	canonical supersedes: reimplemented in TT only so it had something to hook	high	merged
tt_4.8.4/tt/tt.cpp	1087	hookAsJump	0x004B8010,0x004B77B0	cLoadingEvent::Init	hook cLoadingEvent	Code/Commando/loadingevent.cpp	canonical supersedes: reimplemented in TT only so it had something to hook	high	merged
tt_4.8.4/tt/tt.cpp	1088	hookAsJump	0x006A96C0,0x006A8F60	SurfaceEffectsManager::Apply_Effect	hooks for surfaceeffects.ini	Code/Combat/surfaceeffects.cpp	Canonical SurfaceEffectsManager reads the same ini and is well ahead of TT's (persistent emitters and sounds, permeability, override surface type).	high	merged
tt_4.8.4/tt/tt.cpp	1089	hookAsJump	0x00485560,0x00000000	DlgCnCWinScreen::Update_List	hook for win screen	Code/Commando/dlgcncwinscreen.cpp	merged natively: the local player's row is found by player id rather than by matching the star, which a player with no live game object -- most of them, at the win screen -- never matched	high	merged
tt_4.8.4/tt/tt.cpp	1090	hookAsJump	0x004BC4E0,0x00000000	PingProfileWait::updatePings	hook PingProfileWait	Code/WWOnline/PingProfile.cpp	Canonical PingProfileWait and RecalculatePingProfile cover all five, and index the profile correctly where TT's pre-incremented index skips slot 0.	high	merged
tt_4.8.4/tt/tt.cpp	1091	hookAsJump	0x004BC570,0x00000000	PingProfileWait::getPings	hook PingProfileWait	Code/WWOnline/PingProfile.cpp	Canonical PingProfileWait and RecalculatePingProfile cover all five, and index the profile correctly where TT's pre-incremented index skips slot 0.	high	merged
tt_4.8.4/tt/tt.cpp	1092	hookAsJump	0x004BC6E0,0x00000000	PingProfileWait::Create	hook PingProfileWait	Code/WWOnline/PingProfile.cpp	Canonical PingProfileWait and RecalculatePingProfile cover all five, and index the profile correctly where TT's pre-incremented index skips slot 0.	high	merged
tt_4.8.4/tt/tt.cpp	1093	hookAsJump	0x004BC9B0,0x00000000	PingProfileWait::WaitBeginning	hook PingProfileWait	Code/WWOnline/PingProfile.cpp	Canonical PingProfileWait and RecalculatePingProfile cover all five, and index the profile correctly where TT's pre-incremented index skips slot 0.	high	merged
tt_4.8.4/tt/tt.cpp	1094	hookAsJump	0x004BCAB0,0x00000000	PingProfileWait::HandleNotification	hook PingProfileWait	Code/WWOnline/PingProfile.cpp	Canonical PingProfileWait and RecalculatePingProfile cover all five, and index the profile correctly where TT's pre-incremented index skips slot 0.	high	merged
tt_4.8.4/tt/tt.cpp	1100	hookAsJump	0x00494240,0x00000000	DlgMPConnecting::On_Periodic	hook connecting dialog	Code/Commando/DlgMPConnect.cpp	merged natively: a server whose settings do not check out now says so and unwinds the connection the way a refusal does, instead of only logging and leaving the player at the menu with a half-open connection	high	merged
tt_4.8.4/tt/tt.cpp	1126	hookAsCall	0x00435F3D	Printf_Hook	hook for catching console output	Code/Commando/ConsoleMode.cpp	canonical supersedes: GameEventBus::Raise_Console_Output already fires for every console line; TT's Console_Output_Hook is the scripts-plugin callback, declined under directive 0.5	high	merged
tt_4.8.4/tt/tt.cpp	1128	WriteMemory	0x00435F3D		RenLogMon hook	Code/Commando/ConsoleMode.cpp;Code/Commando/consolefunction.cpp	merged natively: ConsoleModeClass mirrors console output to a UDP listener, configured by rlmon.cfg or the rlmon/rlmonoff console commands	high	merged
tt_4.8.4/tt/tt.cpp	1129	WriteNop	0x00435F3D		RenLogMon hook	Code/Commando/ConsoleMode.cpp;Code/Commando/consolefunction.cpp	merged natively: ConsoleModeClass mirrors console output to a UDP listener, configured by rlmon.cfg or the rlmon/rlmonoff console commands	high	merged
tt_4.8.4/tt/tt.cpp	1130	WriteNop	0x00434C59		stop FDS from loading at startup	Code/Commando/ConsoleMode.cpp	n/a: injection scaffolding. TT nops the FDS auto-start so ttinit decides; natively it is a build and command-line choice	high	n/a
tt_4.8.4/tt/tt.cpp	1131	WriteJump	0x0043911C,0x00439232		Do not load all .mix files at startup	Code/Commando/init.cpp	The data/*.mix scan in init.cpp is the only place a level's mix is ever mounted -- TT can drop it because scripts2.dll mounts maps itself, which is the plugin architecture directive 0.5 declines. Removing it natively needs a lazy per-map mount in the file factory first; recorded as its own work item rather than done here.	high	n/a
tt_4.8.4/tt/tt.cpp	1165	WriteMemory	0x00481D2E		dead powerplant 2x cost disable	Code/Commando/vendor.cpp;Code/Commando/dlgcncpurchasemainmenu.cpp;Code/Commando/dlgcncpurchasemenu.cpp	Code/Commando/vendor.cpp;Code/Commando/dlgcncpurchasemainmenu.cpp;Code/Commando/dlgcncpurchasemenu.cpp behind TTSettingsClass::DisableCostMultiplier	high	merged
tt_4.8.4/tt/tt.cpp	1166	WriteMemory	0x0047EEA6		dead powerplant 2x cost disable	Code/Commando/vendor.cpp;Code/Commando/dlgcncpurchasemainmenu.cpp;Code/Commando/dlgcncpurchasemenu.cpp	Code/Commando/vendor.cpp;Code/Commando/dlgcncpurchasemainmenu.cpp;Code/Commando/dlgcncpurchasemenu.cpp behind TTSettingsClass::DisableCostMultiplier	high	merged
tt_4.8.4/tt/tt.cpp	1174	WriteMemory	0x0062D019		make vehicles not die when they flip over	Code/wwphys/vehiclephys.cpp	Code/wwphys/vehiclephys.cpp behind TTSettingsClass::DisableVehicleFlipKill	high	merged
tt_4.8.4/tt/tt.cpp	1178	WriteMemory	0x0062C8B9		make vehicles not die when they flip over	Code/wwphys/vehiclephys.cpp	Code/wwphys/vehiclephys.cpp behind TTSettingsClass::DisableVehicleFlipKill	high	merged
tt_4.8.4/tt/tt.cpp	1183	hookNop	0x004261E2,0x004261E2		remove MSG console command	Code/Commando/consolefunction.cpp	canonical supersedes: TT removes the stock msg command only to install its own CommandMSG from the scripts console, declined under directive 0.5	high	merged
tt_4.8.4/tt/tt.cpp	1186	hookAsCall	0x00670A13,0x006702B3	DoUnloadLevel	unload level hook	Code/Combat/combat.cpp	n/a: injection scaffolding. DoUnloadLevel frees TT's own per-level state (its map file factory and soldier-name strings) and calls the WWPhys::Shutdown it nopped out of the exe	high	n/a
tt_4.8.4/tt/tt.cpp	1187	WriteMemory			disable cDonateEvent	Code/Commando/donateevent.cpp	canonical supersedes: Act checks same team, minimum donation and that the donor has the money. TT only drops it because scripts reimplements donations	high	merged
tt_4.8.4/tt/tt.cpp	1188	WriteMemory			disable cConsoleCommandEvent	Code/Commando/consolecommandevent.cpp	merged natively: the client no longer runs console commands a server pushes at it; every legitimate server instruction has an event of its own	high	merged
tt_4.8.4/tt/tt.cpp	1189	WriteMemory			disable cCsConsoleCommandEvent	Code/Commando/csconsolecommandevent.cpp	merged natively: the event now carries a sender and the server runs the command only for a client it has marked invulnerable -- previously any client could run any console command on the server	high	merged
tt_4.8.4/tt/tt.cpp	1190	WriteMemory			disable cMoneyEvent	Code/Commando/moneyevent.cpp	canonical supersedes: Act already honours it only for a player the server marked invulnerable	high	merged
tt_4.8.4/tt/tt.cpp	1191	WriteMemory			disable cRequestKillEvent	Code/Commando/requestkillevent.cpp	merged natively: same sender gate -- previously any client could delete any network object by id	high	merged
tt_4.8.4/tt/tt.cpp	1192	WriteMemory			disable cScoreEvent	Code/Commando/scoreevent.cpp	canonical supersedes: same invulnerable gate as cMoneyEvent	high	merged
tt_4.8.4/tt/tt.cpp	1193	WriteMemory			disable cWarpEvent	Code/Commando/warpevent.cpp	merged natively: same sender gate -- previously any client could teleport itself to any player	high	merged
tt_4.8.4/tt/tt.cpp	1194	hookAsCall	0x006F1944,0x006F0F04	Do_Powerup_Sound	powerup sound patch	Code/Combat/powerup.cpp;Code/Combat/powerup.h	merged natively: PowerUpGameObj exports its state in the rare update, so the client runs Set_State and plays the grant sound and animation; TT's scripts text channel is not reintroduced	high	merged
tt_4.8.4/tt/tt.cpp	1195	hookAsCall	0x006F0EDA,0x006F049A	Weapon_Patch	send weapon powerup grant over network change	Code/Combat/vehicle.cpp	merged natively: VehicleGameObj::Export_Rare/Import_Rare carry the weapon list, as the soldier already did. A weapon granted to a vehicle server-side used to leave every client holding the original one	high	merged
tt_4.8.4/tt/tt.cpp	1198	WriteMemory			faster map load change	Code/Commando/combatgmode.cpp	merged natively: the .dep preload is off. It forced every asset a level references into the manager before the level started, which mattered when they came off a CD; the manager loads on demand anyway	high	merged
tt_4.8.4/tt/tt.cpp	1199	WriteMemory			faster map load change	Code/Commando/combatgmode.cpp	merged natively: the .dep preload is off. It forced every asset a level references into the manager before the level started, which mattered when they came off a CD; the manager loads on demand anyway	high	merged
tt_4.8.4/tt/tt.cpp	1200	hookNop	0x00438B01,0x00438BA6		logcopy change	Code/Commando/init.cpp	merged natively: the log copy defaulted to a UNC share on Westwood's network, and the caller waits five seconds for it, so any start with a crash flag set stalled. With no LogPath configured it now returns	high	merged
tt_4.8.4/tt/tt.cpp	1202	hookAsJump	0x0070CE40,0x0070C400	C4GameObj::Export_Rare	C4 getting stuck to repair bay arc fix	Code/Combat/c4.cpp:679	exact-def	high	open
tt_4.8.4/tt/tt.cpp	1203	hookAsJump	0x00723E50,0x00723410	BuildingAggregateDefClass::Load	repair bay fixes	Code/Combat/repairbaygameobj.cpp;Code/Combat/buildingaggregate.cpp	Code/Combat/repairbaygameobj.cpp CnC_Initialize builds the effect aggregate for multiplayer maps from the definition BuildingAggregateDefClass::Load now keeps; substring name test; arcs only at damaged vehicles	high	merged
tt_4.8.4/tt/tt.cpp	1204	hookAsJump	0x007409D0,0x00740270	RepairBayGameObj::CnC_Initialize	repair bay fixes	Code/Combat/repairbaygameobj.cpp;Code/Combat/buildingaggregate.cpp	Code/Combat/repairbaygameobj.cpp CnC_Initialize builds the effect aggregate for multiplayer maps from the definition BuildingAggregateDefClass::Load now keeps; substring name test; arcs only at damaged vehicles	high	merged
tt_4.8.4/tt/tt.cpp	1205	hookAsJump	0x00740DD0,0x00740670	RepairBayGameObj::Think	repair bay fixes	Code/Combat/repairbaygameobj.cpp;Code/Combat/buildingaggregate.cpp	Code/Combat/repairbaygameobj.cpp CnC_Initialize builds the effect aggregate for multiplayer maps from the definition BuildingAggregateDefClass::Load now keeps; substring name test; arcs only at damaged vehicles	high	merged
tt_4.8.4/tt/tt.cpp	1206	hookAsJump	0x006EE1A0,0x006ED760	VehicleFactoryGameObj::Request_Vehicle	harvester spawns invisible after nod power plant is down fix	Code/Combat/airstripgameobj.cpp	The delivery cinematic start is clamped so it finishes inside the definition's total building time, which is the window the factory still tracks GeneratingVehicleID for. TT instead pins the requested generation time to 5s; same outcome, at the site that owns the scheduling.	high	merged
tt_4.8.4/tt/tt.cpp	1207	hookAsJump	0x006EDFB0,0x006ED570	VehicleFactoryGameObj::Think	harvester spawns invisible after nod power plant is down fix	Code/Combat/airstripgameobj.cpp	The delivery cinematic start is clamped so it finishes inside the definition's total building time, which is the window the factory still tracks GeneratingVehicleID for. TT instead pins the requested generation time to 5s; same outcome, at the site that owns the scheduling.	high	merged
tt_4.8.4/tt/tt.cpp	1208	hookAsJump	0x006D9660,0x006D8F00	DamageableGameObj::Import_Occasional	fix for harvester under attack sounds not playing	Code/Combat/damageablegameobj.cpp;Code/Combat/harvester.cpp	Canonical Import_Occasional already notifies observers of damage and death, and HarvesterClass::Damaged is ahead of TT's (friendly-fire filtering, suppresses the damage report on a killing blow).	high	merged
tt_4.8.4/tt/tt.cpp	1209	hookAsJump	0x006A6620,0x006A5EC0	PhysicalGameObj::Export_Rare	animation fixes and Set_Model fixes	Code/Combat/physicalgameobj.cpp;Code/Combat/vehicle.cpp;Code/Combat/soldier.cpp	Code/Combat/physicalgameobj.cpp -- Re_Bind_To_Model virtual with vehicle and soldier overrides, Import_Rare creates the anim controller, Set_Animation can clear	high	merged
tt_4.8.4/tt/tt.cpp	1210	hookAsJump	0x006A6810,0x006A60B0	PhysicalGameObj::Import_Rare	animation fixes and Set_Model fixes	Code/Combat/physicalgameobj.cpp;Code/Combat/vehicle.cpp;Code/Combat/soldier.cpp	Code/Combat/physicalgameobj.cpp -- Re_Bind_To_Model virtual with vehicle and soldier overrides, Import_Rare creates the anim controller, Set_Animation can clear	high	merged
tt_4.8.4/tt/tt.cpp	1211	hookAsJump	0x006A5C60,0x006A5500	PhysicalGameObj::Set_Animation	animation fixes and Set_Model fixes	Code/Combat/physicalgameobj.cpp;Code/Combat/vehicle.cpp;Code/Combat/soldier.cpp	Code/Combat/physicalgameobj.cpp -- Re_Bind_To_Model virtual with vehicle and soldier overrides, Import_Rare creates the anim controller, Set_Animation can clear	high	merged
tt_4.8.4/tt/tt.cpp	1212	hookAsJump	0x0076A0C0,0x00769960	HarvesterClass::Action_Complete	harvester harvesting arms animation fix	Code/Combat/harvester.cpp;Code/Combat/refinerygameobj.cpp	Harvest animation name derived from the vehicle's htree instead of a hard-coded Nod one; re-entrancy guards on Go_Unload_Tiberium/Unload_Tiberium.	high	merged
tt_4.8.4/tt/tt.cpp	1213	hookAsJump	0x0076A1A0,0x00769A40	HarvesterClass::Think	harvester harvesting arms animation fix	Code/Combat/harvester.cpp;Code/Combat/refinerygameobj.cpp	Harvest animation name derived from the vehicle's htree instead of a hard-coded Nod one; re-entrancy guards on Go_Unload_Tiberium/Unload_Tiberium.	high	merged
tt_4.8.4/tt/tt.cpp	1214	hookAsJump	0x006F3620,0x006F2BE0	WeaponBagClass::~WeaponBagClass	weapon bag class fixes	Code/Combat/weaponbag.cpp	Code/Combat/weaponbag.cpp -- cycling skips empty weapons, Remove_Weapon repairs the selection, Import_Weapon_List removes what the server dropped; e3b8988a	high	merged
tt_4.8.4/tt/tt.cpp	1215	typedHookAsJump	0x006F3A40,0x006F3000	WeaponBagClass::Add_Weapon	weapon bag class fixes	Code/Combat/weaponbag.cpp	Code/Combat/weaponbag.cpp -- cycling skips empty weapons, Remove_Weapon repairs the selection, Import_Weapon_List removes what the server dropped; e3b8988a	high	merged
tt_4.8.4/tt/tt.cpp	1216	hookAsJump	0x006F3990,0x006F2F50	WeaponBagClass::Clear_Weapons	weapon bag class fixes	Code/Combat/weaponbag.cpp	Code/Combat/weaponbag.cpp -- cycling skips empty weapons, Remove_Weapon repairs the selection, Import_Weapon_List removes what the server dropped; e3b8988a	high	merged
tt_4.8.4/tt/tt.cpp	1217	hookAsJump	0x006F4160,0x006F3720	WeaponBagClass::Deselect	weapon bag class fixes	Code/Combat/weaponbag.cpp	Code/Combat/weaponbag.cpp -- cycling skips empty weapons, Remove_Weapon repairs the selection, Import_Weapon_List removes what the server dropped; e3b8988a	high	merged
tt_4.8.4/tt/tt.cpp	1218	hookAsJump	0x006F4280,0x006F3840	WeaponBagClass::Export_Weapon_List	weapon bag class fixes	Code/Combat/weaponbag.cpp	Code/Combat/weaponbag.cpp -- cycling skips empty weapons, Remove_Weapon repairs the selection, Import_Weapon_List removes what the server dropped; e3b8988a	high	merged
tt_4.8.4/tt/tt.cpp	1219	hookAsJump	0x006F41B0,0x006F3770	WeaponBagClass::Import_Weapon_List	weapon bag class fixes	Code/Combat/weaponbag.cpp	Code/Combat/weaponbag.cpp -- cycling skips empty weapons, Remove_Weapon repairs the selection, Import_Weapon_List removes what the server dropped; e3b8988a	high	merged
tt_4.8.4/tt/tt.cpp	1220	hookAsJump	0x006F3930,0x006F2EF0	WeaponBagClass::Remove_Weapon	weapon bag class fixes	Code/Combat/weaponbag.cpp	Code/Combat/weaponbag.cpp -- cycling skips empty weapons, Remove_Weapon repairs the selection, Import_Weapon_List removes what the server dropped; e3b8988a	high	merged
tt_4.8.4/tt/tt.cpp	1221	hookAsJump	0x006F4100,0x006F36C0	WeaponBagClass::Select_Index	weapon bag class fixes	Code/Combat/weaponbag.cpp	Code/Combat/weaponbag.cpp -- cycling skips empty weapons, Remove_Weapon repairs the selection, Import_Weapon_List removes what the server dropped; e3b8988a	high	merged
tt_4.8.4/tt/tt.cpp	1222	hookAsJump	0x006F3CA0,0x006F3260	WeaponBagClass::Select_Next	weapon bag class fixes	Code/Combat/weaponbag.cpp	Code/Combat/weaponbag.cpp -- cycling skips empty weapons, Remove_Weapon repairs the selection, Import_Weapon_List removes what the server dropped; e3b8988a	high	merged
tt_4.8.4/tt/tt.cpp	1223	hookAsJump	0x006F3D30,0x006F32F0	WeaponBagClass::Select_Prev	weapon bag class fixes	Code/Combat/weaponbag.cpp	Code/Combat/weaponbag.cpp -- cycling skips empty weapons, Remove_Weapon repairs the selection, Import_Weapon_List removes what the server dropped; e3b8988a	high	merged
tt_4.8.4/tt/tt.cpp	1224	hookAsJump	0x006F4080,0x006F3640	WeaponBagClass::Select_Weapon	weapon bag class fixes	Code/Combat/weaponbag.cpp	Code/Combat/weaponbag.cpp -- cycling skips empty weapons, Remove_Weapon repairs the selection, Import_Weapon_List removes what the server dropped; e3b8988a	high	merged
tt_4.8.4/tt/tt.cpp	1225	hookAsJump	0x006F3ED0,0x006F3490	WeaponBagClass::Select_Weapon_ID	weapon bag class fixes	Code/Combat/weaponbag.cpp	Code/Combat/weaponbag.cpp -- cycling skips empty weapons, Remove_Weapon repairs the selection, Import_Weapon_List removes what the server dropped; e3b8988a	high	merged
tt_4.8.4/tt/tt.cpp	1226	hookAsJump	0x006F3F60,0x006F3520	WeaponBagClass::Select_Weapon_Name	weapon bag class fixes	Code/Combat/weaponbag.cpp	Code/Combat/weaponbag.cpp -- cycling skips empty weapons, Remove_Weapon repairs the selection, Import_Weapon_List removes what the server dropped; e3b8988a	high	merged
tt_4.8.4/tt/tt.cpp	1227	hookAsJump	0x006A2570,0x006A1E10	SpawnManager::Get_Multiplayer_Spawn_Location	randomize spawning points	Code/Combat/spawn.cpp	merged natively: Get_Multiplayer_Spawn_Location collects the clear spawners and picks uniformly, instead of picking one and walking the list forward when it was blocked	high	merged
tt_4.8.4/tt/tt.cpp	1228	hookAsJump	0x0069EDD0,0x0069E670	SmartGameObj::Export_Frequent	send stealth state over the network	Code/Combat/smartgameobj.cpp	merged natively: SmartGameObj::Export_Frequent/Import_Frequent carry StealthEnabled; TT's >=4.0 version guard is not needed on a single-version wire	high	merged
tt_4.8.4/tt/tt.cpp	1229	hookAsJump	0x0069ED60,0x0069E600	SmartGameObj::Import_Frequent	send stealth state over the network	Code/Combat/smartgameobj.cpp	merged natively: SmartGameObj::Export_Frequent/Import_Frequent carry StealthEnabled; TT's >=4.0 version guard is not needed on a single-version wire	high	merged
tt_4.8.4/tt/tt.cpp	1230	hookAsCall	0x0060796A,0x0060720A	Bluehell_Fix	bluehell fix	Code/WWMath/colmathobbobb.cpp	Code/WWMath/colmathobbobb.cpp -- ObbCollisionStruct::Side initialised in the ctor, which is the owner; TT patches three pscene call sites because it cannot touch the struct; 13bb9df3	high	merged
tt_4.8.4/tt/tt.cpp	1231	hookAsCall	0x00607B45,0x006073E5	Bluehell_Fix	bluehell fix	Code/WWMath/colmathobbobb.cpp	Code/WWMath/colmathobbobb.cpp -- ObbCollisionStruct::Side initialised in the ctor, which is the owner; TT patches three pscene call sites because it cannot touch the struct; 13bb9df3	high	merged
tt_4.8.4/tt/tt.cpp	1232	hookAsCall	0x00607D25,0x006075C5	Bluehell_Fix	bluehell fix	Code/WWMath/colmathobbobb.cpp	Code/WWMath/colmathobbobb.cpp -- ObbCollisionStruct::Side initialised in the ctor, which is the owner; TT patches three pscene call sites because it cannot touch the struct; 13bb9df3	high	merged
tt_4.8.4/tt/tt.cpp	1233	typedHookAsJump	0x006EF730,0x006EECF0	BaseControllerClass::Distribute_Funds_To_Each_Teammate	fix distributing of cash	Code/Combat/basecontroller.cpp;Code/Combat/refinerygameobj.cpp	Funds are a float end to end; the int parameter truncated the per-frame unload trickle to zero and paid an unpowered base's per-second trickle nothing. Not merged: TT also pays players with no live soldier by walking cPlayerManager, which would make Combat depend on Commando.	high	merged
tt_4.8.4/tt/tt.cpp	1234	hookAsJump	0x004BB530,0x004BAD30	cWinEvent::Init	join after server is gameovered fix	Code/Commando/winevent.cpp;Code/Commando/bioevent.cpp	merged natively: cWinEvent::Init takes a target_client_id, dirties creation for that client only and skips Act() on the host; bioevent stops passing the joiner as the loser	high	merged
tt_4.8.4/tt/tt.cpp	1235	hookAsJump	0x006EE210,0x006ED7D0	VehicleFactoryGameObj::Destroy_Blocking_Objects	weapons factory construction zone fix	Code/Combat/vehiclefactorygameobj.cpp	Narrow-phase PhysOBBoxIntersectionTestClass before applying the pad-clearing warhead; Collect_Objects is a culling query, not an intersection.	high	merged
tt_4.8.4/tt/tt.cpp	1236	hookAsJump	0x00689EE0,0x00689780	DefenseObjectClass::Apply_Damage	Anti cheat: move damage calculation to server	Code/Combat/damage.cpp	Canonical DefenseObjectClass::Apply_Damage already arbitrates client vs server damage with the same has_client/my_client rule, and keeps the cCsDamageEvent::Get_Are_Clients_Trusted switch TT dropped.	high	merged
tt_4.8.4/tt/tt.cpp	1237	hookAsJump	0x004B99F0,0x004B91F0	cScTextObj::Init	chat message sent patch	Code/Commando/sctextobj.cpp;Code/Commando/cstextobj.cpp	Code/Commando/sctextobj.cpp;cstextobj.cpp -- import buffers raised to 512 to match what the uncapped senders produce. The rest of TT's cScTextObj/cCsTextObj matches canon, which is ahead: FloodProtectionMgrClass and GameEventBus::Raise_Chat have no TT counterpart	high	merged
tt_4.8.4/tt/tt.cpp	1238	hookAsJump	0x004B6510,0x004B5D10	cCsTextObj::Import_Creation	chat message sent patch	Code/Commando/sctextobj.cpp;Code/Commando/cstextobj.cpp	Code/Commando/sctextobj.cpp;cstextobj.cpp -- import buffers raised to 512 to match what the uncapped senders produce. The rest of TT's cScTextObj/cCsTextObj matches canon, which is ahead: FloodProtectionMgrClass and GameEventBus::Raise_Chat have no TT counterpart	high	merged
tt_4.8.4/tt/tt.cpp	1239	hookAsJump	0x004BA680,0x004B9E80	cScTextObj::Export_Creation	chat message sent patch	Code/Commando/sctextobj.cpp;Code/Commando/cstextobj.cpp	Code/Commando/sctextobj.cpp;cstextobj.cpp -- import buffers raised to 512 to match what the uncapped senders produce. The rest of TT's cScTextObj/cCsTextObj matches canon, which is ahead: FloodProtectionMgrClass and GameEventBus::Raise_Chat have no TT counterpart	high	merged
tt_4.8.4/tt/tt.cpp	1240	hookAsJump	0x004B8B00,0x004B8300	cPurchaseRequestEvent::Act	fix you cant use a PT inside a vehicle	Code/Commando/purchaserequestevent.cpp	The server rejects a purchase request from a player who is in a vehicle, and answers PERR_NO_FACTORY rather than TT's silent return, which leaves the client's terminal pending.	high	merged
tt_4.8.4/tt/tt.cpp	1241	hookAsJump	0x004B8B00,0x004B8300	cPurchaseRequestEvent::Act	fix you cant use a PT inside a vehicle	Code/Commando/purchaserequestevent.cpp	The server rejects a purchase request from a player who is in a vehicle, and answers PERR_NO_FACTORY rather than TT's silent return, which leaves the client's terminal pending.	high	merged
tt_4.8.4/tt/tt.cpp	1242	hookAsJump	0x0070C3B0,0x0070B970	C4GameObj::Think	fix invisible C4 on vehicles and proximity C4 blowing up when placed next to dead enemy soldiers	Code/Combat/c4.cpp	Code/Combat/c4.cpp -- Update_Visibility_Status before the server-only early return, dead soldiers skipped in the proximity scan	high	merged
tt_4.8.4/tt/tt.cpp	1243	typedHookAsJump	0x00720C10,0x007201D0	ExplosionManager::Create_Explosion_At	cli: faster speed on explosions	Code/Combat/explosion.cpp	merged natively: the damage walk is server-only (an explosion offense leaves EnableClientDamage false, so every client hit was dead work) and the decal/sound/shake are client-only	high	merged
tt_4.8.4/tt/tt.cpp	1244	hookAsJump	0x006C96D0,0x006C8F70	SoldierGameObj::Apply_Control	SoldierGameObj hooks	Code/Combat/soldier.cpp	Canonical supersedes the reimplementation (Apply_Damage already routes through Apply_Damage_IgnoreVehicleCheck, the control/import/export tiers match). Two TT-forward deltas merged: Set_Animation and Set_Blended_Animation refuse while the soldier is in DEATH/DESTROY, and Set_Animation now honours the start frame and sets the mode.	high	merged
tt_4.8.4/tt/tt.cpp	1245	hookAsJump	0x0069EF20,0x0069E7C0	SmartGameObj::Apply_Control	Stop the client from using weapons he doesnt own	Code/Combat/weaponbag.cpp	Selection already requires Does_Weapon_Exist (and, since the weapon-bag work, Is_Weapon_Selectable), so a client cannot select what it does not hold.	high	merged
tt_4.8.4/tt/tt.cpp	1246	hookAsJump	0x0069EE10,0x0069E6B0	SmartGameObj::Generate_Control	obelisk walk	Code/Combat/physicalgameobj.cpp;Code/Combat/soldier.cpp	Code/Combat/physicalgameobj.cpp;Code/Combat/soldier.cpp -- bullseye is a bone (target / C SPINE1 / V_FUSELAGE); 13bb9df3. SmartGameObj::Generate_Control adds only TT's ActionClass::_acting flag, which nothing outside the scripts DLL reads -- declined per directive 0.5	high	merged
tt_4.8.4/tt/tt.cpp	1247	hookAsJump	0x006A53D0,0x006A4C70	PhysicalGameObj::Get_Bullseye_Position	obelisk walk	Code/Combat/physicalgameobj.cpp;Code/Combat/soldier.cpp	Code/Combat/physicalgameobj.cpp;Code/Combat/soldier.cpp -- bullseye is a bone (target / C SPINE1 / V_FUSELAGE); 13bb9df3. SmartGameObj::Generate_Control adds only TT's ActionClass::_acting flag, which nothing outside the scripts DLL reads -- declined per directive 0.5	high	merged
tt_4.8.4/tt/tt.cpp	1248	hookAsJump	0x006CE6E0,0x006CDF80	SoldierGameObj::Get_Bullseye_Position	obelisk walk	Code/Combat/physicalgameobj.cpp;Code/Combat/soldier.cpp	Code/Combat/physicalgameobj.cpp;Code/Combat/soldier.cpp -- bullseye is a bone (target / C SPINE1 / V_FUSELAGE); 13bb9df3. SmartGameObj::Generate_Control adds only TT's ActionClass::_acting flag, which nothing outside the scripts DLL reads -- declined per directive 0.5	high	merged
tt_4.8.4/tt/tt.cpp	1249	hookAsJump	0x006C7100,0x006C69A0	SoldierGameObj::Copy_Settings	fix for humananimoverride issue	Code/Combat/soldier.cpp	Copy_Settings clears the anim override and loiter collection when the new definition names none.	high	merged
tt_4.8.4/tt/tt.cpp	1250	hookAsJump	0x00406640,0x00406640	cGod::Create_Player	player join hook	Code/Commando/god.cpp	canonical supersedes: Create_Player does the same rejoin handling, team choice and object update. TT's additions are DoPlayerJoin2 (a plugin notification) and the ModReg data send, both declined under directive 0.5	high	merged
tt_4.8.4/tt/tt.cpp	1251	hookAsJump	0x006C8070,0x006C7910	SoldierGameObj::Collision_Occurred	unsquishable solider patch	Code/Combat/soldier.cpp	SoldierGameObj::Is_Squishable gates the squish on TTSettingsClass::Unsquishable and the four exempt armour ids.	high	merged
tt_4.8.4/tt/tt.cpp	1252	hookAsJump	0x0066E3F0,0x0066DC90	File_Exists	Fix memory leak in cMiscUtil::File_Exists	Code/wwutil/miscutil.cpp	merged natively: the success path returned before Return_File	high	merged
tt_4.8.4/tt/tt.cpp	1253	hookAsJump	0x0076A180,0x00769A20	HarvesterClass::Detach	Fix to not leak HarvesterClass objects	Code/Combat/harvester.cpp	Detach registers the observer for deletion with GameObjObserverManager, which is safe inside the detach walk (TT deletes on the spot).	high	merged
tt_4.8.4/tt/tt.cpp	1254	hookAsJump	0x00428B50,0x00428CD0	Print_Hook	Fix printf issue	Code/Commando/consolefunction.cpp;Code/Commando/comnetrcvinst.cpp;Code/Commando/ConsoleMode.cpp	merged natively: five sites handed already-formatted text to a function whose first parameter is a format string, and Static_Print_Maybe dropped its arguments outright; all now pass through %s	high	merged
tt_4.8.4/tt/tt.cpp	1255	hookAsJump	0x00425E20,0x00425E20	Print_Hook	Fix printf issue	Code/Commando/consolefunction.cpp;Code/Commando/comnetrcvinst.cpp;Code/Commando/ConsoleMode.cpp	merged natively: five sites handed already-formatted text to a function whose first parameter is a format string, and Static_Print_Maybe dropped its arguments outright; all now pass through %s	high	merged
tt_4.8.4/tt/tt.cpp	1256	hookAsJump	0x006FAD80,0x006FA340	WeaponClass::Select	better scope code	Code/Combat/weapons.cpp;Code/Combat/scopemgr.cpp;Code/Combat/sniper.cpp;Code/Combat/ccamera.cpp	merged natively: ScopeMgrClass reads scopes.cfg in TT's own format; WeaponClass::Apply_Scope/Remove_Scope swap SniperHUDClass::Set_Scope_Texture and CCameraClass::Set_Sniper_Zoom_Range for the local player's scoped weapon	high	merged
tt_4.8.4/tt/tt.cpp	1257	hookAsJump	0x006FADA0,0x006FA360	WeaponClass::Deselect	better scope code	Code/Combat/weapons.cpp;Code/Combat/scopemgr.cpp;Code/Combat/sniper.cpp;Code/Combat/ccamera.cpp	merged natively: ScopeMgrClass reads scopes.cfg in TT's own format; WeaponClass::Apply_Scope/Remove_Scope swap SniperHUDClass::Set_Scope_Texture and CCameraClass::Set_Sniper_Zoom_Range for the local player's scoped weapon	high	merged
tt_4.8.4/tt/tt.cpp	1258	hookAsJump	0x0069E520,0x0069DDC0	SmartGameObj::Init	stealth code	Code/Combat/smartgameobj.cpp;Code/Combat/weaponview.cpp	Code/Combat/smartgameobj.cpp Free_Stealth_Effect detaches before releasing, WeaponViewClass::Remove_Effect_From_Hands added; the rest of TT's SmartGameObj is its reimplementation of stock	high	merged
tt_4.8.4/tt/tt.cpp	1259	hookAsJump	0x0069E6F0,0x0069DF90	SmartGameObj::Re_Init	stealth code	Code/Combat/smartgameobj.cpp;Code/Combat/weaponview.cpp	Code/Combat/smartgameobj.cpp Free_Stealth_Effect detaches before releasing, WeaponViewClass::Remove_Effect_From_Hands added; the rest of TT's SmartGameObj is its reimplementation of stock	high	merged
tt_4.8.4/tt/tt.cpp	1260	hookAsJump	0x0069F200,0x0069EAA0	SmartGameObj::Think	stealth code	Code/Combat/smartgameobj.cpp;Code/Combat/weaponview.cpp	Code/Combat/smartgameobj.cpp Free_Stealth_Effect detaches before releasing, WeaponViewClass::Remove_Effect_From_Hands added; the rest of TT's SmartGameObj is its reimplementation of stock	high	merged
tt_4.8.4/tt/tt.cpp	1261	hookAsJump	0x0069EA20,0x0069E2C0	SmartGameObj::Load	stealth code	Code/Combat/smartgameobj.cpp;Code/Combat/weaponview.cpp	Code/Combat/smartgameobj.cpp Free_Stealth_Effect detaches before releasing, WeaponViewClass::Remove_Effect_From_Hands added; the rest of TT's SmartGameObj is its reimplementation of stock	high	merged
tt_4.8.4/tt/tt.cpp	1262	hookAsJump	0x0069F530,0x0069EDD0	SmartGameObj::Apply_Damage	SmartGameObj hooks	Code/Combat/smartgameobj.cpp	canonical supersedes: Apply_Damage is identical -- damage above zero breaks the stealth effect	high	merged
tt_4.8.4/tt/tt.cpp	1264	hookAsJump	0x004B6410,0x004B5C10	cCsTextObj::Act	chat message sent patch	Code/Commando/sctextobj.cpp;Code/Commando/cstextobj.cpp	Code/Commando/sctextobj.cpp;cstextobj.cpp -- import buffers raised to 512 to match what the uncapped senders produce. The rest of TT's cScTextObj/cCsTextObj matches canon, which is ahead: FloodProtectionMgrClass and GameEventBus::Raise_Chat have no TT counterpart	high	merged
tt_4.8.4/tt/tt.cpp	1265	hookAsJump	0x0061C9C0,0x0061C260	PacketManagerClass::Get_Packet	UDP flood fix	Code/wwnet/packetmgr.cpp:1154	exact-def	high	merged
tt_4.8.4/tt/tt.cpp	1266	hookAsJump	0x006D97D0,0x006D9070	DamageableGameObj::Set_Player_Type	Send player type over network fix	Code/Combat/physicalgameobj.cpp	Canonical Set_Player_Type already marks BIT_RARE and PhysicalGameObj::Export_Rare already sends the player type (and the hidden flag).	high	merged
tt_4.8.4/tt/tt.cpp	1268	hookAsJump	0x00418D00,0x00418D00	cPlayerManager::Load	cPlayerManager hooks for player titles	Code/Commando/playermanager.cpp	TT's additions to Add/Remove/Load are notifications into its own observer API so scripts2.dll can decorate names; declined per directive 0.5. Canonical Add/Remove/Load are otherwise equivalent.	high	n/a
tt_4.8.4/tt/tt.cpp	1269	hookAsJump	0x00416270,0x00416270	cPlayerManager::Add	cPlayerManager hooks for player titles	Code/Commando/playermanager.cpp	TT's additions to Add/Remove/Load are notifications into its own observer API so scripts2.dll can decorate names; declined per directive 0.5. Canonical Add/Remove/Load are otherwise equivalent.	high	n/a
tt_4.8.4/tt/tt.cpp	1270	hookAsJump	0x00416300,0x00416300	cPlayerManager::Remove	cPlayerManager hooks for player titles	Code/Commando/playermanager.cpp	TT's additions to Add/Remove/Load are notifications into its own observer API so scripts2.dll can decorate names; declined per directive 0.5. Canonical Add/Remove/Load are otherwise equivalent.	high	n/a
tt_4.8.4/tt/tt.cpp	1272	hookAsJump	0x0061DA30,0x0061D2D0	cRemoteHost::Init_Stats	netcode fixups	Code/wwnet/rhost.cpp:100	exact-def	high	merged
tt_4.8.4/tt/tt.cpp	1273	hookAsJump	0x0061E510,0x0061DDB0	cRemoteHost::Adjust_Resend_Timeout	netcode fixups	Code/wwnet/rhost.cpp:671	exact-def	high	merged
tt_4.8.4/tt/tt.cpp	1277	hookAsJump	0x006183B0,0x00617C50	cConnection::Init_Stats	cConnection hooks	Code/wwnet/connect.cpp:248	exact-def	high	merged
tt_4.8.4/tt/tt.cpp	1278	hookAsJump	0x00618440,0x00617CE0	cConnection::_Init_As_Client_1	cConnection hooks	Code/wwnet/connect.h:99	class-only: TT adds method _Init_As_Client_1	medium	merged
tt_4.8.4/tt/tt.cpp	1279	hookAsJump	0x006185D0,0x00617E70	cConnection::_Init_As_Client_2	cConnection hooks	Code/wwnet/connect.h:99	class-only: TT adds method _Init_As_Client_2	medium	merged
tt_4.8.4/tt/tt.cpp	1280	hookAsJump	0x00618630,0x00617ED0	cConnection::Init_As_Server	cConnection hooks	Code/wwnet/connect.cpp:332	call-site-only: declared in a header, no out-of-line body	medium	merged
tt_4.8.4/tt/tt.cpp	1281	hookAsJump	0x006187D0,0x00618070	cConnection::Bind	cConnection hooks	Code/wwnet/connect.cpp:390	exact-def	high	merged
tt_4.8.4/tt/tt.cpp	1283	hookAsJump	0x006188C0,0x00618160	cConnection::Sender_Id_Tests	cConnection hooks	Code/wwnet/connect.cpp:442	exact-def	high	merged
tt_4.8.4/tt/tt.cpp	1284	hookAsJump	0x00618930,0x006181D0	cConnection::Calculate_Packet_Bits	cConnection hooks	Code/wwnet/connect.cpp:509	exact-def	high	merged
tt_4.8.4/tt/tt.cpp	1285	hookAsJump	0x00618960,0x00618200	cConnection::Set_Packet_Loss	cConnection hooks	Code/wwnet/connect.cpp:549	exact-def	high	merged
tt_4.8.4/tt/tt.cpp	1286	hookAsJump	0x00618990,0x00618230	cConnection::Set_Packet_Duplication	cConnection hooks	Code/wwnet/connect.cpp:565	exact-def	high	merged
tt_4.8.4/tt/tt.cpp	1287	hookAsJump	0x006189C0,0x00618260	cConnection::Set_Packet_Latency_Range	cConnection hooks	Code/wwnet/connect.cpp:585	exact-def	high	merged
tt_4.8.4/tt/tt.cpp	1288	hookAsJump	0x006189E0,0x00618280	cConnection::Single_Player_recvfrom	cConnection hooks	Code/wwnet/connect.cpp:596	exact-def	high	merged
tt_4.8.4/tt/tt.cpp	1289	hookAsJump	0x00618A60,0x00618300	cConnection::Receive_Packet	cConnection hooks	Code/wwnet/connect.cpp:640	exact-def	high	merged
tt_4.8.4/tt/tt.cpp	1290	hookAsJump	0x00618F80,0x00618820	cConnection::Process_Connection_Request	cConnection hooks	Code/wwnet/connect.cpp:1049	exact-def	high	merged
tt_4.8.4/tt/tt.cpp	1291	hookAsJump	0x00619250,0x00618AF0	cConnection::Single_Player_sendto	cConnection hooks	Code/wwnet/connect.cpp:1123	exact-def	high	merged
tt_4.8.4/tt/tt.cpp	1292	hookAsJump	0x00619350,0x00618BF0	cConnection::Address_To_Rhostid	cConnection hooks	Code/wwnet/connect.cpp:1146	exact-def	high	merged
tt_4.8.4/tt/tt.cpp	1293	hookAsJump	0x006193B0,0x00618C50	cConnection::Low_Level_Send_Wrapper	cConnection hooks	Code/wwnet/connect.cpp:1175	exact-def	high	merged
tt_4.8.4/tt/tt.cpp	1294	hookAsJump	0x00619510,0x00618DB0	cConnection::_Send_Wrapper_1	cConnection hooks	Code/wwnet/connect.h:99	class-only: TT adds method _Send_Wrapper_1	medium	merged
tt_4.8.4/tt/tt.cpp	1295	hookAsJump	0x006196F0,0x00618F90	cConnection::_Send_Wrapper_2	cConnection hooks	Code/wwnet/connect.h:99	class-only: TT adds method _Send_Wrapper_2	medium	merged
tt_4.8.4/tt/tt.cpp	1296	hookAsJump	0x006198E0,0x00619180	cConnection::Low_Level_Receive_Wrapper	cConnection hooks	Code/wwnet/connect.cpp:1275	exact-def	high	merged
tt_4.8.4/tt/tt.cpp	1297	hookAsJump	0x00619A60,0x00619300	cConnection::Receive_Wrapper	cConnection hooks	Code/wwnet/connect.cpp:1379	exact-def	high	merged
tt_4.8.4/tt/tt.cpp	1298	hookAsJump	0x00619B00,0x006193A0	cConnection::Send_Packet_To_Address	cConnection hooks	Code/wwnet/connect.cpp:1488	exact-def	high	merged
tt_4.8.4/tt/tt.cpp	1299	hookAsJump	0x00619D20,0x006195C0	cConnection::Set_R_And_U_Packet_Id	cConnection hooks	Code/wwnet/connect.cpp:1543	exact-def	high	merged
tt_4.8.4/tt/tt.cpp	1300	hookAsJump	0x00619D90,0x00619630	cConnection::R_And_U_Send	cConnection hooks	Code/wwnet/connect.cpp:1559	exact-def	high	merged
tt_4.8.4/tt/tt.cpp	1301	hookAsJump	0x00619DD0,0x00619670	cConnection::Send_Packet_To_Individual	cConnection hooks	Code/wwnet/connect.cpp:1574	exact-def	high	merged
tt_4.8.4/tt/tt.cpp	1302	hookAsJump	0x00619ED0,0x00619770	cConnection::Is_Established	cConnection hooks	Code/wwnet/connect.cpp:1650	exact-def	high	merged
tt_4.8.4/tt/tt.cpp	1303	hookAsJump	0x00619F00,0x006197A0	cConnection::Connect_Cs	cConnection hooks	Code/wwnet/connect.cpp:1661	exact-def	high	merged
tt_4.8.4/tt/tt.cpp	1304	hookAsJump	0x00619F50,0x006197F0	cConnection::Send_Accept_Sc	cConnection hooks	Code/wwnet/connect.cpp:1686	exact-def	high	merged
tt_4.8.4/tt/tt.cpp	1305	hookAsJump	0x00619FF0,0x00619890	cConnection::Send_Refusal_Sc	cConnection hooks	Code/wwnet/connect.cpp:1710	exact-def	high	merged
tt_4.8.4/tt/tt.cpp	1306	hookAsJump	0x0061A0A0,0x00619940	cConnection::Send_Ack	cConnection hooks	Code/wwnet/connect.cpp:1744	exact-def	high	merged
tt_4.8.4/tt/tt.cpp	1307	hookAsJump	0x0061A190,0x00619A30	cConnection::Destroy_Connection	cConnection hooks	Code/wwnet/connect.cpp:1779	exact-def	high	merged
tt_4.8.4/tt/tt.cpp	1308	hookAsJump	0x0061A1E0,0x00619A80	cConnection::Send_Keepalives	cConnection hooks	Code/wwnet/connect.cpp:1794	exact-def	high	merged
tt_4.8.4/tt/tt.cpp	1309	hookAsJump	0x0061A360,0x00619C00	cConnection::Get_Threshold_Priority	cConnection hooks	Code/wwnet/connect.cpp:1838	exact-def	high	merged
tt_4.8.4/tt/tt.cpp	1310	hookAsJump	0x0061A380,0x00619C20	cConnection::Set_Max_Acceptable_Packetloss_Pc	cConnection hooks	Code/wwnet/connect.cpp:1846	exact-def	high	merged
tt_4.8.4/tt/tt.cpp	1311	hookAsJump	0x0061A3A0,0x00619C40	cConnection::Demultiplex_R_Or_U_Packet	cConnection hooks	Code/wwnet/connect.cpp:1857	exact-def	high	merged
tt_4.8.4/tt/tt.cpp	1312	hookAsJump	0x0061A400,0x00619CA0	cConnection::Service_Read	cConnection hooks	Code/wwnet/connect.cpp:1892	exact-def	high	merged
tt_4.8.4/tt/tt.cpp	1313	hookAsJump	0x0061A7B0,0x0061A050	cConnection::Set_Bandwidth_Budget_Out	cConnection hooks	Code/wwnet/connect.cpp:2147	exact-def	high	merged
tt_4.8.4/tt/tt.cpp	1314	hookAsJump	0x0061A7F0,0x0061A090	cConnection::Clear_Resend_Counts	cConnection hooks	Code/wwnet/connect.cpp:2167	exact-def	high	merged
tt_4.8.4/tt/tt.cpp	1315	hookAsJump	0x0061A840,0x0061A0E0	cConnection::Get_Remote_Host	cConnection hooks	Code/wwnet/connect.cpp:2190	exact-def	high	merged
tt_4.8.4/tt/tt.cpp	1316	hookAsJump	0x0061A850,0x0061A0F0	cConnection::Service_Send	cConnection hooks	Code/wwnet/connect.cpp:2207	exact-def	high	merged
tt_4.8.4/tt/tt.cpp	1317	hookAsJump	0x0061ACF0,0x0061A590	cConnection::Install_Accept_Handler	cConnection hooks	Code/wwnet/connect.cpp:2491	exact-def	high	merged
tt_4.8.4/tt/tt.cpp	1318	hookAsJump	0x0061AD00,0x0061A5A0	cConnection::Install_Refusal_Handler	cConnection hooks	Code/wwnet/connect.cpp:2499	exact-def	high	merged
tt_4.8.4/tt/tt.cpp	1319	hookAsJump	0x0061AD10,0x0061A5B0	cConnection::Install_Server_Broken_Connection_Handler	cConnection hooks	Code/wwnet/connect.cpp:2507	exact-def	high	merged
tt_4.8.4/tt/tt.cpp	1320	hookAsJump	0x0061AD20,0x0061A5C0	cConnection::Install_Client_Broken_Connection_Handler	cConnection hooks	Code/wwnet/connect.cpp:2515	exact-def	high	merged
tt_4.8.4/tt/tt.cpp	1321	hookAsJump	0x0061AD30,0x0061A5D0	cConnection::Install_Eviction_Handler	cConnection hooks	Code/wwnet/connect.cpp:2523	exact-def	high	merged
tt_4.8.4/tt/tt.cpp	1322	hookAsJump	0x0061AD40,0x0061A5E0	cConnection::Install_Conn_Handler	cConnection hooks	Code/wwnet/connect.cpp:2531	exact-def	high	merged
tt_4.8.4/tt/tt.cpp	1323	hookAsJump	0x0061AD50,0x0061A5F0	cConnection::Install_Application_Acceptance_Handler	cConnection hooks	Code/wwnet/connect.cpp:2539	exact-def	high	merged
tt_4.8.4/tt/tt.cpp	1324	hookAsJump	0x0061AD60,0x0061A600	cConnection::Install_Server_Packet_Handler	cConnection hooks	Code/wwnet/connect.cpp:2547	exact-def	high	merged
tt_4.8.4/tt/tt.cpp	1325	hookAsJump	0x0061AD70,0x0061A610	cConnection::Install_Client_Packet_Handler	cConnection hooks	Code/wwnet/connect.cpp:2555	exact-def	high	merged
tt_4.8.4/tt/tt.cpp	1326	hookAsJump	0x0061AD80,0x0061A620	cConnection::Set_Rhost_Is_In_Game	cConnection hooks	Code/wwnet/connect.cpp:2563	exact-def	high	merged
tt_4.8.4/tt/tt.cpp	1327	hookAsJump	0x0061ADE0,0x0061A680	cConnection::Set_Rhost_Expect_Packet_Flood	cConnection hooks	Code/wwnet/connect.cpp:2576	exact-def	high	merged
tt_4.8.4/tt/tt.cpp	1328	hookAsJump	0x0061AE40,0x0061A6E0	cConnection::Is_Time_To_Resend_Packet_To_Remote_Host	cConnection hooks	Code/wwnet/connect.cpp:2591	exact-def	high	merged
tt_4.8.4/tt/tt.cpp	1329	hookAsJump	0x0061AEF0,0x0061A790	cConnection::Is_Packet_Too_Old	cConnection hooks	Code/wwnet/connect.cpp:2642	exact-def	high	merged
tt_4.8.4/tt/tt.cpp	1330	hookAsJump	0x0061AFA0,0x0061A840	cConnection::Allow_Extra_Timeout_For_Loading	cConnection hooks	Code/wwnet/connect.cpp:2702	exact-def	high	merged
tt_4.8.4/tt/tt.cpp	1332	hookAsJump	0x0061FE60,0x0061FA50	cPacket::Init_Encoder	cPacket hooks	Code/wwnet/wwpacket.cpp	canonical supersedes: Init_Encoder sets the same two precisions	high	merged
tt_4.8.4/tt/tt.cpp	1333	hookAsJump	0x00456C60,0x00456AC0	cNetwork::Cleanup_Client	cNetwork hooks	Code/Commando/cnetwork.cpp	Code/Commando/cnetwork.cpp -- canonical already supersedes the TT reimplementation of stock	high	merged
tt_4.8.4/tt/tt.cpp	1334	hookAsJump	0x00456D70,0x00456AD0	cNetwork::Accept_Handler	cNetwork hooks	Code/Commando/cnetwork.cpp	canonical supersedes; TT Connected/SendStoredEvents is the scripts.dll event queue, declined per directive 0.5	high	merged
tt_4.8.4/tt/tt.cpp	1335	hookAsJump	0x00456E50,0x00456AE0	cNetwork::Refusal_Handler	cNetwork hooks	Code/Commando/cnetwork.cpp	Code/Commando/cnetwork.cpp -- canonical already supersedes the TT reimplementation of stock	high	merged
tt_4.8.4/tt/tt.cpp	1337	hookAsJump	0x00457700,0x004571B0	cNetwork::Onetime_Init		Code/Commando/cnetwork.cpp	Code/Commando/cnetwork.cpp -- canonical already supersedes the TT reimplementation of stock	high	merged
tt_4.8.4/tt/tt.cpp	1339	hookAsJump	0x00457790,0x00457240	cNetwork::Init_Server	cNetwork hooks	Code/Commando/cnetwork.cpp	Code/Commando/cnetwork.cpp -- canonical already supersedes the TT reimplementation of stock	high	merged
tt_4.8.4/tt/tt.cpp	1340	hookAsJump	0x004579F0,0x004574A0	cNetwork::Cleanup_Server	cNetwork hooks	Code/Commando/cnetwork.cpp	Code/Commando/cnetwork.cpp -- canonical already supersedes the TT reimplementation of stock	high	merged
tt_4.8.4/tt/tt.cpp	1343	hookAsJump	0x00457AC0,0x00457570	cNetwork::Update_Fps	cNetwork hooks	Code/Commando/cnetwork.cpp	Code/Commando/cnetwork.cpp -- canonical already supersedes the TT reimplementation of stock	high	merged
tt_4.8.4/tt/tt.cpp	1344	hookAsJump	0x00457BB0,0x00457660	cNetwork::Connection_Status_Change_Feedback	cNetwork hooks	Code/Commando/cnetwork.cpp	Code/Commando/cnetwork.cpp -- canonical already supersedes the TT reimplementation of stock	high	merged
tt_4.8.4/tt/tt.cpp	1345	hookAsJump	0x00457DB0,0x00457860	cNetwork::Update	cNetwork hooks	Code/Commando/cnetwork.cpp	Code/Commando/cnetwork.cpp -- canonical already supersedes the TT reimplementation of stock	high	merged
tt_4.8.4/tt/tt.cpp	1346	hookAsJump	0x00457FE0,0x00457A90	cNetwork::Client_Send_Packet	cNetwork hooks	Code/Commando/cnetwork.cpp	Code/Commando/cnetwork.cpp -- canonical already supersedes the TT reimplementation of stock	high	merged
tt_4.8.4/tt/tt.cpp	1347	hookAsJump	0x00458010,0x00457AA0	cNetwork::Server_Send_Packet	cNetwork hooks	Code/Commando/cnetwork.cpp	Code/Commando/cnetwork.cpp -- canonical already supersedes the TT reimplementation of stock	high	merged
tt_4.8.4/tt/tt.cpp	1348	hookAsJump	0x00458080,0x00457B10	cNetwork::Server_Send_Packet_To_All_Connected	cNetwork hooks	Code/Commando/cnetwork.cpp	Code/Commando/cnetwork.cpp -- canonical already supersedes the TT reimplementation of stock	high	merged
tt_4.8.4/tt/tt.cpp	1350	hookAsJump	0x004581F0,0x00457C80	cNetwork::Get_Server_Rhost	cNetwork hooks	Code/Commando/cnetwork.cpp	Code/Commando/cnetwork.cpp -- canonical already supersedes the TT reimplementation of stock	high	merged
tt_4.8.4/tt/tt.cpp	1351	hookAsJump	0x00458210,0x00457CA0	cNetwork::Get_Client_Rhost	cNetwork hooks	Code/Commando/cnetwork.cpp	Code/Commando/cnetwork.cpp -- canonical already supersedes the TT reimplementation of stock	high	merged
tt_4.8.4/tt/tt.cpp	1352	hookAsJump	0x00458220,0x00457CB0	cNetwork::Get_Server_Rhost_Threshold_Priority	cNetwork hooks	Code/Commando/cnetwork.cpp	Code/Commando/cnetwork.cpp -- canonical already supersedes the TT reimplementation of stock	high	merged
tt_4.8.4/tt/tt.cpp	1353	hookAsJump	0x00458240,0x00457CD0	cNetwork::Get_Client_Rhost_Threshold_Priority	cNetwork hooks	Code/Commando/cnetwork.cpp	Code/Commando/cnetwork.cpp -- canonical already supersedes the TT reimplementation of stock	high	merged
tt_4.8.4/tt/tt.cpp	1354	hookAsJump	0x00458260,0x00457CF0	cNetwork::Get_My_Id	cNetwork hooks	Code/Commando/cnetwork.cpp	Code/Commando/cnetwork.cpp -- canonical already supersedes the TT reimplementation of stock	high	merged
tt_4.8.4/tt/tt.cpp	1356	hookAsJump	0x004583F0,0x00457E80	cNetwork::Server_Broken_Connection_Handler	cNetwork hooks	Code/Commando/cnetwork.cpp	Code/Commando/cnetwork.cpp -- canonical already supersedes the TT reimplementation of stock	high	merged
tt_4.8.4/tt/tt.cpp	1357	hookAsJump	0x00458550,0x00457FE0	cNetwork::Client_Broken_Connection_Handler	cNetwork hooks	Code/Commando/cnetwork.cpp	Code/Commando/cnetwork.cpp -- canonical already supersedes the TT reimplementation of stock	high	merged
tt_4.8.4/tt/tt.cpp	1360	hookAsJump	0x004586E0,0x00458170	cNetwork::I_Am_God	cNetwork hooks	Code/Commando/cnetwork.cpp	canonical retained: TT hooks it unreachable because TT replaces the console-command layer that calls it, and OpenW3D has not adopted that layer -- stubbing here would disable canonical console commands with nothing in their place	high	merged
tt_4.8.4/tt/tt.cpp	1361	hookAsJump	0x00458710,0x004581A0	cNetwork::Get_My_Player_Object	cNetwork hooks	Code/Commando/cnetwork.cpp	Code/Commando/cnetwork.cpp -- canonical already supersedes the TT reimplementation of stock	high	merged
tt_4.8.4/tt/tt.cpp	1362	hookAsJump	0x00458730,0x004581C0	cNetwork::Get_My_Team_Number	cNetwork hooks	Code/Commando/cnetwork.cpp	Code/Commando/cnetwork.cpp -- canonical already supersedes the TT reimplementation of stock	high	merged
tt_4.8.4/tt/tt.cpp	1363	hookAsJump	0x00458990,0x00458420	cNetwork::Get_My_Color	cNetwork hooks	Code/Commando/cnetwork.cpp	Code/Commando/cnetwork.cpp -- canonical already supersedes the TT reimplementation of stock	high	merged
tt_4.8.4/tt/tt.cpp	1364	hookAsJump	0x004589C0,0x00458450	cNetwork::Show_Welcome_Message	cNetwork hooks	Code/Commando/cnetwork.cpp	Code/Commando/cnetwork.cpp -- canonical already supersedes the TT reimplementation of stock	high	merged
tt_4.8.4/tt/tt.cpp	1365	hookAsJump	0x00458A20,0x004584B0	cNetwork::Get_Distance_Priority	cNetwork hooks	Code/Commando/cnetwork.cpp	Code/Commando/cnetwork.cpp -- canonical already supersedes the TT reimplementation of stock	high	merged
tt_4.8.4/tt/tt.cpp	1367	hookAsJump	0x00458B40,0x004585D0	cNetwork::Application_Acceptance_Handler	cNetwork hooks	Code/Commando/cnetwork.cpp	Code/Commando/cnetwork.cpp -- cNetwork::Is_Player_Name_Valid/Is_Player_Name_Allowed, ec3b06fe	high	merged
tt_4.8.4/tt/tt.cpp	1368	hookAsJump	0x00458D10,0x004587A0	cNetwork::Connection_Handler	cNetwork hooks	Code/Commando/cnetwork.cpp	Code/Commando/cnetwork.cpp -- canonical already supersedes the TT reimplementation of stock	high	merged
tt_4.8.4/tt/tt.cpp	1375	hookAsJump	0x00458E60,0x004588F0	cNetwork::Flush	cNetwork hooks	Code/Commando/cnetwork.cpp	Code/Commando/cnetwork.cpp -- canonical already supersedes the TT reimplementation of stock	high	merged
tt_4.8.4/tt/tt.cpp	1377	hookAsJump	0x00459150,0x00458BE0	cNetwork::Enable_Waiting_Players	cNetwork hooks	Code/Commando/cnetwork.cpp	Code/Commando/cnetwork.cpp -- canonical already supersedes the TT reimplementation of stock	high	merged
tt_4.8.4/tt/tt.cpp	1379	hookAsJump	0x00461780,0x00461280	cNetwork::Tell_Server_About_Dynamic_Objects	cNetwork hooks	Code/Commando/messages.cpp	Code/Commando/messages.cpp -- canonical already supersedes the TT reimplementation of stock	high	merged
tt_4.8.4/tt/tt.cpp	1380	hookAsJump	0x004617C0,0x00461290	cNetwork::Tell_Client_About_Delete_Notifications	cNetwork hooks	Code/Commando/messages.cpp	Code/Commando/messages.cpp -- canonical already supersedes the TT reimplementation of stock	high	merged
tt_4.8.4/tt/tt.cpp	1381	hookAsJump	0x00461820,0x004612F0	cNetwork::Send_Object_Update	cNetwork hooks	Code/Commando/messages.cpp	canonical supersedes (Get_Unreliable_Override is TT isUnreliable); TT networkDiagnostics telemetry declined per directive 0.5	high	merged
tt_4.8.4/tt/tt.cpp	1382	hookAsJump	0x00461AC0,0x00461590	cNetwork::Intermission_Over_Processing	cNetwork hooks	Code/Commando/cnetwork.cpp	Code/Commando/cnetwork.cpp -- canonical already supersedes the TT reimplementation of stock	high	merged
tt_4.8.4/tt/tt.cpp	1383	hookAsJump	0x00461BD0,0x004616A0	cNetwork::End_Game_Test	cNetwork hooks	Code/Commando/cnetwork.cpp	Code/Commando/cnetwork.cpp -- canonical already supersedes the TT reimplementation of stock	high	merged
tt_4.8.4/tt/tt.cpp	1384	hookAsJump	0x00461C90,0x00461760	cNetwork::Shared_Client_And_Server_Think	cNetwork hooks	Code/Commando/cnetwork.cpp	Code/Commando/cnetwork.cpp -- canonical already supersedes the TT reimplementation of stock	high	merged
tt_4.8.4/tt/tt.cpp	1385	hookAsJump	0x00461CB0,0x00461780	cNetwork::Client_Think	cNetwork hooks	Code/Commando/cnetwork.cpp	canonical supersedes; TT downloadManager/clientNetworkManager think are TT plugin infrastructure, declined per directive 0.5	high	merged
tt_4.8.4/tt/tt.cpp	1387	hookAsJump	0x00461F00,0x00461830	cNetwork::Hibernation_Think	cNetwork hooks	Code/Commando/messages.cpp	Code/Commando/messages.cpp -- local star PVS only, no-star early out, 187a1ba8	high	merged
tt_4.8.4/tt/tt.cpp	1388	hookAsJump	0x00462140,0x00461A70	cNetwork::Server_Think	cNetwork hooks	Code/Commando/messages.cpp	Code/Commando/messages.cpp -- canonical already supersedes the TT reimplementation of stock	high	merged
tt_4.8.4/tt/tt.cpp	1389	hookAsJump	0x00462190,0x00461AC0	cNetwork::Server_Kill_Connection	cNetwork hooks	Code/Commando/messages.cpp	Code/Commando/messages.cpp -- canonical already supersedes the TT reimplementation of stock	high	merged
tt_4.8.4/tt/tt.cpp	1390	hookAsJump	0x004621B0,0x00461AE0	cNetwork::Delete_Player_Objects	cNetwork hooks	Code/Commando/messages.cpp	Code/Commando/messages.cpp -- canonical already supersedes the TT reimplementation of stock	high	merged
tt_4.8.4/tt/tt.cpp	1391	hookAsJump	0x00462200,0x00461B30	cNetwork::Cleanup_After_Client	cNetwork hooks	Code/Commando/messages.cpp	Code/Commando/messages.cpp -- canonical already supersedes the TT reimplementation of stock	high	merged
tt_4.8.4/tt/tt.cpp	1392	hookAsJump	0x00462410,0x00461D40	cNetwork::Remove_Player	cNetwork hooks	Code/Commando/messages.cpp	Code/Commando/messages.cpp -- team defaulting removed with its caller, 187a1ba8	high	merged
tt_4.8.4/tt/tt.cpp	1393	hookAsJump	0x00462640,0x00461F70	cNetwork::Test_For_Team_Defaulting	cNetwork hooks	Code/Commando/messages.cpp	Code/Commando/messages.cpp -- removed, TT hooks it unreachable, 187a1ba8	high	merged
tt_4.8.4/tt/tt.cpp	1394	hookAsJump	0x0046E630,0x0046DF60	cNetwork::Server_Packet_Handler	cNetwork hooks	Code/Commando/pkthandlers.cpp	canonical supersedes; TT networkDiagnostics telemetry declined per directive 0.5	high	merged
tt_4.8.4/tt/tt.cpp	1395	hookAsJump	0x0046E7A0,0x0046E0D0	cNetwork::Client_Packet_Handler	cNetwork hooks	Code/Commando/pkthandlers.cpp	canonical supersedes; TT networkDiagnostics telemetry declined per directive 0.5	high	merged
tt_4.8.4/tt/tt.cpp	1397	hookAsJump	0x006720B0,0x00671950	EmptyFunc	nop out debug related functions		DROP: stock debug/no-op function removed outright; nothing to port	none	n/a
tt_4.8.4/tt/tt.cpp	1398	hookAsJump	0x00672180,0x00671A20	EmptyFunc	nop out debug related functions		DROP: stock debug/no-op function removed outright; nothing to port	none	n/a
tt_4.8.4/tt/tt.cpp	1399	hookAsJump	0x006722B0,0x00671B50	EmptyFunc	nop out debug related functions		DROP: stock debug/no-op function removed outright; nothing to port	none	n/a
tt_4.8.4/tt/tt.cpp	1400	hookAsJump	0x006723E0,0x00671C80	EmptyFunc	nop out debug related functions		DROP: stock debug/no-op function removed outright; nothing to port	none	n/a
tt_4.8.4/tt/tt.cpp	1401	hookAsJump	0x00672510,0x00671DB0	EmptyFunc	nop out debug related functions		DROP: stock debug/no-op function removed outright; nothing to port	none	n/a
tt_4.8.4/tt/tt.cpp	1402	hookAsJump	0x00672650,0x00671EF0	EmptyFunc	nop out debug related functions		DROP: stock debug/no-op function removed outright; nothing to port	none	n/a
tt_4.8.4/tt/tt.cpp	1403	hookAsJump	0x006728F0,0x00672190	EmptyFunc	nop out debug related functions		DROP: stock debug/no-op function removed outright; nothing to port	none	n/a
tt_4.8.4/tt/tt.cpp	1404	hookAsJump	0x00672AB0,0x00672350	EmptyFunc	nop out debug related functions		DROP: stock debug/no-op function removed outright; nothing to port	none	n/a
tt_4.8.4/tt/tt.cpp	1405	hookAsJump	0x00672B00,0x006723A0	EmptyFunc	nop out debug related functions		DROP: stock debug/no-op function removed outright; nothing to port	none	n/a
tt_4.8.4/tt/tt.cpp	1406	hookAsJump	0x00777670,0x00776F10	EmptyFunc	nop out debug related functions		DROP: stock debug/no-op function removed outright; nothing to port	none	n/a
tt_4.8.4/tt/tt.cpp	1407	hookAsJump	0x005E8650,0x005E7EF0	EmptyFunc	nop out debug related functions		DROP: stock debug/no-op function removed outright; nothing to port	none	n/a
tt_4.8.4/tt/tt.cpp	1408	hookAsJump	0x0066E610,0x0066DEB0	EmptyFunc	nop out debug related functions		DROP: stock debug/no-op function removed outright; nothing to port	none	n/a
tt_4.8.4/tt/tt.cpp	1417	hookAsJump	0x0061DA30,0x0061D2D0	cRemoteHost::Init_Stats	cRemoteHost hooks	Code/wwnet/rhost.cpp:100	exact-def	high	merged
tt_4.8.4/tt/tt.cpp	1418	hookAsJump	0x0061DA70,0x0061D310	cRemoteHost::Set_Last_Service_Count	cRemoteHost hooks	Code/wwnet/rhost.cpp:130	exact-def	high	merged
tt_4.8.4/tt/tt.cpp	1419	hookAsJump	0x0061DA80,0x0061D320	cRemoteHost::Compute_List_Max	cRemoteHost hooks	Code/wwnet/rhost.cpp:137	exact-def	high	merged
tt_4.8.4/tt/tt.cpp	1420	hookAsJump	0x0061DAB0,0x0061D350	cRemoteHost::Get_List_Max	cRemoteHost hooks	Code/wwnet/rhost.cpp:144	exact-def	high	merged
tt_4.8.4/tt/tt.cpp	1421	hookAsJump	0x0061DAC0,0x0061D360	cRemoteHost::Set_List_Processing_Time	cRemoteHost hooks	Code/wwnet/rhost.cpp:151	exact-def	high	merged
tt_4.8.4/tt/tt.cpp	1422	hookAsJump	0x0061DAE0,0x0061D380	cRemoteHost::Get_List_Processing_Time	cRemoteHost hooks	Code/wwnet/rhost.cpp:158	exact-def	high	merged
tt_4.8.4/tt/tt.cpp	1423	hookAsJump	0x0061DAF0,0x0061D390	cRemoteHost::Get_Address	cRemoteHost hooks	Code/wwnet/rhost.cpp:165	exact-def	high	merged
tt_4.8.4/tt/tt.cpp	1425	hookAsJump	0x0061DBD0,0x0061D470	cRemoteHost::Add_Packet	cRemoteHost hooks	Code/wwnet/rhost.cpp:188	exact-def	high	merged
tt_4.8.4/tt/tt.cpp	1426	hookAsJump	0x0061DCD0,0x0061D570	cRemoteHost::Remove_Packet	cRemoteHost hooks	Code/wwnet/rhost.cpp:249	exact-def	high	merged
tt_4.8.4/tt/tt.cpp	1427	hookAsJump	0x0061DE70,0x0061D710	cRemoteHost::Toggle_Flow_Control	cRemoteHost hooks	Code/wwnet/rhost.cpp:323	exact-def	high	merged
tt_4.8.4/tt/tt.cpp	1428	hookAsJump	0x0061DEB0,0x0061D750	cRemoteHost::Adjust_Flow_If_Necessary	cRemoteHost hooks	Code/wwnet/rhost.cpp:337	exact-def	high	merged
tt_4.8.4/tt/tt.cpp	1429	hookAsJump	0x0061E0A0,0x0061D940	cRemoteHost::Is_Outgoing_Flooded	cRemoteHost hooks	Code/wwnet/rhost.cpp:492	exact-def	high	merged
tt_4.8.4/tt/tt.cpp	1430	hookAsJump	0x0061E1F0,0x0061DA90	cRemoteHost::Dam_The_Flood	cRemoteHost hooks	Code/wwnet/rhost.cpp:553	exact-def	high	merged
tt_4.8.4/tt/tt.cpp	1431	hookAsJump	0x0061E3B0,0x0061DC50	cRemoteHost::Set_Flood	cRemoteHost hooks	Code/wwnet/rhost.cpp:629	exact-def	high	merged
tt_4.8.4/tt/tt.cpp	1432	hookAsJump	0x0061E410,0x0061DCB0	cRemoteHost::Set_Is_Loading	cRemoteHost hooks	Code/wwnet/rhost.cpp:640	exact-def	high	merged
tt_4.8.4/tt/tt.cpp	1433	hookAsJump	0x0061E490,0x0061DD30	cRemoteHost::Was_Recently_Loading	cRemoteHost hooks	Code/wwnet/rhost.cpp:651	exact-def	high	merged
tt_4.8.4/tt/tt.cpp	1434	hookAsJump	0x0061E510,0x0061DDB0	cRemoteHost::Adjust_Resend_Timeout	cRemoteHost hooks	Code/wwnet/rhost.cpp:671	exact-def	high	merged
tt_4.8.4/tt/tt.cpp	1437	hookAsJump	0x0061B940,0x0061B1E0	PacketManagerClass::Set_Is_Server	PacketMgrClass hooks	Code/wwnet/packetmgr.cpp:225	exact-def	high	merged
tt_4.8.4/tt/tt.cpp	1440	hookAsJump	0x0061BFD0,0x0061B870	PacketManagerClass::Get_Next_Free_Buffer_Index	PacketMgrClass hooks	Code/wwnet/packetmgr.cpp:578	exact-def	high	merged
tt_4.8.4/tt/tt.cpp	1441	hookAsJump	0x0061C020,0x0061B8C0	PacketManagerClass::Take_Packet	PacketMgrClass hooks	Code/wwnet/packetmgr.cpp:613	exact-def	high	merged
tt_4.8.4/tt/tt.cpp	1442	hookAsJump	0x0061C130,0x0061B9D0	PacketManagerClass::Flush	PacketMgrClass hooks	Code/wwnet/packetmgr.cpp:660	exact-def	high	merged
tt_4.8.4/tt/tt.cpp	1443	hookAsJump	0x0061C6D0,0x0061BF70	PacketManagerClass::Disable_Optimizations	PacketMgrClass hooks	Code/wwnet/packetmgr.cpp:983	exact-def	high	merged
tt_4.8.4/tt/tt.cpp	1444	hookAsJump	0x0061C6F0,0x0061BF90	PacketManagerClass::Break_Packet	PacketMgrClass hooks	Code/wwnet/packetmgr.cpp:1006	exact-def	high	merged
tt_4.8.4/tt/tt.cpp	1446	hookAsJump	0x0061C9C0,0x0061C260	PacketManagerClass::Get_Packet	PacketMgrClass hooks	Code/wwnet/packetmgr.cpp:1154	exact-def	high	merged
tt_4.8.4/tt/tt.cpp	1447	hookAsJump	0x0061CC20,0x0061C4C0	PacketManagerClass::Reset_Stats	PacketMgrClass hooks	Code/wwnet/packetmgr.cpp:1271	exact-def	high	merged
tt_4.8.4/tt/tt.cpp	1448	hookAsJump	0x0061CCB0,0x0061C550	PacketManagerClass::Get_Stats_Index	PacketMgrClass hooks	Code/wwnet/packetmgr.cpp:1300	exact-def	high	merged
tt_4.8.4/tt/tt.cpp	1449	hookAsJump	0x0061CD90,0x0061C630	PacketManagerClass::Register_Packet_In	PacketMgrClass hooks	Code/wwnet/packetmgr.cpp:1351	exact-def	high	merged
tt_4.8.4/tt/tt.cpp	1450	hookAsJump	0x0061CE80,0x0061C720	PacketManagerClass::Register_Packet_Out	PacketMgrClass hooks	Code/wwnet/packetmgr.cpp:1402	exact-def	high	merged
tt_4.8.4/tt/tt.cpp	1451	hookAsJump	0x0061CF70,0x0061C810	PacketManagerClass::Update_Stats	PacketMgrClass hooks	Code/wwnet/packetmgr.cpp:1449	exact-def	high	merged
tt_4.8.4/tt/tt.cpp	1452	hookAsJump	0x0061D190,0x0061CA30	PacketManagerClass::Get_Total_Raw_Bandwidth_In	PacketMgrClass hooks	Code/wwnet/packetmgr.cpp:1542	exact-def	high	merged
tt_4.8.4/tt/tt.cpp	1453	hookAsJump	0x0061D1A0,0x0061CA40	PacketManagerClass::Get_Total_Raw_Bandwidth_Out	PacketMgrClass hooks	Code/wwnet/packetmgr.cpp:1562	exact-def	high	merged
tt_4.8.4/tt/tt.cpp	1454	hookAsJump	0x0061D1B0,0x0061CA50	PacketManagerClass::Get_Total_Compressed_Bandwidth_In	PacketMgrClass hooks	Code/wwnet/packetmgr.cpp:1583	exact-def	high	merged
tt_4.8.4/tt/tt.cpp	1455	hookAsJump	0x0061D1C0,0x0061CA60	PacketManagerClass::Get_Total_Compressed_Bandwidth_Out	PacketMgrClass hooks	Code/wwnet/packetmgr.cpp:1603	exact-def	high	merged
tt_4.8.4/tt/tt.cpp	1456	hookAsJump	0x0061D1D0,0x0061CA70	PacketManagerClass::Get_Raw_Bandwidth_In	PacketMgrClass hooks	Code/wwnet/packetmgr.cpp:1623	exact-def	high	merged
tt_4.8.4/tt/tt.cpp	1457	hookAsJump	0x0061D220,0x0061CAC0	PacketManagerClass::Get_Raw_Bandwidth_Out	PacketMgrClass hooks	Code/wwnet/packetmgr.cpp:1652	exact-def	high	merged
tt_4.8.4/tt/tt.cpp	1458	hookAsJump	0x0061D270,0x0061CB10	PacketManagerClass::Get_Raw_Bytes_Out	PacketMgrClass hooks	Code/wwnet/packetmgr.cpp:1682	exact-def	high	merged
tt_4.8.4/tt/tt.cpp	1459	hookAsJump	0x0061D2C0,0x0061CB60	PacketManagerClass::Get_Compressed_Bandwidth_In	PacketMgrClass hooks	Code/wwnet/packetmgr.cpp:1713	exact-def	high	merged
tt_4.8.4/tt/tt.cpp	1460	hookAsJump	0x0061D310,0x0061CBB0	PacketManagerClass::Get_Compressed_Bandwidth_Out	PacketMgrClass hooks	Code/wwnet/packetmgr.cpp:1742	exact-def	high	merged
tt_4.8.4/tt/tt.cpp	1461	hookAsJump	0x0061D360,0x0061CC00	PacketManagerClass::Set_Stats_Sampling_Frequency_Delay	PacketMgrClass hooks	Code/wwnet/packetmgr.cpp:1771	exact-def	high	merged
tt_4.8.4/tt/tt.cpp	1462	hookAsJump	0x0061D400,0x0061CCA0	PacketManagerClass::Get_Error_State	PacketMgrClass hooks	Code/wwnet/packetmgr.cpp:1794	exact-def	high	merged
tt_4.8.4/tt/tt.cpp	1464	hookAsJump	0x0046F330,0x0046EAA0	cSbboManager::Reset	hook cSbboManager	Code/Commando/sbbomanager.cpp	All six methods exist natively and are equivalent; TT hooked the class only because it lives in the exe.	high	merged
tt_4.8.4/tt/tt.cpp	1465	hookAsJump	0x0046F360,0x0046EAD0	cSbboManager::Think	hook cSbboManager	Code/Commando/sbbomanager.cpp	All six methods exist natively and are equivalent; TT hooked the class only because it lives in the exe.	high	merged
tt_4.8.4/tt/tt.cpp	1466	hookAsJump	0x0046F460,0x0046EBD0	cSbboManager::Increment_Accum_Time_S_Net_Update	hook cSbboManager	Code/Commando/sbbomanager.cpp	All six methods exist natively and are equivalent; TT hooked the class only because it lives in the exe.	high	merged
tt_4.8.4/tt/tt.cpp	1467	hookAsJump	0x0046F480,0x0046EBF0	cSbboManager::Increment_Accum_Time_S_Combat_Think	hook cSbboManager	Code/Commando/sbbomanager.cpp	All six methods exist natively and are equivalent; TT hooked the class only because it lives in the exe.	high	merged
tt_4.8.4/tt/tt.cpp	1468	hookAsJump	0x0046F4A0,0x0046EC10	cSbboManager::Get_Net_To_Combat_Ratio	hook cSbboManager	Code/Commando/sbbomanager.cpp	All six methods exist natively and are equivalent; TT hooked the class only because it lives in the exe.	high	merged
tt_4.8.4/tt/tt.cpp	1469	hookAsJump	0x0046F4B0,0x0046EC20	cSbboManager::Toggle_Is_Enabled	hook cSbboManager	Code/Commando/sbbomanager.cpp	All six methods exist natively and are equivalent; TT hooked the class only because it lives in the exe.	high	merged
tt_4.8.4/tt/tt.cpp	1472	hookAsJump	0x0046D070,0x0046C9A0	WOLNATInterfaceClass::Service_Receive_Queue	WOL hooks	Code/Commando/NAT.cpp	WOLNATInterfaceClass exists natively with both methods.	high	merged
tt_4.8.4/tt/tt.cpp	1473	hookAsJump	0x0046CE40,0x0046C770	WOLNATInterfaceClass::Send_Game_Format_Packet_To	WOL hooks	Code/Commando/NAT.cpp	WOLNATInterfaceClass exists natively with both methods.	high	merged
tt_4.8.4/tt/tt.cpp	1475	hookAsJump	0x0061EB00,0x0061E3A0	NetworkObjectClass::Set_Delete_Pending	hook NetworkObjectClass	Code/wwnet/networkobject.cpp	canonical supersedes: Set_Delete_Pending registers with the object manager exactly as TT's does	high	merged
tt_4.8.4/tt/tt.cpp	1477	hookAsJump	0x0071F7E0,0x0071EDA0	ArmedGameObj::Export_Frequent	turret lag fixes	Code/Combat/armedgameobj.cpp;Code/Combat/vehicle.cpp	Code/Combat/armedgameobj.cpp Set_Imported_Targeting + Code/Combat/vehicle.cpp Think slews per frame; 13bb9df3. TT's getVersion()>=4.0 wire-format branch declined -- one protocol natively	high	merged
tt_4.8.4/tt/tt.cpp	1478	hookAsJump	0x0071F5F0,0x0071EBB0	ArmedGameObj::Import_Frequent	turret lag fixes	Code/Combat/armedgameobj.cpp;Code/Combat/vehicle.cpp	Code/Combat/armedgameobj.cpp Set_Imported_Targeting + Code/Combat/vehicle.cpp Think slews per frame; 13bb9df3. TT's getVersion()>=4.0 wire-format branch declined -- one protocol natively	high	merged
tt_4.8.4/tt/tt.cpp	1479	hookAsJump	0x0071F920,0x0071EEE0	ArmedGameObj::Export_State_Cs	turret lag fixes	Code/Combat/armedgameobj.cpp;Code/Combat/vehicle.cpp	Code/Combat/armedgameobj.cpp Set_Imported_Targeting + Code/Combat/vehicle.cpp Think slews per frame; 13bb9df3. TT's getVersion()>=4.0 wire-format branch declined -- one protocol natively	high	merged
tt_4.8.4/tt/tt.cpp	1480	hookAsJump	0x0071FA80,0x0071F040	ArmedGameObj::Import_State_Cs	turret lag fixes	Code/Combat/armedgameobj.cpp;Code/Combat/vehicle.cpp	Code/Combat/armedgameobj.cpp Set_Imported_Targeting + Code/Combat/vehicle.cpp Think slews per frame; 13bb9df3. TT's getVersion()>=4.0 wire-format branch declined -- one protocol natively	high	merged
tt_4.8.4/tt/tt.cpp	1482	hookAsJump	0x00691820,0x006910C0	DefenseObjectClass::Set_Health_Max	send max health over the network	Code/Combat/damage.cpp;Code/Combat/damageablegameobj.cpp	Code/Combat/damageablegameobj.cpp Import/Export_Rare carry the maxima, Set_*_Max clamps the current value down, cap raised to 10000 with the encoder range following it (TT leaves the range at 2000); 13bb9df3	high	merged
tt_4.8.4/tt/tt.cpp	1483	hookAsJump	0x006930E0,0x00692980	DefenseObjectClass::Set_Shield_Strength_Max	send max health over the network	Code/Combat/damage.cpp;Code/Combat/damageablegameobj.cpp	Code/Combat/damageablegameobj.cpp Import/Export_Rare carry the maxima, Set_*_Max clamps the current value down, cap raised to 10000 with the encoder range following it (TT leaves the range at 2000); 13bb9df3	high	merged
tt_4.8.4/tt/tt.cpp	1484	hookAsJump	0x00693740,0x00692FE0	DefenseObjectClass::Mark_Owner_Dirty	send max health over the network	Code/Combat/damage.cpp;Code/Combat/damageablegameobj.cpp	Code/Combat/damageablegameobj.cpp Import/Export_Rare carry the maxima, Set_*_Max clamps the current value down, cap raised to 10000 with the encoder range following it (TT leaves the range at 2000); 13bb9df3	high	merged
tt_4.8.4/tt/tt.cpp	1486	hookAsJump	0x006C8390,0x006C7C30	SoldierGameObj::Export_Frequent	SoldierGameObj hooks	Code/Combat/soldier.cpp	Canonical supersedes the reimplementation (Apply_Damage already routes through Apply_Damage_IgnoreVehicleCheck, the control/import/export tiers match). Two TT-forward deltas merged: Set_Animation and Set_Blended_Animation refuse while the soldier is in DEATH/DESTROY, and Set_Animation now honours the start frame and sets the mode.	high	merged
tt_4.8.4/tt/tt.cpp	1487	hookAsJump	0x006C8570,0x006C7E10	SoldierGameObj::Import_Frequent	SoldierGameObj hooks	Code/Combat/soldier.cpp	Canonical supersedes the reimplementation (Apply_Damage already routes through Apply_Damage_IgnoreVehicleCheck, the control/import/export tiers match). Two TT-forward deltas merged: Set_Animation and Set_Blended_Animation refuse while the soldier is in DEATH/DESTROY, and Set_Animation now honours the start frame and sets the mode.	high	merged
tt_4.8.4/tt/tt.cpp	1488	hookAsJump	0x006C8350,0x006C7BF0	SoldierGameObj::Export_Occasional	SoldierGameObj hooks	Code/Combat/soldier.cpp	Canonical supersedes the reimplementation (Apply_Damage already routes through Apply_Damage_IgnoreVehicleCheck, the control/import/export tiers match). Two TT-forward deltas merged: Set_Animation and Set_Blended_Animation refuse while the soldier is in DEATH/DESTROY, and Set_Animation now honours the start frame and sets the mode.	high	merged
tt_4.8.4/tt/tt.cpp	1489	hookAsJump	0x006C8370,0x006C7C10	SoldierGameObj::Import_Occasional	SoldierGameObj hooks	Code/Combat/soldier.cpp	Canonical supersedes the reimplementation (Apply_Damage already routes through Apply_Damage_IgnoreVehicleCheck, the control/import/export tiers match). Two TT-forward deltas merged: Set_Animation and Set_Blended_Animation refuse while the soldier is in DEATH/DESTROY, and Set_Animation now honours the start frame and sets the mode.	high	merged
tt_4.8.4/tt/tt.cpp	1490	hookAsJump	0x006C8810,0x006C80B0	SoldierGameObj::Import_State_Cs	SoldierGameObj hooks	Code/Combat/soldier.cpp	Canonical supersedes the reimplementation (Apply_Damage already routes through Apply_Damage_IgnoreVehicleCheck, the control/import/export tiers match). Two TT-forward deltas merged: Set_Animation and Set_Blended_Animation refuse while the soldier is in DEATH/DESTROY, and Set_Animation now honours the start frame and sets the mode.	high	merged
tt_4.8.4/tt/tt.cpp	1491	hookAsJump	0x006C88A0,0x006C8140	SoldierGameObj::Export_State_Cs	SoldierGameObj hooks	Code/Combat/soldier.cpp	Canonical supersedes the reimplementation (Apply_Damage already routes through Apply_Damage_IgnoreVehicleCheck, the control/import/export tiers match). Two TT-forward deltas merged: Set_Animation and Set_Blended_Animation refuse while the soldier is in DEATH/DESTROY, and Set_Animation now honours the start frame and sets the mode.	high	merged
tt_4.8.4/tt/tt.cpp	1492	hookAsJump	0x006CFF50,0x006CF7F0	SoldierGameObj::Is_Safe_To_Disable_Ghost_Collision	SoldierGameObj hooks	Code/Combat/soldier.cpp	Canonical supersedes the reimplementation (Apply_Damage already routes through Apply_Damage_IgnoreVehicleCheck, the control/import/export tiers match). Two TT-forward deltas merged: Set_Animation and Set_Blended_Animation refuse while the soldier is in DEATH/DESTROY, and Set_Animation now honours the start frame and sets the mode.	high	merged
tt_4.8.4/tt/tt.cpp	1493	hookAsJump	0x006CA420,0x006C9CC0	SoldierGameObj::Think	SoldierGameObj hooks	Code/Combat/soldier.cpp	Canonical supersedes the reimplementation (Apply_Damage already routes through Apply_Damage_IgnoreVehicleCheck, the control/import/export tiers match). Two TT-forward deltas merged: Set_Animation and Set_Blended_Animation refuse while the soldier is in DEATH/DESTROY, and Set_Animation now honours the start frame and sets the mode.	high	merged
tt_4.8.4/tt/tt.cpp	1494	hookAsJump	0x006CD3F0,0x006CCC90	SoldierGameObj::Apply_Damage_Extended	SoldierGameObj hooks	Code/Combat/soldier.cpp	Canonical supersedes the reimplementation (Apply_Damage already routes through Apply_Damage_IgnoreVehicleCheck, the control/import/export tiers match). Two TT-forward deltas merged: Set_Animation and Set_Blended_Animation refuse while the soldier is in DEATH/DESTROY, and Set_Animation now honours the start frame and sets the mode.	high	merged
tt_4.8.4/tt/tt.cpp	1495	hookAsJump	0x006CBFF0,0x006CB890	SoldierGameObj::Set_Blended_Animation	SoldierGameObj hooks	Code/Combat/soldier.cpp	Canonical supersedes the reimplementation (Apply_Damage already routes through Apply_Damage_IgnoreVehicleCheck, the control/import/export tiers match). Two TT-forward deltas merged: Set_Animation and Set_Blended_Animation refuse while the soldier is in DEATH/DESTROY, and Set_Animation now honours the start frame and sets the mode.	high	merged
tt_4.8.4/tt/tt.cpp	1496	hookAsJump	0x006CC0E0,0x006CB980	SoldierGameObj::Set_Animation	SoldierGameObj hooks	Code/Combat/soldier.cpp	Canonical supersedes the reimplementation (Apply_Damage already routes through Apply_Damage_IgnoreVehicleCheck, the control/import/export tiers match). Two TT-forward deltas merged: Set_Animation and Set_Blended_Animation refuse while the soldier is in DEATH/DESTROY, and Set_Animation now honours the start frame and sets the mode.	high	merged
tt_4.8.4/tt/tt.cpp	1497	hookAsJump	0x006CD3D0,0x006CCC70	SoldierGameObj::Apply_Damage	SoldierGameObj hooks	Code/Combat/soldier.cpp	Canonical supersedes the reimplementation (Apply_Damage already routes through Apply_Damage_IgnoreVehicleCheck, the control/import/export tiers match). Two TT-forward deltas merged: Set_Animation and Set_Blended_Animation refuse while the soldier is in DEATH/DESTROY, and Set_Animation now honours the start frame and sets the mode.	high	merged
tt_4.8.4/tt/tt.cpp	1498	hookAsJump	0x006B6C40,0x006B64E0	ScriptableGameObj::Start_Observers	object create hooks	Code/Combat/scriptablegameobj.cpp	Start_Observers and Post_Re_Init exist natively; TT's additions are the scripts-DLL attach path (directive 0.5), and canonical raises GameEventBus::Raise_Object_Create for the same purpose.	high	merged
tt_4.8.4/tt/tt.cpp	1499	hookAsJump	0x006B65F0,0x006B5E90	ScriptableGameObj::Post_Re_Init	object create hooks	Code/Combat/scriptablegameobj.cpp	Start_Observers and Post_Re_Init exist natively; TT's additions are the scripts-DLL attach path (directive 0.5), and canonical raises GameEventBus::Raise_Object_Create for the same purpose.	high	merged
tt_4.8.4/tt/tt.cpp	1501	hookAsJump	0x0071FD00,0x0071F2C0	ArmedGameObj::Init_Muzzle_Bones	muzzle hook	Code/Combat/armedgameobj.cpp	canonical supersedes: Init_Muzzle_Bones resolves the same four bones with the same fallbacks	high	merged
tt_4.8.4/tt/tt.cpp	1503	hookAsJump	0x0070C630,0x0070BBF0	C4GameObj::Post_Think	C4 hooks	Code/Combat/c4.cpp	canonical already supersedes: canon carries the same stuck-to-object/MCT/static-anim attachment TT does, under different names, and guards more of it	high	merged
tt_4.8.4/tt/tt.cpp	1504	hookAsJump	0x0070B700,0x0070ACC0	C4GameObj::Init_C4	C4 hooks	Code/Combat/c4.cpp	canonical already supersedes: canon carries the same stuck-to-object/MCT/static-anim attachment TT does, under different names, and guards more of it	high	merged
tt_4.8.4/tt/tt.cpp	1505	hookAsJump	0x0070BBA0,0x0070B160	C4GameObj::Collision_Occurred	C4 hooks	Code/Combat/c4.cpp	canonical already supersedes: canon carries the same stuck-to-object/MCT/static-anim attachment TT does, under different names, and guards more of it	high	merged
tt_4.8.4/tt/tt.cpp	1506	hookAsJump	0x0070D6B0,0x0070CC70	C4GameObj::Restore_Owner	C4 hooks	Code/Combat/c4.cpp	canonical already supersedes: canon carries the same stuck-to-object/MCT/static-anim attachment TT does, under different names, and guards more of it	high	merged
tt_4.8.4/tt/tt.cpp	1508	hookAsJump	0x0067A910,0x0067A1B0	VehicleGameObj::Think	VehicleGameObj hooks	Code/Combat/vehicle.cpp	Canonical VehicleGameObj covers all ten: the frequent tier carries the same ammo/position/orientation/velocity payload, Apply_Damage already credits Stats_Add_Vehicle_Destroyed, and the turret slew and Re_Bind_To_Model work landed earlier in P03-J.	high	merged
tt_4.8.4/tt/tt.cpp	1509	hookAsJump	0x0067C360,0x0067BC00	VehicleGameObj::Apply_Damage	VehicleGameObj hooks	Code/Combat/vehicle.cpp	Canonical VehicleGameObj covers all ten: the frequent tier carries the same ammo/position/orientation/velocity payload, Apply_Damage already credits Stats_Add_Vehicle_Destroyed, and the turret slew and Re_Bind_To_Model work landed earlier in P03-J.	high	merged
tt_4.8.4/tt/tt.cpp	1510	hookAsJump	0x00679690,0x00678F30	VehicleGameObj::Import_Frequent	VehicleGameObj hooks	Code/Combat/vehicle.cpp	Canonical VehicleGameObj covers all ten: the frequent tier carries the same ammo/position/orientation/velocity payload, Apply_Damage already credits Stats_Add_Vehicle_Destroyed, and the turret slew and Re_Bind_To_Model work landed earlier in P03-J.	high	merged
tt_4.8.4/tt/tt.cpp	1511	hookAsJump	0x00679970,0x00679210	VehicleGameObj::Export_Frequent	VehicleGameObj hooks	Code/Combat/vehicle.cpp	Canonical VehicleGameObj covers all ten: the frequent tier carries the same ammo/position/orientation/velocity payload, Apply_Damage already credits Stats_Add_Vehicle_Destroyed, and the turret slew and Re_Bind_To_Model work landed earlier in P03-J.	high	merged
tt_4.8.4/tt/tt.cpp	1512	hookAsJump	0x00679E50,0x006796F0	VehicleGameObj::Update_Turret	VehicleGameObj hooks	Code/Combat/vehicle.cpp	Canonical VehicleGameObj covers all ten: the frequent tier carries the same ammo/position/orientation/velocity payload, Apply_Damage already credits Stats_Add_Vehicle_Destroyed, and the turret slew and Re_Bind_To_Model work landed earlier in P03-J.	high	merged
tt_4.8.4/tt/tt.cpp	1513	hookAsJump	0x0067A060,0x00679900	VehicleGameObj::Set_Targeting	VehicleGameObj hooks	Code/Combat/vehicle.cpp	Canonical VehicleGameObj covers all ten: the frequent tier carries the same ammo/position/orientation/velocity payload, Apply_Damage already credits Stats_Add_Vehicle_Destroyed, and the turret slew and Re_Bind_To_Model work landed earlier in P03-J.	high	merged
tt_4.8.4/tt/tt.cpp	1514	hookAsJump	0x0067B460,0x0067AD00	VehicleGameObj::Remove_Occupant	VehicleGameObj hooks	Code/Combat/vehicle.cpp	Canonical VehicleGameObj covers all ten: the frequent tier carries the same ammo/position/orientation/velocity payload, Apply_Damage already credits Stats_Add_Vehicle_Destroyed, and the turret slew and Re_Bind_To_Model work landed earlier in P03-J.	high	merged
tt_4.8.4/tt/tt.cpp	1515	hookAsJump	0x0067AA30,0x0067A2D0	VehicleGameObj::Post_Think	VehicleGameObj hooks	Code/Combat/vehicle.cpp	Canonical VehicleGameObj covers all ten: the frequent tier carries the same ammo/position/orientation/velocity payload, Apply_Damage already credits Stats_Add_Vehicle_Destroyed, and the turret slew and Re_Bind_To_Model work landed earlier in P03-J.	high	merged
tt_4.8.4/tt/tt.cpp	1516	hookAsJump	0x0067C420,0x0067BCC0	VehicleGameObj::Update_Damage_Meshes	VehicleGameObj hooks	Code/Combat/vehicle.cpp	Canonical VehicleGameObj covers all ten: the frequent tier carries the same ammo/position/orientation/velocity payload, Apply_Damage already credits Stats_Add_Vehicle_Destroyed, and the turret slew and Re_Bind_To_Model work landed earlier in P03-J.	high	merged
tt_4.8.4/tt/tt.cpp	1517	typedHookAsJump	0x0067B2D0,0x0067AB70	VehicleGameObj::Add_Occupant	VehicleGameObj hooks	Code/Combat/vehicle.cpp	Canonical VehicleGameObj covers all ten: the frequent tier carries the same ammo/position/orientation/velocity payload, Apply_Damage already credits Stats_Add_Vehicle_Destroyed, and the turret slew and Re_Bind_To_Model work landed earlier in P03-J.	high	merged
tt_4.8.4/tt/tt.cpp	1519	hookAsJump	0x00670BB0,0x00670450	CombatManager::Think	combat manager hooks	Code/Combat/combat.cpp	CombatManager::Think and ::Render exist natively and are equivalent.	high	merged
tt_4.8.4/tt/tt.cpp	1520	hookAsJump	0x00670E30,0x006706D0	CombatManager::Render	combat manager hooks	Code/Combat/combat.cpp	CombatManager::Think and ::Render exist natively and are equivalent.	high	merged
tt_4.8.4/tt/tt.cpp	1523	hookAsJump	0x00401680,0x00401680	CombatGameModeClass::Load_Level	level load hooks	Code/Commando/combatgmode.cpp	canonical supersedes: TT's Load_Level exists to mount its own per-map mix and notify plugins. The lazy per-map mount is already recorded N/A under 'Do not load all .mix files at startup'	high	merged
tt_4.8.4/tt/tt.cpp	1524	hookAsJump	0x004038D0,0x004038D0	CombatGameModeClass::Render	hook CombatGameModeClass::Render	Code/Commando/combatgmode.cpp	canonical supersedes: the same menu-active and camera-valid guards and the same overlay order, plus the bandwidth graph and radio command display TT drops	high	merged
tt_4.8.4/tt/tt.cpp	1525	hookAsJump	0x004035D0,0x004035D0	CombatGameModeClass::Think	CombatGameModeClass hooks	Code/Commando/combatgmode.cpp	canonical supersedes: Think runs the same generate-control, network update and combat think; TT's addition is a Think_Hook for plugins, declined under directive 0.5	high	merged
tt_4.8.4/tt/tt.cpp	1527	hookAsJump	0x004370D0,0x00437170	GameModeManager::Render	hook GameModeManager::Render	Code/Commando/gamemode.cpp	canonical supersedes: reimplemented in TT only so it had something to hook	high	merged
tt_4.8.4/tt/tt.cpp	1528	hookAsJump	0x006EE0F0,0x006ED6B0	VehicleFactoryGameObj::On_Generation_Complete	hook for VehicleBuildingDisable stuff	Code/Combat/vehiclefactorygameobj.cpp;Code/Combat/basecontroller.cpp	n/a: VehicleBuildingDisable replaces per-factory production with a team-wide lock, which is a second production model selected by a flag (directive 0.4); its CurrentlyBuilding state only travels over the scripts text channel and is a plugin export (0.5); and the roadmap's Commander production model supersedes a team-wide lock	high	n/a
tt_4.8.4/tt/tt.cpp	1529	hookAsJump	0x006705E0,0x0066FE80	Level_Loader_Thread	hook for level loading	Code/Commando/gameinitmgr.cpp	canonical supersedes: Level_Loader_Thread is TT's copy of the threaded loader, carrying its map mounting; CombatManager::Load_Level_Threaded already owns the thread	high	merged
tt_4.8.4/tt/tt.cpp	1530	hookAsJump	0x006EF460,0x006EEA20	BaseControllerClass::Request_Harvester	hook for VehicleBuildingDisable stuff	Code/Combat/vehiclefactorygameobj.cpp;Code/Combat/basecontroller.cpp	n/a: VehicleBuildingDisable replaces per-factory production with a team-wide lock, which is a second production model selected by a flag (directive 0.4); its CurrentlyBuilding state only travels over the scripts text channel and is a plugin export (0.5); and the roadmap's Commander production model supersedes a team-wide lock	high	n/a
tt_4.8.4/tt/tt.cpp	1531	hookAsJump	0x0070D160,0x0070C720	C4GameObj::Import_Rare	netcode hooks	Code/Combat	canonical already supersedes: TT reimplements each Import/Export to hook it and keeps the wire format identical (same BITPACK ids, same order). Canon is ahead in places -- BuildingGameObj::Export_Rare also sends IsSpyDisabled, CClientControl::Import_Frequent flushes on a missing object, C4GameObj::Import_Rare already carries the full stuck-to-object replication	high	merged
tt_4.8.4/tt/tt.cpp	1532	hookAsJump	0x006D9640,0x006D8EE0	DamageableGameObj::Export_Occasional	netcode hooks	Code/Combat	canonical already supersedes: TT reimplements each Import/Export to hook it and keeps the wire format identical (same BITPACK ids, same order). Canon is ahead in places -- BuildingGameObj::Export_Rare also sends IsSpyDisabled, CClientControl::Import_Frequent flushes on a missing object, C4GameObj::Import_Rare already carries the full stuck-to-object replication	high	merged
tt_4.8.4/tt/tt.cpp	1533	hookAsJump	0x0068D3B0,0x0068CC50	DefenseObjectClass::Import	netcode hooks	Code/Combat	canonical already supersedes: TT reimplements each Import/Export to hook it and keeps the wire format identical (same BITPACK ids, same order). Canon is ahead in places -- BuildingGameObj::Export_Rare also sends IsSpyDisabled, CClientControl::Import_Frequent flushes on a missing object, C4GameObj::Import_Rare already carries the full stuck-to-object replication	high	merged
tt_4.8.4/tt/tt.cpp	1534	hookAsJump	0x0068E0F0,0x0068D990	DefenseObjectClass::Export	netcode hooks	Code/Combat	canonical already supersedes: TT reimplements each Import/Export to hook it and keeps the wire format identical (same BITPACK ids, same order). Canon is ahead in places -- BuildingGameObj::Export_Rare also sends IsSpyDisabled, CClientControl::Import_Frequent flushes on a missing object, C4GameObj::Import_Rare already carries the full stuck-to-object replication	high	merged
tt_4.8.4/tt/tt.cpp	1535	hookAsJump	0x006ED560,0x00726800	CClientControl::Import_Frequent	netcode hooks	Code/Combat	canonical already supersedes: TT reimplements each Import/Export to hook it and keeps the wire format identical (same BITPACK ids, same order). Canon is ahead in places -- BuildingGameObj::Export_Rare also sends IsSpyDisabled, CClientControl::Import_Frequent flushes on a missing object, C4GameObj::Import_Rare already carries the full stuck-to-object replication	high	merged
tt_4.8.4/tt/tt.cpp	1536	hookAsJump	0x006ED4E0,0x00726780	CClientControl::Export_Frequent	netcode hooks	Code/Combat	canonical already supersedes: TT reimplements each Import/Export to hook it and keeps the wire format identical (same BITPACK ids, same order). Canon is ahead in places -- BuildingGameObj::Export_Rare also sends IsSpyDisabled, CClientControl::Import_Frequent flushes on a missing object, C4GameObj::Import_Rare already carries the full stuck-to-object replication	high	merged
tt_4.8.4/tt/tt.cpp	1537	hookAsJump	0x00684190,0x00683A30	BuildingGameObj::Import_Rare	netcode hooks	Code/Combat	canonical already supersedes: TT reimplements each Import/Export to hook it and keeps the wire format identical (same BITPACK ids, same order). Canon is ahead in places -- BuildingGameObj::Export_Rare also sends IsSpyDisabled, CClientControl::Import_Frequent flushes on a missing object, C4GameObj::Import_Rare already carries the full stuck-to-object replication	high	merged
tt_4.8.4/tt/tt.cpp	1538	hookAsJump	0x00684330,0x00683BD0	BuildingGameObj::Export_Rare	netcode hooks	Code/Combat	canonical already supersedes: TT reimplements each Import/Export to hook it and keeps the wire format identical (same BITPACK ids, same order). Canon is ahead in places -- BuildingGameObj::Export_Rare also sends IsSpyDisabled, CClientControl::Import_Frequent flushes on a missing object, C4GameObj::Import_Rare already carries the full stuck-to-object replication	high	merged
tt_4.8.4/tt/tt.cpp	1539	hookAsJump	0x007698A0,0x00769140	cScExplosionEvent::Import_Creation	netcode hooks	Code/Combat	canonical already supersedes: TT reimplements each Import/Export to hook it and keeps the wire format identical (same BITPACK ids, same order). Canon is ahead in places -- BuildingGameObj::Export_Rare also sends IsSpyDisabled, CClientControl::Import_Frequent flushes on a missing object, C4GameObj::Import_Rare already carries the full stuck-to-object replication	high	merged
tt_4.8.4/tt/tt.cpp	1540	hookAsJump	0x00769730,0x00768FD0	cScExplosionEvent::Export_Creation	netcode hooks	Code/Combat	canonical already supersedes: TT reimplements each Import/Export to hook it and keeps the wire format identical (same BITPACK ids, same order). Canon is ahead in places -- BuildingGameObj::Export_Rare also sends IsSpyDisabled, CClientControl::Import_Frequent flushes on a missing object, C4GameObj::Import_Rare already carries the full stuck-to-object replication	high	merged
tt_4.8.4/tt/tt.cpp	1541	hookAsJump	0x00679430,0x00678CD0	VehicleGameObj::Import_Creation	netcode hooks	Code/Combat	canonical already supersedes: TT reimplements each Import/Export to hook it and keeps the wire format identical (same BITPACK ids, same order). Canon is ahead in places -- BuildingGameObj::Export_Rare also sends IsSpyDisabled, CClientControl::Import_Frequent flushes on a missing object, C4GameObj::Import_Rare already carries the full stuck-to-object replication	high	merged
tt_4.8.4/tt/tt.cpp	1542	hookAsJump	0x00679380,0x00678C20	VehicleGameObj::Export_Creation	netcode hooks	Code/Combat	canonical already supersedes: TT reimplements each Import/Export to hook it and keeps the wire format identical (same BITPACK ids, same order). Canon is ahead in places -- BuildingGameObj::Export_Rare also sends IsSpyDisabled, CClientControl::Import_Frequent flushes on a missing object, C4GameObj::Import_Rare already carries the full stuck-to-object replication	high	merged
tt_4.8.4/tt/tt.cpp	1543	hookAsJump	0x0069FD30,0x0069F5D0	SmartGameObj::Import_Creation	netcode hooks	Code/Combat	canonical already supersedes: TT reimplements each Import/Export to hook it and keeps the wire format identical (same BITPACK ids, same order). Canon is ahead in places -- BuildingGameObj::Export_Rare also sends IsSpyDisabled, CClientControl::Import_Frequent flushes on a missing object, C4GameObj::Import_Rare already carries the full stuck-to-object replication	high	merged
tt_4.8.4/tt/tt.cpp	1544	hookAsJump	0x0069FCF0,0x0069F590	SmartGameObj::Export_Creation	netcode hooks	Code/Combat	canonical already supersedes: TT reimplements each Import/Export to hook it and keeps the wire format identical (same BITPACK ids, same order). Canon is ahead in places -- BuildingGameObj::Export_Rare also sends IsSpyDisabled, CClientControl::Import_Frequent flushes on a missing object, C4GameObj::Import_Rare already carries the full stuck-to-object replication	high	merged
tt_4.8.4/tt/tt.cpp	1545	hookAsJump	0x006A6460,0x006A5D00	PhysicalGameObj::Import_Creation	netcode hooks	Code/Combat	canonical already supersedes: TT reimplements each Import/Export to hook it and keeps the wire format identical (same BITPACK ids, same order). Canon is ahead in places -- BuildingGameObj::Export_Rare also sends IsSpyDisabled, CClientControl::Import_Frequent flushes on a missing object, C4GameObj::Import_Rare already carries the full stuck-to-object replication	high	merged
tt_4.8.4/tt/tt.cpp	1546	hookAsJump	0x006A62D0,0x006A5B70	PhysicalGameObj::Export_Creation	netcode hooks	Code/Combat	canonical already supersedes: TT reimplements each Import/Export to hook it and keeps the wire format identical (same BITPACK ids, same order). Canon is ahead in places -- BuildingGameObj::Export_Rare also sends IsSpyDisabled, CClientControl::Import_Frequent flushes on a missing object, C4GameObj::Import_Rare already carries the full stuck-to-object replication	high	merged
tt_4.8.4/tt/tt.cpp	1547	hookAsJump	0x006A6AE0,0x006A6380	PhysicalGameObj::Import_Frequent	netcode hooks	Code/Combat	canonical already supersedes: TT reimplements each Import/Export to hook it and keeps the wire format identical (same BITPACK ids, same order). Canon is ahead in places -- BuildingGameObj::Export_Rare also sends IsSpyDisabled, CClientControl::Import_Frequent flushes on a missing object, C4GameObj::Import_Rare already carries the full stuck-to-object replication	high	merged
tt_4.8.4/tt/tt.cpp	1548	hookAsJump	0x006A6A90,0x006A6330	PhysicalGameObj::Export_Frequent	netcode hooks	Code/Combat	canonical already supersedes: TT reimplements each Import/Export to hook it and keeps the wire format identical (same BITPACK ids, same order). Canon is ahead in places -- BuildingGameObj::Export_Rare also sends IsSpyDisabled, CClientControl::Import_Frequent flushes on a missing object, C4GameObj::Import_Rare already carries the full stuck-to-object replication	high	merged
tt_4.8.4/tt/tt.cpp	1549	hookAsJump	0x00684CF0,0x00684590	BuildingGameObj::Import_Creation	netcode hooks	Code/Combat	canonical already supersedes: TT reimplements each Import/Export to hook it and keeps the wire format identical (same BITPACK ids, same order). Canon is ahead in places -- BuildingGameObj::Export_Rare also sends IsSpyDisabled, CClientControl::Import_Frequent flushes on a missing object, C4GameObj::Import_Rare already carries the full stuck-to-object replication	high	merged
tt_4.8.4/tt/tt.cpp	1550	hookAsJump	0x006849E0,0x00684280	BuildingGameObj::Export_Creation	netcode hooks	Code/Combat	canonical already supersedes: TT reimplements each Import/Export to hook it and keeps the wire format identical (same BITPACK ids, same order). Canon is ahead in places -- BuildingGameObj::Export_Rare also sends IsSpyDisabled, CClientControl::Import_Frequent flushes on a missing object, C4GameObj::Import_Rare already carries the full stuck-to-object replication	high	merged
tt_4.8.4/tt/tt.cpp	1551	hookAsJump	0x00741C00,0x007414A0	RepairBayGameObj::Import_Creation	netcode hooks	Code/Combat	canonical already supersedes: TT reimplements each Import/Export to hook it and keeps the wire format identical (same BITPACK ids, same order). Canon is ahead in places -- BuildingGameObj::Export_Rare also sends IsSpyDisabled, CClientControl::Import_Frequent flushes on a missing object, C4GameObj::Import_Rare already carries the full stuck-to-object replication	high	merged
tt_4.8.4/tt/tt.cpp	1552	hookAsJump	0x00741940,0x007411E0	RepairBayGameObj::Export_Creation	netcode hooks	Code/Combat	canonical already supersedes: TT reimplements each Import/Export to hook it and keeps the wire format identical (same BITPACK ids, same order). Canon is ahead in places -- BuildingGameObj::Export_Rare also sends IsSpyDisabled, CClientControl::Import_Frequent flushes on a missing object, C4GameObj::Import_Rare already carries the full stuck-to-object replication	high	merged
tt_4.8.4/tt/tt.cpp	1553	hookAsJump	0x0071BCB0,0x0071B270	DoorNetworkObjectClass::Import_Rare	netcode hooks	Code/Combat	canonical already supersedes: TT reimplements each Import/Export to hook it and keeps the wire format identical (same BITPACK ids, same order). Canon is ahead in places -- BuildingGameObj::Export_Rare also sends IsSpyDisabled, CClientControl::Import_Frequent flushes on a missing object, C4GameObj::Import_Rare already carries the full stuck-to-object replication	high	merged
tt_4.8.4/tt/tt.cpp	1554	hookAsJump	0x0071BD80,0x0071B340	DoorNetworkObjectClass::Export_Rare	netcode hooks	Code/Combat	canonical already supersedes: TT reimplements each Import/Export to hook it and keeps the wire format identical (same BITPACK ids, same order). Canon is ahead in places -- BuildingGameObj::Export_Rare also sends IsSpyDisabled, CClientControl::Import_Frequent flushes on a missing object, C4GameObj::Import_Rare already carries the full stuck-to-object replication	high	merged
tt_4.8.4/tt/tt.cpp	1555	hookAsJump	0x006A5400,0x006A4CA0	PhysicalGameObj::Apply_Damage	PhysicalGameObj hooks	Code/Combat/physicalgameobj.cpp	canonical supersedes: Apply_Damage is identical (CombatManager::Can_Damage gate)	high	merged
tt_4.8.4/tt/tt.cpp	1557	hookAsJump	0x0073FE10,0x0073F6B0	AirStripGameObj::Start_Cinematic	hook for  airstrip drop off	Code/Combat/airstripgameobj.cpp	canonical supersedes: Start_Cinematic already hides the vehicle, dirties it and locks it for the purchaser (P03-M). TT's extra is the scripts CUSTOM_EVENT_VEHICLE_OWNER, declined under directive 0.5	high	merged
tt_4.8.4/tt/tt.cpp	1559	typedHookAsJump	0x004067D0,0x004067D0	cGod::Create_Commando	hook for player creation	Code/Commando/god.cpp	canonical supersedes: Create_Commando reimplemented in TT only so it had something to hook for its plugin notifications	high	merged
tt_4.8.4/tt/tt.cpp	1563	hookAsJump	0x00472120,0x00471890	cGameData::Reset_Game	cGameData hooks	Code/Commando/gamedata.cpp	Canonical cGameData covers all eleven: Rotate_Map, Filter_Spawners, the three team-side operations, Begin_Intermission, Game_Over_Processing (with Has_Config_File_Changed and MVP tracking), On_Game_Begin/End, Reset_Game, Is_Map_Valid, Is_Valid_Settings and Set_Max_Players are present and equivalent.	high	merged
tt_4.8.4/tt/tt.cpp	1564	hookAsJump	0x004722A0,0x00471A10	cGameData::Swap_Team_Sides	cGameData hooks	Code/Commando/gamedata.cpp	Canonical cGameData covers all eleven: Rotate_Map, Filter_Spawners, the three team-side operations, Begin_Intermission, Game_Over_Processing (with Has_Config_File_Changed and MVP tracking), On_Game_Begin/End, Reset_Game, Is_Map_Valid, Is_Valid_Settings and Set_Max_Players are present and equivalent.	high	merged
tt_4.8.4/tt/tt.cpp	1565	hookAsJump	0x004725F0,0x00471D60	cGameData::Remix_Team_Sides	cGameData hooks	Code/Commando/gamedata.cpp	Canonical cGameData covers all eleven: Rotate_Map, Filter_Spawners, the three team-side operations, Begin_Intermission, Game_Over_Processing (with Has_Config_File_Changed and MVP tracking), On_Game_Begin/End, Reset_Game, Is_Map_Valid, Is_Valid_Settings and Set_Max_Players are present and equivalent.	high	merged
tt_4.8.4/tt/tt.cpp	1566	hookAsJump	0x00472700,0x00471E70	cGameData::Rebalance_Team_Sides	cGameData hooks	Code/Commando/gamedata.cpp	Canonical cGameData covers all eleven: Rotate_Map, Filter_Spawners, the three team-side operations, Begin_Intermission, Game_Over_Processing (with Has_Config_File_Changed and MVP tracking), On_Game_Begin/End, Reset_Game, Is_Map_Valid, Is_Valid_Settings and Set_Max_Players are present and equivalent.	high	merged
tt_4.8.4/tt/tt.cpp	1569	hookAsJump	0x00472910,0x00472080	cGameData::Set_Max_Players	cGameData hooks	Code/Commando/gamedata.cpp	Canonical cGameData covers all eleven: Rotate_Map, Filter_Spawners, the three team-side operations, Begin_Intermission, Game_Over_Processing (with Has_Config_File_Changed and MVP tracking), On_Game_Begin/End, Reset_Game, Is_Map_Valid, Is_Valid_Settings and Set_Max_Players are present and equivalent.	high	merged
tt_4.8.4/tt/tt.cpp	1581	hookAsJump	0x00472B60,0x004722D0	cGameData::Is_Map_Valid	cGameData hooks	Code/Commando/gamedata.cpp	Canonical cGameData covers all eleven: Rotate_Map, Filter_Spawners, the three team-side operations, Begin_Intermission, Game_Over_Processing (with Has_Config_File_Changed and MVP tracking), On_Game_Begin/End, Reset_Game, Is_Map_Valid, Is_Valid_Settings and Set_Max_Players are present and equivalent.	high	merged
tt_4.8.4/tt/tt.cpp	1582	hookAsJump	0x00472BB0,0x00472320	cGameData::Is_Valid_Settings	cGameData hooks	Code/Commando/gamedata.cpp	Canonical cGameData covers all eleven: Rotate_Map, Filter_Spawners, the three team-side operations, Begin_Intermission, Game_Over_Processing (with Has_Config_File_Changed and MVP tracking), On_Game_Begin/End, Reset_Game, Is_Map_Valid, Is_Valid_Settings and Set_Max_Players are present and equivalent.	high	merged
tt_4.8.4/tt/tt.cpp	1592	hookAsJump	0x00474B00,0x004741D0	cGameData::Begin_Intermission	cGameData hooks	Code/Commando/gamedata.cpp	Canonical cGameData covers all eleven: Rotate_Map, Filter_Spawners, the three team-side operations, Begin_Intermission, Game_Over_Processing (with Has_Config_File_Changed and MVP tracking), On_Game_Begin/End, Reset_Game, Is_Map_Valid, Is_Valid_Settings and Set_Max_Players are present and equivalent.	high	merged
tt_4.8.4/tt/tt.cpp	1607	hookAsJump	0x004752E0,0x004749B0	cGameData::Game_Over_Processing	cGameData hooks	Code/Commando/gamedata.cpp	Canonical cGameData covers all eleven: Rotate_Map, Filter_Spawners, the three team-side operations, Begin_Intermission, Game_Over_Processing (with Has_Config_File_Changed and MVP tracking), On_Game_Begin/End, Reset_Game, Is_Map_Valid, Is_Valid_Settings and Set_Max_Players are present and equivalent.	high	merged
tt_4.8.4/tt/tt.cpp	1624	hookAsJump	0x004762A0,0x00475970	cGameData::On_Game_Begin	cGameData hooks	Code/Commando/gamedata.cpp	Canonical cGameData covers all eleven: Rotate_Map, Filter_Spawners, the three team-side operations, Begin_Intermission, Game_Over_Processing (with Has_Config_File_Changed and MVP tracking), On_Game_Begin/End, Reset_Game, Is_Map_Valid, Is_Valid_Settings and Set_Max_Players are present and equivalent.	high	merged
tt_4.8.4/tt/tt.cpp	1625	hookAsJump	0x00476420,0x00475BD0	cGameData::On_Game_End	cGameData hooks	Code/Commando/gamedata.cpp	Canonical cGameData covers all eleven: Rotate_Map, Filter_Spawners, the three team-side operations, Begin_Intermission, Game_Over_Processing (with Has_Config_File_Changed and MVP tracking), On_Game_Begin/End, Reset_Game, Is_Map_Valid, Is_Valid_Settings and Set_Max_Players are present and equivalent.	high	merged
tt_4.8.4/tt/tt.cpp	1653	hookAsJump	0x00402C00,0x00402C00	LoadingScreenClass::Render	hook for loadscreen	Code/Commando/combatgmode.cpp	canonical supersedes: LoadingScreenClass::Render is reimplemented in TT to draw its own progress art over the stock screen	high	merged
tt_4.8.4/tt/tt.cpp	1655	hookAsJump	0x00716700,0x00715CC0	BulletDataClass::Bullet_Collision_Occurred	hook for bullet code	Code/Combat/bullet.cpp	canonical supersedes: the last-hit id, the soft pierce limit, the explosion and the C4 stuck-object pass-through damage are all present	high	merged
tt_4.8.4/tt/tt.cpp	1656	hookAsJump	0x00701B20,0x007010E0	WeaponClass::Update	hook for weapon code	Code/Combat/weapons.cpp	Add_Rounds and Update are equivalent, and canonical also honours the infinite-ammo cheat; TT's *_Client variants are the scripts ammo API (directive 0.5).	high	merged
tt_4.8.4/tt/tt.cpp	1657	hookAsJump	0x006FAE20,0x006FA3E0	WeaponClass::Add_Rounds	hook for weapon code	Code/Combat/weapons.cpp	Add_Rounds and Update are equivalent, and canonical also honours the infinite-ammo cheat; TT's *_Client variants are the scripts ammo API (directive 0.5).	high	merged
tt_4.8.4/tt/tt.cpp	1658	hookAsCall	0x006F1258,0x006F0818	WeaponClass::Add_Rounds_Client	hook for weapon code	Code/Combat/weapons.cpp	Add_Rounds and Update are equivalent, and canonical also honours the infinite-ammo cheat; TT's *_Client variants are the scripts ammo API (directive 0.5).	high	merged
tt_4.8.4/tt/tt.cpp	1659	hookAsJump	0x0064D900,0x0064D1A0	TrackedVehicleClass::Render	hook for tracked vehicle code	Code/wwphys/trackedvehicle.cpp	canonical supersedes: TrackedVehicleClass::Render is identical line for line	high	merged
tt_4.8.4/tt/tt.cpp	1661	hookAsJump	0x0069AF50,0x0069A7F0	HumanStateClass::Set_State	humanstateclass hooks	Code/Combat/humanstate.cpp	Canonical HumanStateClass supersedes: the death/destroy guard, the state-lock release and the sub-state derivation from the animation move vector are all present and equivalent.	high	merged
tt_4.8.4/tt/tt.cpp	1662	hookAsJump	0x0069B2F0,0x0069AB90	HumanStateClass::Update_Animation	humanstateclass hooks	Code/Combat/humanstate.cpp	Canonical HumanStateClass supersedes: the death/destroy guard, the state-lock release and the sub-state derivation from the animation move vector are all present and equivalent.	high	merged
tt_4.8.4/tt/tt.cpp	1663	hookAsJump	0x0069BB40,0x0069B3E0	HumanStateClass::Update_State	humanstateclass hooks	Code/Combat/humanstate.cpp	Canonical HumanStateClass supersedes: the death/destroy guard, the state-lock release and the sub-state derivation from the animation move vector are all present and equivalent.	high	merged
tt_4.8.4/tt/tt.cpp	1664	hookAsJump	0x0069BF50,0x0069B7F0	HumanStateClass::Post_Think	humanstateclass hooks	Code/Combat/humanstate.cpp	Canonical HumanStateClass supersedes: the death/destroy guard, the state-lock release and the sub-state derivation from the animation move vector are all present and equivalent.	high	merged
tt_4.8.4/tt/tt.cpp	1666	hookAsJump	0x006A9080,0x006A8920	SurfaceEffectsManager::Init	hooks for surfaceeffects.ini	Code/Combat/surfaceeffects.cpp	Canonical SurfaceEffectsManager reads the same ini and is well ahead of TT's (persistent emitters and sounds, permeability, override surface type).	high	merged
tt_4.8.4/tt/tt.cpp	1667	hookAsJump	0x006A95F0,0x006A8E90	SurfaceEffectsManager::Shutdown	hooks for surfaceeffects.ini	Code/Combat/surfaceeffects.cpp	Canonical SurfaceEffectsManager reads the same ini and is well ahead of TT's (persistent emitters and sounds, permeability, override surface type).	high	merged
tt_4.8.4/tt/tt.cpp	1669	hookAsJump	0x0064DEC0,0x0064D760	TrackedVehicleClass::Compute_Force_And_Torque		Code/wwphys/trackedvehicle.cpp:304	Inside #ifdef HOVER_TEST -- disabled experimental hover physics, not built by TT either.	high	n/a
tt_4.8.4/tt/tt.cpp	1670	hookAsJump	0x00654A50,0x006542F0	RigidBodyClass::Compute_Derivatives		Code/wwphys/rbody.h:68	Inside #ifdef HOVER_TEST -- disabled experimental hover physics, not built by TT either.	medium	n/a
tt_4.8.4/tt/tt.cpp	1671	hookAsJump	0x00655960,0x00655200	RigidBodyClass::Compute_Force_And_Torque		Code/wwphys/rbody.cpp:1220	Inside #ifdef HOVER_TEST -- disabled experimental hover physics, not built by TT either.	high	n/a
tt_4.8.4/tt/tt.cpp	1674	hookAsJump	0x004E60D0,0x004E5970	ModPackageClass::Set_Package_Filename	modpackage hooks	Code/Commando/modpackagemgr.cpp;Code/Commando/modpackage.cpp	canonical already supersedes (canon is ahead: null checks, INVALID_HANDLE handling); Load_Current_Mod's leak of the previous factory fixed. TT hooks these to route mod packages through its HashMixFileFactoryClass VFS and its ModReg registry redirection -- the VFS is declined per directive 0.5, ModReg is tracked in P03-INI	high	merged
tt_4.8.4/tt/tt.cpp	1675	hookAsJump	0x004E6260,0x004E5B00	ModPackageClass::Build_Level_List	modpackage hooks	Code/Commando/modpackagemgr.cpp;Code/Commando/modpackage.cpp	canonical already supersedes (canon is ahead: null checks, INVALID_HANDLE handling); Load_Current_Mod's leak of the previous factory fixed. TT hooks these to route mod packages through its HashMixFileFactoryClass VFS and its ModReg registry redirection -- the VFS is declined per directive 0.5, ModReg is tracked in P03-INI	high	merged
tt_4.8.4/tt/tt.cpp	1676	hookAsJump	0x004E64C0,0x004E5D60	ModPackageClass::Find_Map_From_CRC	modpackage hooks	Code/Commando/modpackagemgr.cpp;Code/Commando/modpackage.cpp	canonical already supersedes (canon is ahead: null checks, INVALID_HANDLE handling); Load_Current_Mod's leak of the previous factory fixed. TT hooks these to route mod packages through its HashMixFileFactoryClass VFS and its ModReg registry redirection -- the VFS is declined per directive 0.5, ModReg is tracked in P03-INI	high	merged
tt_4.8.4/tt/tt.cpp	1677	hookAsJump	0x004E65F0,0x004E5E90	ModPackageClass::Compute_CRC	modpackage hooks	Code/Commando/modpackagemgr.cpp;Code/Commando/modpackage.cpp	canonical already supersedes (canon is ahead: null checks, INVALID_HANDLE handling); Load_Current_Mod's leak of the previous factory fixed. TT hooks these to route mod packages through its HashMixFileFactoryClass VFS and its ModReg registry redirection -- the VFS is declined per directive 0.5, ModReg is tracked in P03-INI	high	merged
tt_4.8.4/tt/tt.cpp	1678	hookAsJump	0x004E66C0,0x004E5F60	ModPackageClass::Get_CRC	modpackage hooks	Code/Commando/modpackagemgr.cpp;Code/Commando/modpackage.cpp	canonical already supersedes (canon is ahead: null checks, INVALID_HANDLE handling); Load_Current_Mod's leak of the previous factory fixed. TT hooks these to route mod packages through its HashMixFileFactoryClass VFS and its ModReg registry redirection -- the VFS is declined per directive 0.5, ModReg is tracked in P03-INI	high	merged
tt_4.8.4/tt/tt.cpp	1679	hookAsJump	0x004E66E0,0x004E5F80	ModPackageClass::Get_Map_Index	modpackage hooks	Code/Commando/modpackagemgr.cpp;Code/Commando/modpackage.cpp	canonical already supersedes (canon is ahead: null checks, INVALID_HANDLE handling); Load_Current_Mod's leak of the previous factory fixed. TT hooks these to route mod packages through its HashMixFileFactoryClass VFS and its ModReg registry redirection -- the VFS is declined per directive 0.5, ModReg is tracked in P03-INI	high	merged
tt_4.8.4/tt/tt.cpp	1680	hookAsJump	0x00470900,0x00470070	Purchase_Vendor_Item	hook VendorClass::Purchase_Item	Code/Commando/vendor.cpp;Code/Commando/purchaserequestevent.cpp	canonical supersedes: the unpowered cost multiplier, the per-type dispatch and the response event all exist, and DisableCostMultiplier is already honoured (P03-G)	high	merged
tt_4.8.4/tt/tt.cpp	1681	hookAsJump	0x00470AC0,0x00470230	VendorGrantSupplies	hook VendorClass::Grant_Supplies	Code/Commando/vendor.cpp	canonical supersedes: Grant_Supplies restores the same generic-ammo weapons, health and armour; the rounds are safe_int fields the weapon bag already replicates	high	merged
tt_4.8.4/tt/tt.cpp	1683	hookAsJump	0x004E6880,0x004E6120	ModPackageMgrClass::Initialize	modpackage hooks	Code/Commando/modpackagemgr.cpp;Code/Commando/modpackage.cpp	canonical already supersedes (canon is ahead: null checks, INVALID_HANDLE handling); Load_Current_Mod's leak of the previous factory fixed. TT hooks these to route mod packages through its HashMixFileFactoryClass VFS and its ModReg registry redirection -- the VFS is declined per directive 0.5, ModReg is tracked in P03-INI	high	merged
tt_4.8.4/tt/tt.cpp	1684	hookAsJump	0x004E68B0,0x004E6150	ModPackageMgrClass::Shutdown	modpackage hooks	Code/Commando/modpackagemgr.cpp;Code/Commando/modpackage.cpp	canonical already supersedes (canon is ahead: null checks, INVALID_HANDLE handling); Load_Current_Mod's leak of the previous factory fixed. TT hooks these to route mod packages through its HashMixFileFactoryClass VFS and its ModReg registry redirection -- the VFS is declined per directive 0.5, ModReg is tracked in P03-INI	high	merged
tt_4.8.4/tt/tt.cpp	1685	hookAsJump	0x004E68E0,0x004E6180	ModPackageMgrClass::Build_List	modpackage hooks	Code/Commando/modpackagemgr.cpp;Code/Commando/modpackage.cpp	canonical already supersedes (canon is ahead: null checks, INVALID_HANDLE handling); Load_Current_Mod's leak of the previous factory fixed. TT hooks these to route mod packages through its HashMixFileFactoryClass VFS and its ModReg registry redirection -- the VFS is declined per directive 0.5, ModReg is tracked in P03-INI	high	merged
tt_4.8.4/tt/tt.cpp	1686	hookAsJump	0x004E6AA0,0x004E6340	ModPackageMgrClass::Reset_List	modpackage hooks	Code/Commando/modpackagemgr.cpp;Code/Commando/modpackage.cpp	canonical already supersedes (canon is ahead: null checks, INVALID_HANDLE handling); Load_Current_Mod's leak of the previous factory fixed. TT hooks these to route mod packages through its HashMixFileFactoryClass VFS and its ModReg registry redirection -- the VFS is declined per directive 0.5, ModReg is tracked in P03-INI	high	merged
tt_4.8.4/tt/tt.cpp	1687	typedHookAsJump	0x004E6AD0,0x004E6370	ModPackageMgrClass::Set_Current_Package	modpackage hooks	Code/Commando/modpackagemgr.cpp;Code/Commando/modpackage.cpp	canonical already supersedes (canon is ahead: null checks, INVALID_HANDLE handling); Load_Current_Mod's leak of the previous factory fixed. TT hooks these to route mod packages through its HashMixFileFactoryClass VFS and its ModReg registry redirection -- the VFS is declined per directive 0.5, ModReg is tracked in P03-INI	high	merged
tt_4.8.4/tt/tt.cpp	1688	typedHookAsJump	0x004E6B30,0x004E63D0	ModPackageMgrClass::Set_Current_Package	modpackage hooks	Code/Commando/modpackagemgr.cpp;Code/Commando/modpackage.cpp	canonical already supersedes (canon is ahead: null checks, INVALID_HANDLE handling); Load_Current_Mod's leak of the previous factory fixed. TT hooks these to route mod packages through its HashMixFileFactoryClass VFS and its ModReg registry redirection -- the VFS is declined per directive 0.5, ModReg is tracked in P03-INI	high	merged
tt_4.8.4/tt/tt.cpp	1689	hookAsJump	0x004E6BA0,0x004E6440	ModPackageMgrClass::Find_Package	modpackage hooks	Code/Commando/modpackagemgr.cpp;Code/Commando/modpackage.cpp	canonical already supersedes (canon is ahead: null checks, INVALID_HANDLE handling); Load_Current_Mod's leak of the previous factory fixed. TT hooks these to route mod packages through its HashMixFileFactoryClass VFS and its ModReg registry redirection -- the VFS is declined per directive 0.5, ModReg is tracked in P03-INI	high	merged
tt_4.8.4/tt/tt.cpp	1690	hookAsJump	0x004E6BF0,0x004E6490	ModPackageMgrClass::Get_Mod_Map_Name_From_CRC_Index	modpackage hooks	Code/Commando/modpackagemgr.cpp;Code/Commando/modpackage.cpp	canonical already supersedes (canon is ahead: null checks, INVALID_HANDLE handling); Load_Current_Mod's leak of the previous factory fixed. TT hooks these to route mod packages through its HashMixFileFactoryClass VFS and its ModReg registry redirection -- the VFS is declined per directive 0.5, ModReg is tracked in P03-INI	high	merged
tt_4.8.4/tt/tt.cpp	1691	hookAsJump	0x004E6E10,0x004E66B0	ModPackageMgrClass::Get_Mod_Map_Name_From_CRC	modpackage hooks	Code/Commando/modpackagemgr.cpp;Code/Commando/modpackage.cpp	canonical already supersedes (canon is ahead: null checks, INVALID_HANDLE handling); Load_Current_Mod's leak of the previous factory fixed. TT hooks these to route mod packages through its HashMixFileFactoryClass VFS and its ModReg registry redirection -- the VFS is declined per directive 0.5, ModReg is tracked in P03-INI	high	merged
tt_4.8.4/tt/tt.cpp	1692	hookAsJump	0x004E6F50,0x004E67F0	ModPackageMgrClass::Find_Filename_From_CRC	modpackage hooks	Code/Commando/modpackagemgr.cpp;Code/Commando/modpackage.cpp	canonical already supersedes (canon is ahead: null checks, INVALID_HANDLE handling); Load_Current_Mod's leak of the previous factory fixed. TT hooks these to route mod packages through its HashMixFileFactoryClass VFS and its ModReg registry redirection -- the VFS is declined per directive 0.5, ModReg is tracked in P03-INI	high	merged
tt_4.8.4/tt/tt.cpp	1693	hookAsJump	0x004E71A0,0x004E6A40	ModPackageMgrClass::Find_Package_From_CRC	modpackage hooks	Code/Commando/modpackagemgr.cpp;Code/Commando/modpackage.cpp	canonical already supersedes (canon is ahead: null checks, INVALID_HANDLE handling); Load_Current_Mod's leak of the previous factory fixed. TT hooks these to route mod packages through its HashMixFileFactoryClass VFS and its ModReg registry redirection -- the VFS is declined per directive 0.5, ModReg is tracked in P03-INI	high	merged
tt_4.8.4/tt/tt.cpp	1694	hookAsJump	0x004E7270,0x004E6B10	ModPackageMgrClass::Load_Current_Mod	modpackage hooks	Code/Commando/modpackagemgr.cpp;Code/Commando/modpackage.cpp	canonical already supersedes (canon is ahead: null checks, INVALID_HANDLE handling); Load_Current_Mod's leak of the previous factory fixed. TT hooks these to route mod packages through its HashMixFileFactoryClass VFS and its ModReg registry redirection -- the VFS is declined per directive 0.5, ModReg is tracked in P03-INI	high	merged
tt_4.8.4/tt/tt.cpp	1695	hookAsJump	0x004E72E0,0x004E6B80	ModPackageMgrClass::Unload_Current_Mod	modpackage hooks	Code/Commando/modpackagemgr.cpp;Code/Commando/modpackage.cpp	canonical already supersedes (canon is ahead: null checks, INVALID_HANDLE handling); Load_Current_Mod's leak of the previous factory fixed. TT hooks these to route mod packages through its HashMixFileFactoryClass VFS and its ModReg registry redirection -- the VFS is declined per directive 0.5, ModReg is tracked in P03-INI	high	merged
tt_4.8.4/tt/tt.cpp	1697	hookAsJump	0x00728A10,0x007282B0	Set_Animation	Scripts Set_Animation hook	Code/Combat/scriptcommands.cpp	canonical supersedes: the bodies match, and TT's dying-soldier guard was merged one level down in SoldierGameObj::Set_Animation (P03-N), which covers every caller	high	merged
tt_4.8.4/tt/tt.cpp	1698	hookAsJump	0x0072ACC0,0x0072A560	Apply_Damage	Scripts Apply_Damage hook	Code/Combat/scriptcommands.cpp	merged natively: scripted damage to a vehicle now calls Damage_Meshes_Update, so the damage meshes follow on every machine	high	merged
tt_4.8.4/tt/tt.cpp	1706	hookAsJump	0x0047A780,0x00479F10	cLanChat::Refusal_Actions	hook cLanChat	Code/Commando/lanchat.cpp	Refusal_Actions is identical and Think/Send_Position_Broadcast are equivalent; canonical also carries the LAN registry and packet handling TT left in the exe.	high	merged
tt_4.8.4/tt/tt.cpp	1707	hookAsJump	0x0047A790,0x00479F20	cLanChat::Send_Position_Broadcast	hook cLanChat	Code/Commando/lanchat.cpp	Refusal_Actions is identical and Think/Send_Position_Broadcast are equivalent; canonical also carries the LAN registry and packet handling TT left in the exe.	high	merged
tt_4.8.4/tt/tt.cpp	1711	hookAsJump	0x0047AB30,0x0047A2C0	cLanChat::Think	hook cLanChat	Code/Commando/lanchat.cpp	Refusal_Actions is identical and Think/Send_Position_Broadcast are equivalent; canonical also carries the LAN registry and packet handling TT left in the exe.	high	merged
tt_4.8.4/tt/tt.cpp	1716	hookAsJump	0x00709680,0x00708C40	BeaconGameObj::Init_Beacon	beacon hooks	Code/Combat/beacongameobj.cpp	Code/Combat/beacongameobj.cpp -- detonated-beacon guard, action bar gated on COMBAT_STAR, Nuke/IonWeatherDisable; e3b8988a. TT ExplosionObj global declined per directive 0.5	high	merged
tt_4.8.4/tt/tt.cpp	1722	hookAsJump	0x00709BA0,0x00709160	BeaconGameObj::Start_Cinematic	beacon hooks	Code/Combat/beacongameobj.cpp	Code/Combat/beacongameobj.cpp -- detonated-beacon guard, action bar gated on COMBAT_STAR, Nuke/IonWeatherDisable; e3b8988a. TT ExplosionObj global declined per directive 0.5	high	merged
tt_4.8.4/tt/tt.cpp	1723	hookAsJump	0x00709C00,0x007091C0	BeaconGameObj::Stop_Armed_Sound	beacon hooks	Code/Combat/beacongameobj.cpp	Code/Combat/beacongameobj.cpp -- detonated-beacon guard, action bar gated on COMBAT_STAR, Nuke/IonWeatherDisable; e3b8988a. TT ExplosionObj global declined per directive 0.5	high	merged
tt_4.8.4/tt/tt.cpp	1724	hookAsJump	0x00709C40,0x00709200	BeaconGameObj::Set_State	beacon hooks	Code/Combat/beacongameobj.cpp	Code/Combat/beacongameobj.cpp -- detonated-beacon guard, action bar gated on COMBAT_STAR, Nuke/IonWeatherDisable; e3b8988a. TT ExplosionObj global declined per directive 0.5	high	merged
tt_4.8.4/tt/tt.cpp	1725	hookAsJump	0x0070A1C0,0x00709780	BeaconGameObj::Update_State	beacon hooks	Code/Combat/beacongameobj.cpp	Code/Combat/beacongameobj.cpp -- detonated-beacon guard, action bar gated on COMBAT_STAR, Nuke/IonWeatherDisable; e3b8988a. TT ExplosionObj global declined per directive 0.5	high	merged
tt_4.8.4/tt/tt.cpp	1726	hookAsJump	0x0070A4A0,0x00709A60	BeaconGameObj::Get_Enemy_Base	beacon hooks	Code/Combat/beacongameobj.cpp	Code/Combat/beacongameobj.cpp -- detonated-beacon guard, action bar gated on COMBAT_STAR, Nuke/IonWeatherDisable; e3b8988a. TT ExplosionObj global declined per directive 0.5	high	merged
tt_4.8.4/tt/tt.cpp	1727	hookAsJump	0x0070A4C0,0x00709A80	BeaconGameObj::Can_Place_Here	beacon hooks	Code/Combat/beacongameobj.cpp	Code/Combat/beacongameobj.cpp -- detonated-beacon guard, action bar gated on COMBAT_STAR, Nuke/IonWeatherDisable; e3b8988a. TT ExplosionObj global declined per directive 0.5	high	merged
tt_4.8.4/tt/tt.cpp	1728	hookAsJump	0x0070A4D0,0x00709A90	BeaconGameObj::Is_In_Enemy_Base	beacon hooks	Code/Combat/beacongameobj.cpp	Code/Combat/beacongameobj.cpp -- detonated-beacon guard, action bar gated on COMBAT_STAR, Nuke/IonWeatherDisable; e3b8988a. TT ExplosionObj global declined per directive 0.5	high	merged
tt_4.8.4/tt/tt.cpp	1729	hookAsJump	0x0070A530,0x00709AF0	BeaconGameObj::Stop_Current_Message_Sound	beacon hooks	Code/Combat/beacongameobj.cpp	Code/Combat/beacongameobj.cpp -- detonated-beacon guard, action bar gated on COMBAT_STAR, Nuke/IonWeatherDisable; e3b8988a. TT ExplosionObj global declined per directive 0.5	high	merged
tt_4.8.4/tt/tt.cpp	1731	hookAsJump	0x0070A760,0x00709D20	BeaconGameObj::Begin_Arming	beacon hooks	Code/Combat/beacongameobj.cpp	Code/Combat/beacongameobj.cpp -- detonated-beacon guard, action bar gated on COMBAT_STAR, Nuke/IonWeatherDisable; e3b8988a. TT ExplosionObj global declined per directive 0.5	high	merged
tt_4.8.4/tt/tt.cpp	1735	hookAsJump	0x0070AA50,0x0070A010	BeaconGameObj::Get_Owner	beacon hooks	Code/Combat/beacongameobj.cpp	Code/Combat/beacongameobj.cpp -- detonated-beacon guard, action bar gated on COMBAT_STAR, Nuke/IonWeatherDisable; e3b8988a. TT ExplosionObj global declined per directive 0.5	high	merged
tt_4.8.4/tt/tt.cpp	1736	hookAsJump	0x0070AA90,0x0070A050	BeaconGameObj::Completely_Damaged	beacon hooks	Code/Combat/beacongameobj.cpp	Code/Combat/beacongameobj.cpp -- detonated-beacon guard, action bar gated on COMBAT_STAR, Nuke/IonWeatherDisable; e3b8988a. TT ExplosionObj global declined per directive 0.5	high	merged
tt_4.8.4/tt/tt.cpp	1738	hookAsJump	0x0070AD50,0x0070A310	BeaconGameObj::Export_Rare	beacon hooks	Code/Combat/beacongameobj.cpp	Code/Combat/beacongameobj.cpp -- detonated-beacon guard, action bar gated on COMBAT_STAR, Nuke/IonWeatherDisable; e3b8988a. TT ExplosionObj global declined per directive 0.5	high	merged
tt_4.8.4/tt/tt.cpp	1739	hookAsJump	0x0070AE80,0x0070A440	BeaconGameObj::Import_Rare	beacon hooks	Code/Combat/beacongameobj.cpp	Code/Combat/beacongameobj.cpp -- detonated-beacon guard, action bar gated on COMBAT_STAR, Nuke/IonWeatherDisable; e3b8988a. TT ExplosionObj global declined per directive 0.5	high	merged
tt_4.8.4/tt/tt.cpp	1742	hookAsJump	0x004B4B00,0x004B4300	cBioEvent::Init	cBioEvent hooks	Code/Commando/bioevent.cpp	Canonical cBioEvent is equivalent, and the one TT-forward item -- refusing a bad nickname in Act -- landed with the cNetwork name-validation work.	high	merged
tt_4.8.4/tt/tt.cpp	1743	hookAsJump	0x004B4C00,0x004B4400	cBioEvent::Act	cBioEvent hooks	Code/Commando/bioevent.cpp	Canonical cBioEvent is equivalent, and the one TT-forward item -- refusing a bad nickname in Act -- landed with the cNetwork name-validation work.	high	merged
tt_4.8.4/tt/tt.cpp	1744	hookAsJump	0x004B4E50,0x004B4650	cBioEvent::Export_Creation	cBioEvent hooks	Code/Commando/bioevent.cpp	Canonical cBioEvent is equivalent, and the one TT-forward item -- refusing a bad nickname in Act -- landed with the cNetwork name-validation work.	high	merged
tt_4.8.4/tt/tt.cpp	1745	hookAsJump	0x004B4EF0,0x004B46F0	cBioEvent::Import_Creation	cBioEvent hooks	Code/Commando/bioevent.cpp	Canonical cBioEvent is equivalent, and the one TT-forward item -- refusing a bad nickname in Act -- landed with the cNetwork name-validation work.	high	merged
tt_4.8.4/tt/tt.cpp	1746	hookAsJump	0x00713C20,0x007131E0	WeatherMgrClass::Init	weather hooks	Code/Combat/WeatherMgr.cpp;Code/Combat/backgroundmgr.cpp	hook plumbing, no behaviour: TT heap-allocates _TheWeatherMgr/_TheBackgroundMgr in Init only because it cannot stop the stock exe constructing its own statics. Canon's file-scope instances are the single implementation, and NetworkObjectClass's ctor is inert at static-init time (IsServer false), so there is no order hazard to fix	high	n/a
tt_4.8.4/tt/tt.cpp	1747	hookAsJump	0x00713DD0,0x00713390	WeatherMgrClass::Shutdown	weather hooks	Code/Combat/WeatherMgr.cpp;Code/Combat/backgroundmgr.cpp	hook plumbing, no behaviour: TT heap-allocates _TheWeatherMgr/_TheBackgroundMgr in Init only because it cannot stop the stock exe constructing its own statics. Canon's file-scope instances are the single implementation, and NetworkObjectClass's ctor is inert at static-init time (IsServer false), so there is no order hazard to fix	high	n/a
tt_4.8.4/tt/tt.cpp	1748	typedHookAsJump	0x00713E00,0x007133C0	WeatherMgrClass::Set_Wind	weather hooks	Code/Combat/WeatherMgr.cpp;Code/Combat/backgroundmgr.cpp	hook plumbing, no behaviour: TT heap-allocates _TheWeatherMgr/_TheBackgroundMgr in Init only because it cannot stop the stock exe constructing its own statics. Canon's file-scope instances are the single implementation, and NetworkObjectClass's ctor is inert at static-init time (IsServer false), so there is no order hazard to fix	high	n/a
tt_4.8.4/tt/tt.cpp	1749	typedHookAsJump	0x00714180,0x00713740	WeatherMgrClass::Set_Precipitation	weather hooks	Code/Combat/WeatherMgr.cpp;Code/Combat/backgroundmgr.cpp	hook plumbing, no behaviour: TT heap-allocates _TheWeatherMgr/_TheBackgroundMgr in Init only because it cannot stop the stock exe constructing its own statics. Canon's file-scope instances are the single implementation, and NetworkObjectClass's ctor is inert at static-init time (IsServer false), so there is no order hazard to fix	high	n/a
tt_4.8.4/tt/tt.cpp	1750	hookAsJump	0x00714D70,0x00714330	WeatherMgrClass::Save_Dynamic	weather hooks	Code/Combat/WeatherMgr.cpp;Code/Combat/backgroundmgr.cpp	hook plumbing, no behaviour: TT heap-allocates _TheWeatherMgr/_TheBackgroundMgr in Init only because it cannot stop the stock exe constructing its own statics. Canon's file-scope instances are the single implementation, and NetworkObjectClass's ctor is inert at static-init time (IsServer false), so there is no order hazard to fix	high	n/a
tt_4.8.4/tt/tt.cpp	1751	hookAsJump	0x00715430,0x007149F0	WeatherMgrClass::Load_Dynamic	weather hooks	Code/Combat/WeatherMgr.cpp;Code/Combat/backgroundmgr.cpp	hook plumbing, no behaviour: TT heap-allocates _TheWeatherMgr/_TheBackgroundMgr in Init only because it cannot stop the stock exe constructing its own statics. Canon's file-scope instances are the single implementation, and NetworkObjectClass's ctor is inert at static-init time (IsServer false), so there is no order hazard to fix	high	n/a
tt_4.8.4/tt/tt.cpp	1752	hookAsJump	0x006E9150,0x006E89F0	BackgroundMgrClass::Init	weather hooks	Code/Combat/WeatherMgr.cpp;Code/Combat/backgroundmgr.cpp	hook plumbing, no behaviour: TT heap-allocates _TheWeatherMgr/_TheBackgroundMgr in Init only because it cannot stop the stock exe constructing its own statics. Canon's file-scope instances are the single implementation, and NetworkObjectClass's ctor is inert at static-init time (IsServer false), so there is no order hazard to fix	high	n/a
tt_4.8.4/tt/tt.cpp	1753	hookAsJump	0x006E92D0,0x006E8B70	BackgroundMgrClass::Shutdown	weather hooks	Code/Combat/WeatherMgr.cpp;Code/Combat/backgroundmgr.cpp	hook plumbing, no behaviour: TT heap-allocates _TheWeatherMgr/_TheBackgroundMgr in Init only because it cannot stop the stock exe constructing its own statics. Canon's file-scope instances are the single implementation, and NetworkObjectClass's ctor is inert at static-init time (IsServer false), so there is no order hazard to fix	high	n/a
tt_4.8.4/tt/tt.cpp	1754	typedHookAsJump	0x006E9340,0x006E8BE0	BackgroundMgrClass::Set_Clouds	weather hooks	Code/Combat/WeatherMgr.cpp;Code/Combat/backgroundmgr.cpp	hook plumbing, no behaviour: TT heap-allocates _TheWeatherMgr/_TheBackgroundMgr in Init only because it cannot stop the stock exe constructing its own statics. Canon's file-scope instances are the single implementation, and NetworkObjectClass's ctor is inert at static-init time (IsServer false), so there is no order hazard to fix	high	n/a
tt_4.8.4/tt/tt.cpp	1755	typedHookAsJump	0x006E9820,0x006E90C0	BackgroundMgrClass::Set_Lightning	weather hooks	Code/Combat/WeatherMgr.cpp;Code/Combat/backgroundmgr.cpp	hook plumbing, no behaviour: TT heap-allocates _TheWeatherMgr/_TheBackgroundMgr in Init only because it cannot stop the stock exe constructing its own statics. Canon's file-scope instances are the single implementation, and NetworkObjectClass's ctor is inert at static-init time (IsServer false), so there is no order hazard to fix	high	n/a
tt_4.8.4/tt/tt.cpp	1756	hookAsJump	0x006EAA40,0x006EA240	BackgroundMgrClass::Save_Dynamic	weather hooks	Code/Combat/WeatherMgr.cpp;Code/Combat/backgroundmgr.cpp	hook plumbing, no behaviour: TT heap-allocates _TheWeatherMgr/_TheBackgroundMgr in Init only because it cannot stop the stock exe constructing its own statics. Canon's file-scope instances are the single implementation, and NetworkObjectClass's ctor is inert at static-init time (IsServer false), so there is no order hazard to fix	high	n/a
tt_4.8.4/tt/tt.cpp	1757	hookAsJump	0x006EB530,0x006EAD50	BackgroundMgrClass::Load_Dynamic	weather hooks	Code/Combat/WeatherMgr.cpp;Code/Combat/backgroundmgr.cpp	hook plumbing, no behaviour: TT heap-allocates _TheWeatherMgr/_TheBackgroundMgr in Init only because it cannot stop the stock exe constructing its own statics. Canon's file-scope instances are the single implementation, and NetworkObjectClass's ctor is inert at static-init time (IsServer false), so there is no order hazard to fix	high	n/a
tt_4.8.4/tt/tt.cpp	1759	hookAsJump	0x00460220,0x0045FCB0	cDiagnostics::Render		Code/Commando/diagnostics.cpp	cDiagnostics::Render exists natively; TT hooked it only to reach it.	high	merged
tt_4.8.4/tt/tt.cpp	1761	hookAsJump	0x007434A0,0x00742D40	RefineryGameObj::Think		Code/Combat/refinerygameobj.cpp	RefineryGameObj::Think is the harvester/cash path, settled with that work.	high	merged
tt_4.8.4/tt/tt.cpp	1810	WriteMemory			UDP fixes	Code/Commando/natsock.cpp;Code/SControl/servercontrolsocket.cpp;Code/wwnet/netutil.cpp	disassembly of stock Game.exe: recvfrom length check, see NativeEventDispatch.md 5.4	high	merged
tt_4.8.4/tt/tt.cpp	1811	WriteMemory			UDP fixes	Code/Commando/natsock.cpp;Code/SControl/servercontrolsocket.cpp;Code/wwnet/netutil.cpp	disassembly of stock Game.exe: recvfrom length check, see NativeEventDispatch.md 5.4	high	merged
tt_4.8.4/tt/tt.cpp	1812	WriteMemory			UDP fixes	Code/Commando/natsock.cpp;Code/SControl/servercontrolsocket.cpp;Code/wwnet/netutil.cpp	disassembly of stock Game.exe: recvfrom length check, see NativeEventDispatch.md 5.4	high	merged
tt_4.8.4/tt/tt.cpp	1813	WriteMemory			UDP fixes	Code/Commando/natsock.cpp;Code/SControl/servercontrolsocket.cpp;Code/wwnet/netutil.cpp	disassembly of stock Game.exe: recvfrom length check, see NativeEventDispatch.md 5.4	high	merged
tt_4.8.4/tt/tt.cpp	1814	WriteMemory			UDP fixes	Code/Commando/natsock.cpp;Code/SControl/servercontrolsocket.cpp;Code/wwnet/netutil.cpp	disassembly of stock Game.exe: recvfrom length check, see NativeEventDispatch.md 5.4	high	merged
tt_4.8.4/tt/tt.cpp	1815	WriteMemory			UDP fixes	Code/Commando/natsock.cpp;Code/SControl/servercontrolsocket.cpp;Code/wwnet/netutil.cpp	disassembly of stock Game.exe: recvfrom length check, see NativeEventDispatch.md 5.4	high	merged
tt_4.8.4/tt/tt.cpp	1818	hookAsCall	0x0073F22D,0x0073EACD	VehicleOwnershipPatch	vehicle ownership disable	Code/Combat/airstripgameobj.cpp;Code/Combat/warfactorygameobj.cpp	VehicleOwnershipDisable skips the Lock_Vehicle reservation at both factories.	high	merged
tt_4.8.4/tt/tt.cpp	1821	WriteMemory			start button bug fix	Code/Commando/dlgmplanhostoptions.cpp	n/a: a bare jump over 162 bytes at a stock address, with no counterpart anywhere in TT's source. Identifying what it skips would need the shipped binary, which is out of bounds for this merge	high	n/a
tt_4.8.4/tt/tt.cpp	1822	hookAsCall	0x00678463,0x00677D03	VehicleGameObj::ConInit	vehicle game obj visible change	Code/Combat/physicalgameobj.cpp	SCRIPTS_visible is scripts-DLL API surface (declined per directive 0.5). The underlying capability exists natively: the model's hidden flag is set per object and already replicated by PhysicalGameObj::Export_Rare.	high	n/a
tt_4.8.4/tt/tt.cpp	1823	hookVtable	0x007E2988,0x007E1970	VehicleGameObj::Is_Visible	vehicle game obj visible change	Code/Combat/physicalgameobj.cpp	SCRIPTS_visible is scripts-DLL API surface (declined per directive 0.5). The underlying capability exists natively: the model's hidden flag is set per object and already replicated by PhysicalGameObj::Export_Rare.	high	n/a
tt_4.8.4/tt/tt.cpp	1825	WriteMemory			wall lag fix	Code/wwphys/phys3.cpp	already merged in 4dd7f309: the 1.01f slide-removal scale is now an exact 1.0 cancel	high	merged
tt_4.8.4/tt/tt.cpp	1826	hookAsJump	0x006A1620,0x006A0EC0	SpawnerClass::Determine_Spawn_TM	spawner randomness fix	Code/Combat/spawn.cpp	TT ships this behind CONFIG_USE_TT_SPAWNERS as an opt-in variant (random among valid points) alongside the shipped behaviour (furthest from the nearest human); canonical keeps the shipped one. Directive 0.4 forbids flag-selected duplicates and the alternate gameplay modes are out of scope.	high	n/a
tt_4.8.4/tt/tt.cpp	1827	hookAsJump	0x00435B00,0x00435BA0	ConsoleModeClass::Print	console hooks	Code/Commando/consolemode.cpp	Canonical ConsoleModeClass supersedes and is safer: bounded u_vsnprintf_n where TT's decompiled Print uses vsprintf into a fixed 8K buffer.	high	merged
tt_4.8.4/tt/tt.cpp	1828	hookAsJump	0x00435C70,0x00435D10	ConsoleModeClass::Print_Maybe	console hooks	Code/Commando/consolemode.cpp	Canonical ConsoleModeClass supersedes and is safer: bounded u_vsnprintf_n where TT's decompiled Print uses vsprintf into a fixed 8K buffer.	high	merged
tt_4.8.4/tt/tt.cpp	1829	hookAsJump	0x00436550,0x004365F0	ConsoleModeClass::Add_Message	console hooks	Code/Commando/consolemode.cpp	Canonical ConsoleModeClass supersedes and is safer: bounded u_vsnprintf_n where TT's decompiled Print uses vsprintf into a fixed 8K buffer.	high	merged
tt_4.8.4/tt/tt.cpp	1830	hookAsJump	0x00409880,0x00409880	InputConfigMgrClass::Delete_Configuration	input hooks	Code/Commando/inputconfigmgr.cpp	merged natively: Delete_Configuration refuses index 0, the built-in default configuration -- deleting it left the player with no bindings	high	merged
tt_4.8.4/ttinit/PacketManagerClass.cpp	792	WriteMemory	0x0040345A			Code/wwnet/packetmgr.cpp	"byte-patch cluster: singleton-redirect: every stock ""mov ecx, PacketManager"" repointed at TT PacketManager()"	medium	merged
tt_4.8.4/ttinit/PacketManagerClass.cpp	793	WriteMemory	0x00404927			Code/wwnet/packetmgr.cpp	"byte-patch cluster: singleton-redirect: every stock ""mov ecx, PacketManager"" repointed at TT PacketManager()"	medium	merged
tt_4.8.4/ttinit/PacketManagerClass.cpp	794	WriteMemory	0x00404F7C			Code/wwnet/packetmgr.cpp	"byte-patch cluster: singleton-redirect: every stock ""mov ecx, PacketManager"" repointed at TT PacketManager()"	medium	merged
tt_4.8.4/ttinit/PacketManagerClass.cpp	795	WriteMemory	0x00404FF0			Code/wwnet/packetmgr.cpp	"byte-patch cluster: singleton-redirect: every stock ""mov ecx, PacketManager"" repointed at TT PacketManager()"	medium	merged
tt_4.8.4/ttinit/PacketManagerClass.cpp	796	WriteMemory	0x004050B6			Code/wwnet/packetmgr.cpp	"byte-patch cluster: singleton-redirect: every stock ""mov ecx, PacketManager"" repointed at TT PacketManager()"	medium	merged
tt_4.8.4/ttinit/PacketManagerClass.cpp	797	WriteMemory	0x00426E8C			Code/wwnet/packetmgr.cpp	"byte-patch cluster: singleton-redirect: every stock ""mov ecx, PacketManager"" repointed at TT PacketManager()"	medium	merged
tt_4.8.4/ttinit/PacketManagerClass.cpp	798	WriteMemory	0x00426FEC			Code/wwnet/packetmgr.cpp	"byte-patch cluster: singleton-redirect: every stock ""mov ecx, PacketManager"" repointed at TT PacketManager()"	medium	merged
tt_4.8.4/ttinit/PacketManagerClass.cpp	799	WriteMemory	0x00456CEF			Code/wwnet/packetmgr.cpp	"byte-patch cluster: singleton-redirect: every stock ""mov ecx, PacketManager"" repointed at TT PacketManager()"	medium	merged
tt_4.8.4/ttinit/PacketManagerClass.cpp	800	WriteMemory	0x00457FC9			Code/wwnet/packetmgr.cpp	"byte-patch cluster: singleton-redirect: every stock ""mov ecx, PacketManager"" repointed at TT PacketManager()"	medium	merged
tt_4.8.4/ttinit/PacketManagerClass.cpp	801	WriteMemory	0x004586CD			Code/wwnet/packetmgr.cpp	"byte-patch cluster: singleton-redirect: every stock ""mov ecx, PacketManager"" repointed at TT PacketManager()"	medium	merged
tt_4.8.4/ttinit/PacketManagerClass.cpp	802	WriteMemory	0x00458EB3			Code/wwnet/packetmgr.cpp	"byte-patch cluster: singleton-redirect: every stock ""mov ecx, PacketManager"" repointed at TT PacketManager()"	medium	merged
tt_4.8.4/ttinit/PacketManagerClass.cpp	803	WriteMemory	0x004602CE			Code/wwnet/packetmgr.cpp	"byte-patch cluster: singleton-redirect: every stock ""mov ecx, PacketManager"" repointed at TT PacketManager()"	medium	merged
tt_4.8.4/ttinit/PacketManagerClass.cpp	804	WriteMemory	0x004602ED			Code/wwnet/packetmgr.cpp	"byte-patch cluster: singleton-redirect: every stock ""mov ecx, PacketManager"" repointed at TT PacketManager()"	medium	merged
tt_4.8.4/ttinit/PacketManagerClass.cpp	805	WriteMemory	0x0046CF28			Code/wwnet/packetmgr.cpp	"byte-patch cluster: singleton-redirect: every stock ""mov ecx, PacketManager"" repointed at TT PacketManager()"	medium	merged
tt_4.8.4/ttinit/PacketManagerClass.cpp	806	WriteMemory	0x0046CF34			Code/wwnet/packetmgr.cpp	"byte-patch cluster: singleton-redirect: every stock ""mov ecx, PacketManager"" repointed at TT PacketManager()"	medium	merged
tt_4.8.4/ttinit/PacketManagerClass.cpp	807	WriteMemory	0x0046D0CD			Code/wwnet/packetmgr.cpp	"byte-patch cluster: singleton-redirect: every stock ""mov ecx, PacketManager"" repointed at TT PacketManager()"	medium	merged
tt_4.8.4/ttinit/PacketManagerClass.cpp	808	WriteMemory	0x006194E0			Code/wwnet/packetmgr.cpp	"byte-patch cluster: singleton-redirect: every stock ""mov ecx, PacketManager"" repointed at TT PacketManager()"	medium	merged
tt_4.8.4/ttinit/PacketManagerClass.cpp	809	WriteMemory	0x006194F0			Code/wwnet/packetmgr.cpp	"byte-patch cluster: singleton-redirect: every stock ""mov ecx, PacketManager"" repointed at TT PacketManager()"	medium	merged
tt_4.8.4/ttinit/PacketManagerClass.cpp	810	WriteMemory	0x0061969D			Code/wwnet/packetmgr.cpp	"byte-patch cluster: singleton-redirect: every stock ""mov ecx, PacketManager"" repointed at TT PacketManager()"	medium	merged
tt_4.8.4/ttinit/PacketManagerClass.cpp	811	WriteMemory	0x006196B1			Code/wwnet/packetmgr.cpp	"byte-patch cluster: singleton-redirect: every stock ""mov ecx, PacketManager"" repointed at TT PacketManager()"	medium	merged
tt_4.8.4/ttinit/PacketManagerClass.cpp	812	WriteMemory	0x0061988E			Code/wwnet/packetmgr.cpp	"byte-patch cluster: singleton-redirect: every stock ""mov ecx, PacketManager"" repointed at TT PacketManager()"	medium	merged
tt_4.8.4/ttinit/PacketManagerClass.cpp	813	WriteMemory	0x006198A2			Code/wwnet/packetmgr.cpp	"byte-patch cluster: singleton-redirect: every stock ""mov ecx, PacketManager"" repointed at TT PacketManager()"	medium	merged
tt_4.8.4/ttinit/PacketManagerClass.cpp	814	WriteMemory	0x00619929			Code/wwnet/packetmgr.cpp	"byte-patch cluster: singleton-redirect: every stock ""mov ecx, PacketManager"" repointed at TT PacketManager()"	medium	merged
tt_4.8.4/ttinit/PacketManagerClass.cpp	815	WriteMemory	0x0061ACCD			Code/wwnet/packetmgr.cpp	"byte-patch cluster: singleton-redirect: every stock ""mov ecx, PacketManager"" repointed at TT PacketManager()"	medium	merged
tt_4.8.4/ttinit/PacketManagerClass.cpp	816	WriteMemory	0x0061B5C0			Code/wwnet/packetmgr.cpp	"byte-patch cluster: singleton-redirect: every stock ""mov ecx, PacketManager"" repointed at TT PacketManager()"	medium	merged
tt_4.8.4/ttinit/PacketManagerClass.cpp	817	WriteMemory	0x0061DECB			Code/wwnet/packetmgr.cpp	"byte-patch cluster: singleton-redirect: every stock ""mov ecx, PacketManager"" repointed at TT PacketManager()"	medium	merged
tt_4.8.4/ttinit/PacketManagerClass.cpp	818	WriteMemory	0x00620DFC			Code/wwnet/packetmgr.cpp	"byte-patch cluster: singleton-redirect: every stock ""mov ecx, PacketManager"" repointed at TT PacketManager()"	medium	merged
tt_4.8.4/ttinit/PacketManagerClass.cpp	819	WriteMemory	0x006211EA			Code/wwnet/packetmgr.cpp	"byte-patch cluster: singleton-redirect: every stock ""mov ecx, PacketManager"" repointed at TT PacketManager()"	medium	merged
tt_4.8.4/ttinit/PacketManagerClass.cpp	822	WriteMemory	0x007F4704			Code/wwnet/packetmgr.cpp	"byte-patch cluster: singleton-redirect: every stock ""mov ecx, PacketManager"" repointed at TT PacketManager()"	medium	merged
tt_4.8.4/ttinit/PacketManagerClass.cpp	829	WriteMemory	0x0040345A			Code/wwnet/packetmgr.cpp	"byte-patch cluster: singleton-redirect: every stock ""mov ecx, PacketManager"" repointed at TT PacketManager()"	medium	merged
tt_4.8.4/ttinit/PacketManagerClass.cpp	830	WriteMemory	0x00404927			Code/wwnet/packetmgr.cpp	"byte-patch cluster: singleton-redirect: every stock ""mov ecx, PacketManager"" repointed at TT PacketManager()"	medium	merged
tt_4.8.4/ttinit/PacketManagerClass.cpp	831	WriteMemory	0x00404F7C			Code/wwnet/packetmgr.cpp	"byte-patch cluster: singleton-redirect: every stock ""mov ecx, PacketManager"" repointed at TT PacketManager()"	medium	merged
tt_4.8.4/ttinit/PacketManagerClass.cpp	832	WriteMemory	0x00404FF0			Code/wwnet/packetmgr.cpp	"byte-patch cluster: singleton-redirect: every stock ""mov ecx, PacketManager"" repointed at TT PacketManager()"	medium	merged
tt_4.8.4/ttinit/PacketManagerClass.cpp	833	WriteMemory	0x004050B6			Code/wwnet/packetmgr.cpp	"byte-patch cluster: singleton-redirect: every stock ""mov ecx, PacketManager"" repointed at TT PacketManager()"	medium	merged
tt_4.8.4/ttinit/PacketManagerClass.cpp	834	WriteMemory	0x00426E8C			Code/wwnet/packetmgr.cpp	"byte-patch cluster: singleton-redirect: every stock ""mov ecx, PacketManager"" repointed at TT PacketManager()"	medium	merged
tt_4.8.4/ttinit/PacketManagerClass.cpp	835	WriteMemory	0x00426FEC			Code/wwnet/packetmgr.cpp	"byte-patch cluster: singleton-redirect: every stock ""mov ecx, PacketManager"" repointed at TT PacketManager()"	medium	merged
tt_4.8.4/ttinit/PacketManagerClass.cpp	836	WriteMemory	0x00457A79			Code/wwnet/packetmgr.cpp	"byte-patch cluster: singleton-redirect: every stock ""mov ecx, PacketManager"" repointed at TT PacketManager()"	medium	merged
tt_4.8.4/ttinit/PacketManagerClass.cpp	837	WriteMemory	0x0045815D			Code/wwnet/packetmgr.cpp	"byte-patch cluster: singleton-redirect: every stock ""mov ecx, PacketManager"" repointed at TT PacketManager()"	medium	merged
tt_4.8.4/ttinit/PacketManagerClass.cpp	838	WriteMemory	0x00458943			Code/wwnet/packetmgr.cpp	"byte-patch cluster: singleton-redirect: every stock ""mov ecx, PacketManager"" repointed at TT PacketManager()"	medium	merged
tt_4.8.4/ttinit/PacketManagerClass.cpp	839	WriteMemory	0x0045FDC8			Code/wwnet/packetmgr.cpp	"byte-patch cluster: singleton-redirect: every stock ""mov ecx, PacketManager"" repointed at TT PacketManager()"	medium	merged
tt_4.8.4/ttinit/PacketManagerClass.cpp	840	WriteMemory	0x0045FDE7			Code/wwnet/packetmgr.cpp	"byte-patch cluster: singleton-redirect: every stock ""mov ecx, PacketManager"" repointed at TT PacketManager()"	medium	merged
tt_4.8.4/ttinit/PacketManagerClass.cpp	841	WriteMemory	0x0046C858			Code/wwnet/packetmgr.cpp	"byte-patch cluster: singleton-redirect: every stock ""mov ecx, PacketManager"" repointed at TT PacketManager()"	medium	merged
tt_4.8.4/ttinit/PacketManagerClass.cpp	842	WriteMemory	0x0046C864			Code/wwnet/packetmgr.cpp	"byte-patch cluster: singleton-redirect: every stock ""mov ecx, PacketManager"" repointed at TT PacketManager()"	medium	merged
tt_4.8.4/ttinit/PacketManagerClass.cpp	843	WriteMemory	0x0046C9FD			Code/wwnet/packetmgr.cpp	"byte-patch cluster: singleton-redirect: every stock ""mov ecx, PacketManager"" repointed at TT PacketManager()"	medium	merged
tt_4.8.4/ttinit/PacketManagerClass.cpp	844	WriteMemory	0x00618D80			Code/wwnet/packetmgr.cpp	"byte-patch cluster: singleton-redirect: every stock ""mov ecx, PacketManager"" repointed at TT PacketManager()"	medium	merged
tt_4.8.4/ttinit/PacketManagerClass.cpp	845	WriteMemory	0x00618D90			Code/wwnet/packetmgr.cpp	"byte-patch cluster: singleton-redirect: every stock ""mov ecx, PacketManager"" repointed at TT PacketManager()"	medium	merged
tt_4.8.4/ttinit/PacketManagerClass.cpp	846	WriteMemory	0x00618F3D			Code/wwnet/packetmgr.cpp	"byte-patch cluster: singleton-redirect: every stock ""mov ecx, PacketManager"" repointed at TT PacketManager()"	medium	merged
tt_4.8.4/ttinit/PacketManagerClass.cpp	847	WriteMemory	0x00618F51			Code/wwnet/packetmgr.cpp	"byte-patch cluster: singleton-redirect: every stock ""mov ecx, PacketManager"" repointed at TT PacketManager()"	medium	merged
tt_4.8.4/ttinit/PacketManagerClass.cpp	848	WriteMemory	0x0061912E			Code/wwnet/packetmgr.cpp	"byte-patch cluster: singleton-redirect: every stock ""mov ecx, PacketManager"" repointed at TT PacketManager()"	medium	merged
tt_4.8.4/ttinit/PacketManagerClass.cpp	849	WriteMemory	0x00619142			Code/wwnet/packetmgr.cpp	"byte-patch cluster: singleton-redirect: every stock ""mov ecx, PacketManager"" repointed at TT PacketManager()"	medium	merged
tt_4.8.4/ttinit/PacketManagerClass.cpp	850	WriteMemory	0x006191C9			Code/wwnet/packetmgr.cpp	"byte-patch cluster: singleton-redirect: every stock ""mov ecx, PacketManager"" repointed at TT PacketManager()"	medium	merged
tt_4.8.4/ttinit/PacketManagerClass.cpp	851	WriteMemory	0x0061A56D			Code/wwnet/packetmgr.cpp	"byte-patch cluster: singleton-redirect: every stock ""mov ecx, PacketManager"" repointed at TT PacketManager()"	medium	merged
tt_4.8.4/ttinit/PacketManagerClass.cpp	852	WriteMemory	0x0061AE60			Code/wwnet/packetmgr.cpp	"byte-patch cluster: singleton-redirect: every stock ""mov ecx, PacketManager"" repointed at TT PacketManager()"	medium	merged
tt_4.8.4/ttinit/PacketManagerClass.cpp	853	WriteMemory	0x0061D76B			Code/wwnet/packetmgr.cpp	"byte-patch cluster: singleton-redirect: every stock ""mov ecx, PacketManager"" repointed at TT PacketManager()"	medium	merged
tt_4.8.4/ttinit/PacketManagerClass.cpp	854	WriteMemory	0x0062069C			Code/wwnet/packetmgr.cpp	"byte-patch cluster: singleton-redirect: every stock ""mov ecx, PacketManager"" repointed at TT PacketManager()"	medium	merged
tt_4.8.4/ttinit/PacketManagerClass.cpp	855	WriteMemory	0x00620A8A			Code/wwnet/packetmgr.cpp	"byte-patch cluster: singleton-redirect: every stock ""mov ecx, PacketManager"" repointed at TT PacketManager()"	medium	merged
tt_4.8.4/ttinit/PacketManagerClass.cpp	858	WriteMemory	0x007F3704		Disable static constructor	Code/wwnet/packetmgr.cpp	"byte-patch cluster: singleton-redirect: every stock ""mov ecx, PacketManager"" repointed at TT PacketManager()"	medium	merged
tt_4.8.4/ttinit/shaderhooks.cpp	76	hookAsJump	0x00529B50,0x00000000	WW3D::Set_Texture_Filter	hook WW3D::Create_Texture_Filter		EXCLUDED: D3D8 shader layer (directive 0.6)	none	out-of-scope
tt_4.8.4/ttinit/shaderhooks.cpp	79	WriteMemory	0x00644854		hooks to make all vertex buffers use vertex declarations		EXCLUDED: D3D8 shader layer (directive 0.6)	none	out-of-scope
tt_4.8.4/ttinit/shaderhooks.cpp	80	WriteCall	0x00644854	Vertex_Buffer_Allocate	hooks to make all vertex buffers use vertex declarations		EXCLUDED: D3D8 shader layer (directive 0.6)	none	out-of-scope
tt_4.8.4/ttinit/shaderhooks.cpp	81	hookAsJump	0x00554070,0x00000000	DynamicVBAccessClass::Allocate_Declaration_Dynamic_Buffer	hooks to make all vertex buffers use vertex declarations		EXCLUDED: D3D8 shader layer (directive 0.6)	none	out-of-scope
tt_4.8.4/ttinit/shaderhooks.cpp	82	hookAsJump	0x005543F0,0x00000000	DynamicVBAccessClass::WriteLockClass::Allocate	hooks to make all vertex buffers use vertex declarations		EXCLUDED: D3D8 shader layer (directive 0.6)	none	out-of-scope
tt_4.8.4/ttinit/shaderhooks.cpp	84	hookAsCall2	0x0053EFF7,0x00000000	GetProjectionTransform	hooks to make all GetTransform(D3DTS_PROJECTION) calls go through shaders.dll for DazzleRenderObjClass::Render		EXCLUDED: D3D8 shader layer (directive 0.6)	none	out-of-scope
tt_4.8.4/ttinit/shaderhooks.cpp	85	hookAsCall2	0x0053FA52,0x00000000	GetProjectionTransform	hooks to make all GetTransform(D3DTS_PROJECTION) calls go through shaders.dll for DazzleRenderObjClass::Render_Dazzle		EXCLUDED: D3D8 shader layer (directive 0.6)	none	out-of-scope
tt_4.8.4/ttinit/shaderhooks.cpp	86	WriteNop	0x005408ED		hooks to make all SetTransform(D3DTS_PROJECTION) calls go through shaders.dll for DazzleRenderObjClass::Render_Dazzle		EXCLUDED: D3D8 shader layer (directive 0.6)	none	out-of-scope
tt_4.8.4/ttinit/shaderhooks.cpp	87	WriteNop	0x00540CAE		hooks to make all SetTransform(D3DTS_PROJECTION) calls go through shaders.dll for DazzleRenderObjClass::Render_Dazzle		EXCLUDED: D3D8 shader layer (directive 0.6)	none	out-of-scope
tt_4.8.4/ttinit/shaderhooks.cpp	88	hookAsCall2	0x005408F0,0x00000000	SetProjectionTransform	hooks to make all SetTransform(D3DTS_PROJECTION) calls go through shaders.dll for DazzleRenderObjClass::Render_Dazzle		EXCLUDED: D3D8 shader layer (directive 0.6)	none	out-of-scope
tt_4.8.4/ttinit/shaderhooks.cpp	89	hookAsCall2	0x00540CB1,0x00000000	SetProjectionTransform	hooks to make all SetTransform(D3DTS_PROJECTION) calls go through shaders.dll for DazzleRenderObjClass::Render_Dazzle		EXCLUDED: D3D8 shader layer (directive 0.6)	none	out-of-scope
tt_4.8.4/ttinit/shaderhooks.cpp	90	hookAsCall2	0x00551FA2,0x00000000	Create_Index_Buffer_1	hooks to make all CreateIndexBuffer calls go through shaders.dll for DX8IndexBufferClass::DX8IndexBufferClass		EXCLUDED: D3D8 shader layer (directive 0.6)	none	out-of-scope
tt_4.8.4/ttinit/shaderhooks.cpp	91	hookAsCall2	0x00551FCF,0x00000000	Create_Index_Buffer_2	hooks to make all CreateIndexBuffer calls go through shaders.dll for DX8IndexBufferClass::DX8IndexBufferClass		EXCLUDED: D3D8 shader layer (directive 0.6)	none	out-of-scope
tt_4.8.4/ttinit/shaderhooks.cpp	92	WriteNop	0x00551F8F		hooks to make all CreateIndexBuffer calls go through shaders.dll for DX8IndexBufferClass::DX8IndexBufferClass		EXCLUDED: D3D8 shader layer (directive 0.6)	none	out-of-scope
tt_4.8.4/ttinit/shaderhooks.cpp	93	WriteNop	0x00551FCA		hooks to make all CreateIndexBuffer calls go through shaders.dll for DX8IndexBufferClass::DX8IndexBufferClass		EXCLUDED: D3D8 shader layer (directive 0.6)	none	out-of-scope
tt_4.8.4/ttinit/shaderhooks.cpp	95	hookAsJump	0x00530920,0x00000000	FontCharsClass::Store_GDI_Char	font hook		EXCLUDED: D3D8 shader layer (directive 0.6)	none	out-of-scope
tt_4.8.4/ttinit/shaderhooks.cpp	96	hookAsJump	0x00530BB0,0x00000000	FontCharsClass::Create_GDI_Font	font hook		EXCLUDED: D3D8 shader layer (directive 0.6)	none	out-of-scope
tt_4.8.4/ttinit/shaderhooks.cpp	99	hookAsJump	0x00529B80,0x00000000	WW3D::Begin_Render	hook WW3D::Begin_Render		EXCLUDED: D3D8 shader layer (directive 0.6)	none	out-of-scope
tt_4.8.4/ttinit/shaderhooks.cpp	100	hookAsJump	0x0052A310,0x00000000	WW3D::End_Render	hook WW3D::End_Render		EXCLUDED: D3D8 shader layer (directive 0.6)	none	out-of-scope
tt_4.8.4/ttinit/shaderhooks.cpp	101	hookAsJump	0x0052AC60,0x00000000	WW3D::Get_Texture_Bitdepth	hook WW3D::Get_Texture_Bitdepth		EXCLUDED: D3D8 shader layer (directive 0.6)	none	out-of-scope
tt_4.8.4/ttinit/shaderhooks.cpp	103	hookAsJump	0x00542CE0,0x00000000	WW3DAssetManager::Load_3D_Assets	hook for w3d file hash checking		EXCLUDED: D3D8 shader layer (directive 0.6)	none	out-of-scope
tt_4.8.4/ttinit/shaderhooks.cpp	105	hookAsJump	0x00622F40,0x00000000	PhysicsSceneClass::Customized_Render	hook PhysicsSceneClass::Customized_Render		EXCLUDED: D3D8 shader layer (directive 0.6)	none	out-of-scope
tt_4.8.4/ttinit/shaderhooks.cpp	106	hookAsJump	0x006324E0,0x00000000	PhysicsSceneClass::Get_Sun_Light_Vector	hook PhysicsSceneClass::Get_Sun_Light_Vector		EXCLUDED: D3D8 shader layer (directive 0.6)	none	out-of-scope
tt_4.8.4/ttinit/shaderhooks.cpp	108	hookAsJump	0x00529620,0x00000000	WW3D::Init	hook WW3D::Init		EXCLUDED: D3D8 shader layer (directive 0.6)	none	out-of-scope
tt_4.8.4/ttinit/shaderhooks.cpp	109	hookAsJump	0x0054B660,0x00000000	DX8Wrapper::Set_Light_Environment	hook DX8Wrapper::Set_Light_Environment		EXCLUDED: D3D8 shader layer (directive 0.6)	none	out-of-scope
tt_4.8.4/ttinit/shaderhooks.cpp	110	hookAsJump	0x0054A150,0x00000000	DX8Wrapper::Flip_To_Primary	hook DX8Wrapper::Flip_To_Primary		EXCLUDED: D3D8 shader layer (directive 0.6)	none	out-of-scope
tt_4.8.4/ttinit/shaderhooks.cpp	111	hookAsJump	0x00548E60,0x00000000	DX8Wrapper::Set_Device_Resolution	hook DX8Wrapper::Set_Device_Resoltion		EXCLUDED: D3D8 shader layer (directive 0.6)	none	out-of-scope
tt_4.8.4/ttinit/shaderhooks.cpp	112	hookAsJump	0x00549180,0x00000000	DX8Wrapper::Get_Render_Target_Resolution	hook DX8Wrapper::Get_Render_Target_Resolution		EXCLUDED: D3D8 shader layer (directive 0.6)	none	out-of-scope
tt_4.8.4/ttinit/shaderhooks.cpp	113	hookAsCall2	0x005408D9,0x00000000	DX8Wrapper::ClearZ	hooking DX8Wrapper::ZNear/ZFar		EXCLUDED: D3D8 shader layer (directive 0.6)	none	out-of-scope
tt_4.8.4/ttinit/shaderhooks.cpp	114	hookAsCall2	0x00540C9A,0x00000000	DX8Wrapper::ClearZ	hooking DX8Wrapper::ZNear/ZFar		EXCLUDED: D3D8 shader layer (directive 0.6)	none	out-of-scope
tt_4.8.4/ttinit/shaderhooks.cpp	115	hookAsJump	0x0054A8D0,0x00000000	DX8Wrapper::Draw	hooking DX8Wrapper::Draw		EXCLUDED: D3D8 shader layer (directive 0.6)	none	out-of-scope
tt_4.8.4/ttinit/shaderhooks.cpp	116	hookAsJump	0x0054B0D0,0x00000000	DX8Wrapper::_Create_DX8_Texture	hooking DX8Wrapper::_Create_DX8_Texture		EXCLUDED: D3D8 shader layer (directive 0.6)	none	out-of-scope
tt_4.8.4/ttinit/shaderhooks.cpp	117	hookAsJump	0x0054ADD0,0x00000000	DX8Wrapper::Create_DX8_Texture	hooking DX8Wrapper::Create_DX8_Texture		EXCLUDED: D3D8 shader layer (directive 0.6)	none	out-of-scope
tt_4.8.4/ttinit/shaderhooks.cpp	118	hookAsJump	0x0054B1E0,0x00000000	DX8Wrapper::Create_DX8_Surface	hooking DX8Wrapper::_Create_DX8_Surface		EXCLUDED: D3D8 shader layer (directive 0.6)	none	out-of-scope
tt_4.8.4/ttinit/shaderhooks.cpp	119	hookAsJump	0x0054BD40,0x00000000	DX8Wrapper::Set_Gamma	hooking DX8Wrapper::Set_Gamma		EXCLUDED: D3D8 shader layer (directive 0.6)	none	out-of-scope
tt_4.8.4/ttinit/shaderhooks.cpp	121	hookAsJump	0x0058A830,0x00000000	VertexMaterialClass::Load_W3D	hook for texture mappers		EXCLUDED: D3D8 shader layer (directive 0.6)	none	out-of-scope
tt_4.8.4/ttinit/shaderhooks.cpp	122	hookAsJump	0x005D6430,0x00000000	MatrixMapperClass::Apply	hook for texture mappers		EXCLUDED: D3D8 shader layer (directive 0.6)	none	out-of-scope
tt_4.8.4/ttinit/shaderhooks.cpp	123	hookAsJump	0x00628EA0,0x00000000	PhysicsSceneClass::Generate_Static_Shadow_Projectors	hook for shadows		EXCLUDED: D3D8 shader layer (directive 0.6)	none	out-of-scope
tt_4.8.4/ttinit/shaderhooks.cpp	124	hookAsJump	0x00627EA0,0x00000000	PhysicsSceneClass::Set_Max_Simultaneous_Shadows	hook for shadows		EXCLUDED: D3D8 shader layer (directive 0.6)	none	out-of-scope
tt_4.8.4/ttinit/shaderhooks.cpp	125	hookAsJump	0x006280E0,0x00000000	PhysicsSceneClass::Set_Shadow_Mode	hook for shadows		EXCLUDED: D3D8 shader layer (directive 0.6)	none	out-of-scope
tt_4.8.4/ttinit/shaderhooks.cpp	126	hookAsJump	0x00628530,0x00000000	PhysicsSceneClass::Apply_Projectors	hook for shadows		EXCLUDED: D3D8 shader layer (directive 0.6)	none	out-of-scope
tt_4.8.4/ttinit/shaderhooks.cpp	127	hookAsJump	0x006321C0,0x00000000	PhysicsSceneClass::Allocate_Decal_Resources	hook for decals		EXCLUDED: D3D8 shader layer (directive 0.6)	none	out-of-scope
tt_4.8.4/ttinit/shaderhooks.cpp	128	hookAsJump	0x006321F0,0x00000000	PhysicsSceneClass::Release_Decal_Resources	hook for decals		EXCLUDED: D3D8 shader layer (directive 0.6)	none	out-of-scope
tt_4.8.4/ttinit/shaderhooks.cpp	129	hookAsJump	0x00622070,0x00621910	PhysicsSceneClass::Add_Dynamic_Object	hook for physics bits		EXCLUDED: D3D8 shader layer (directive 0.6)	none	out-of-scope
tt_4.8.4/ttinit/shaderhooks.cpp	131	hookAsJump	0x00670AD0,0x00000000	MapUnloaded	Shaders.dll level end hook		EXCLUDED: D3D8 shader layer (directive 0.6)	none	out-of-scope
tt_4.8.4/ttinit/shaderhooks.cpp	133	hookAsJump	0x0041A960,0x0041A960	SystemSettings::Add_Console_Functions	hook for SystemSettings stuff		EXCLUDED: D3D8 shader layer (directive 0.6)	none	out-of-scope
tt_4.8.4/ttinit/shaderhooks.cpp	134	hookAsJump	0x0041A900,0x0041A900	SystemSettings::Registry_Load	These are the addresses of Registry_Load, which is called after Init.		EXCLUDED: D3D8 shader layer (directive 0.6)	none	out-of-scope
tt_4.8.4/ttinit/shaderhooks.cpp	136	hookAsJump	0x0076FF00,0x00000000	Subtitle::Create	bink hooks		EXCLUDED: D3D8 shader layer (directive 0.6)	none	out-of-scope
tt_4.8.4/ttinit/shaderhooks.cpp	137	hookAsJump	0x007701B0,0x00000000	Subtitle::Build	bink hooks		EXCLUDED: D3D8 shader layer (directive 0.6)	none	out-of-scope
tt_4.8.4/ttinit/shaderhooks.cpp	139	hookAsJump	0x0076F680,0x00000000	BinkMovie::Create	bink hooks		EXCLUDED: D3D8 shader layer (directive 0.6)	none	out-of-scope
tt_4.8.4/ttinit/shaderhooks.cpp	140	hookAsJump	0x0076F6E0,0x00000000	BinkMovie::Destroy	bink hooks		EXCLUDED: D3D8 shader layer (directive 0.6)	none	out-of-scope
tt_4.8.4/ttinit/shaderhooks.cpp	141	hookAsJump	0x0076F710,0x00000000	BinkMovie::Think	bink hooks		EXCLUDED: D3D8 shader layer (directive 0.6)	none	out-of-scope
tt_4.8.4/ttinit/shaderhooks.cpp	142	hookAsJump	0x0076F740,0x00000000	BinkMovie::Render	bink hooks		EXCLUDED: D3D8 shader layer (directive 0.6)	none	out-of-scope
tt_4.8.4/ttinit/shaderhooks.cpp	144	hookAsJump	0x00640D80,0x00640620	PhysClass::Update_Sun_Status	hook PhysClass::Update_Sun_Status		EXCLUDED: D3D8 shader layer (directive 0.6)	none	out-of-scope
tt_4.8.4/ttinit/shaderhooks.cpp	145	hookAsJump	0x005502B0	TextureClass::Invalidate_Old_Unused_Textures	texture/surface hooks		EXCLUDED: D3D8 shader layer (directive 0.6)	none	out-of-scope
tt_4.8.4/ttinit/shaderhooks.cpp	146	hookAsJump	0x00582A60	ThumbnailManagerClass::Add_Thumbnail_Manager	texture/surface hooks		EXCLUDED: D3D8 shader layer (directive 0.6)	none	out-of-scope
tt_4.8.4/ttinit/shaderhooks.cpp	147	hookAsJump	0x0052C4C0	LoaderThreadClass::Thread_Function	texture/surface hooks		EXCLUDED: D3D8 shader layer (directive 0.6)	none	out-of-scope
tt_4.8.4/ttinit/shaderhooks.cpp	148	hookAsJump	0x00529AB0	WW3D::_Invalidate_Textures	texture/surface hooks		EXCLUDED: D3D8 shader layer (directive 0.6)	none	out-of-scope
tt_4.8.4/ttinit/shaderhooks.cpp	149	hookAsJump	0x0052AAC0	WW3D::Set_Texture_Reduction	texture/surface hooks		EXCLUDED: D3D8 shader layer (directive 0.6)	none	out-of-scope
tt_4.8.4/ttinit/shaderhooks.cpp	150	hookAsJump	0x005503E0	TextureClass::Init	texture/surface hooks		EXCLUDED: D3D8 shader layer (directive 0.6)	none	out-of-scope
tt_4.8.4/ttinit/shaderhooks.cpp	151	hookAsJump	0x00546260	Font3DDataClass::Load_Font_Image	texture/surface hooks		EXCLUDED: D3D8 shader layer (directive 0.6)	none	out-of-scope
tt_4.8.4/ttinit/shaderhooks.cpp	152	hookAsJump	0x0052FD90	Render2DSentenceClass::Allocate_New_Surface	texture/surface hooks		EXCLUDED: D3D8 shader layer (directive 0.6)	none	out-of-scope
tt_4.8.4/ttinit/shaderhooks.cpp	153	hookAsJump	0x0052ECB0	Render2DSentenceClass::Reset	texture/surface hooks		EXCLUDED: D3D8 shader layer (directive 0.6)	none	out-of-scope
tt_4.8.4/ttinit/shaderhooks.cpp	154	hookAsJump	0x0052F7F0	Render2DSentenceClass::Draw_Sentence	texture/surface hooks		EXCLUDED: D3D8 shader layer (directive 0.6)	none	out-of-scope
tt_4.8.4/ttinit/shaderhooks.cpp	155	hookAsJump	0x0052FFF0	Render2DSentenceClass::Build_Sentence	texture/surface hooks		EXCLUDED: D3D8 shader layer (directive 0.6)	none	out-of-scope
tt_4.8.4/ttinit/shaderhooks.cpp	157	hookAsJump	0x00669580	ProjectorManagerClass::Init	shadow hooks		EXCLUDED: D3D8 shader layer (directive 0.6)	none	out-of-scope
tt_4.8.4/ttinit/shaderhooks.cpp	158	hookAsJump	0x005D1F10	DecalSystemClass::Lock_Decal_Generator	shadow hooks		EXCLUDED: D3D8 shader layer (directive 0.6)	none	out-of-scope
tt_4.8.4/ttinit/shaderhooks.cpp	159	hookAsJump	0x005D2790	MultiFixedPoolDecalSystemClass::Lock_Decal_Generator	shadow hooks		EXCLUDED: D3D8 shader layer (directive 0.6)	none	out-of-scope
tt_4.8.4/ttinit/shaderhooks.cpp	160	hookAsJump	0x0066A0E0	DynamicShadowManagerClass::Allocate_Shadow	shadow hooks		EXCLUDED: D3D8 shader layer (directive 0.6)	none	out-of-scope
tt_4.8.4/ttinit/shaderhooks.cpp	162	hookAsJump	0x005D21C0,0x00000000	DecalGeneratorClass::Set_Mesh_Transform	shadow hooks		EXCLUDED: D3D8 shader layer (directive 0.6)	none	out-of-scope
tt_4.8.4/ttinit/shaderhooks.cpp	163	hookAsJump	0x00670080,0x00000000	CombatManager::Init	hook so we own CCameraClass		EXCLUDED: D3D8 shader layer (directive 0.6)	none	out-of-scope
tt_4.8.4/ttinit/shaderhooks.cpp	164	hookAsJump	0x0058E320,0x00000000	MeshModelClass::get_deformed_screenspace_vertices	mesh hooks		EXCLUDED: D3D8 shader layer (directive 0.6)	none	out-of-scope
tt_4.8.4/ttinit/shaderhooks.cpp	165	hookAsJump	0x0051E2F0,0x00000000	AudibleSoundClass::Play	sound hooks		EXCLUDED: D3D8 shader layer (directive 0.6)	none	out-of-scope
tt_4.8.4/ttinit/shaderhooks.cpp	166	hookAsJump	0x00513BC0,0x00000000	WWAudioClass::Add_To_Playlist	sound hooks		EXCLUDED: D3D8 shader layer (directive 0.6)	none	out-of-scope
tt_4.8.4/ttinit/shaderhooks.cpp	167	hookAsJump	0x00513C60,0x00000000	WWAudioClass::Remove_From_Playlist	sound hooks		EXCLUDED: D3D8 shader layer (directive 0.6)	none	out-of-scope
tt_4.8.4/ttinit/shaderhooks.cpp	168	hookAsJump	0x005D34C0,0x00000000	ProjectorClass::Compute_Texture_Coordinate	shadow hooks		EXCLUDED: D3D8 shader layer (directive 0.6)	none	out-of-scope
tt_4.8.4/ttinit/shaderhooks.cpp	172	WriteJump	0x00529d20	WW3D::Render	hook WW3D::Render		EXCLUDED: D3D8 shader layer (directive 0.6)	none	out-of-scope
tt_4.8.4/ttinit/shaderhooks.cpp	174	WriteJump	0x0052a0d0	WW3D::Render	hook WW3D::Render		EXCLUDED: D3D8 shader layer (directive 0.6)	none	out-of-scope
tt_4.8.4/ttinit/shaderhooks.cpp	176	WriteJump	0x005299e0	WW3D::Registry_Save_Render_Device	hook WW3D::Registry_Save_Render_Device		EXCLUDED: D3D8 shader layer (directive 0.6)	none	out-of-scope
tt_4.8.4/ttinit/shaderhooks.cpp	178	WriteJump	0x00549310	DX8Wrapper::Registry_Load_Render_Device	hook WW3D::Registry_Load_Render_Device		EXCLUDED: D3D8 shader layer (directive 0.6)	none	out-of-scope
tt_4.8.4/ttinit/shaderhooks.cpp	179	hookAsJump	0x006ACEF0,0x00000000	HUDClass::Shutdown	HUD hooks		EXCLUDED: D3D8 shader layer (directive 0.6)	none	out-of-scope
tt_4.8.4/ttinit/shaderhooks.cpp	180	hookAsJump	0x006AD2C0,0x00000000	HUDClass::Reset	HUD hooks		EXCLUDED: D3D8 shader layer (directive 0.6)	none	out-of-scope
tt_4.8.4/ttinit/shaderhooks.cpp	181	hookAsJump	0x006B42A0,0x00000000	HUDClass::Save	HUD hooks		EXCLUDED: D3D8 shader layer (directive 0.6)	none	out-of-scope
tt_4.8.4/ttinit/shaderhooks.cpp	182	hookAsJump	0x006B42E0,0x00000000	HUDClass::Load	HUD hooks		EXCLUDED: D3D8 shader layer (directive 0.6)	none	out-of-scope
tt_4.8.4/ttinit/shaderhooks.cpp	183	hookAsJump	0x006B3970,0x00000000	HUDClass::Is_Enabled	HUD hooks		EXCLUDED: D3D8 shader layer (directive 0.6)	none	out-of-scope
tt_4.8.4/ttinit/shaderhooks.cpp	184	hookAsJump	0x006B3980,0x00000000	HUDClass::Enable	HUD hooks		EXCLUDED: D3D8 shader layer (directive 0.6)	none	out-of-scope
tt_4.8.4/ttinit/shaderhooks.cpp	185	hookAsJump	0x006AC530,0x00000000	HUDClass::Force_Weapon_Chart_Update	HUD hooks		EXCLUDED: D3D8 shader layer (directive 0.6)	none	out-of-scope
tt_4.8.4/ttinit/shaderhooks.cpp	186	hookAsJump	0x006AC540,0x00000000	HUDClass::Force_Weapon_Chart_Display	HUD hooks		EXCLUDED: D3D8 shader layer (directive 0.6)	none	out-of-scope
tt_4.8.4/ttinit/shaderhooks.cpp	187	hookAsJump	0x006B3990,0x00000000	HUDClass::Add_Powerup_Weapon	HUD hooks		EXCLUDED: D3D8 shader layer (directive 0.6)	none	out-of-scope
tt_4.8.4/ttinit/shaderhooks.cpp	188	hookAsJump	0x006B3C90,0x00000000	HUDClass::Add_Powerup_Ammo	HUD hooks		EXCLUDED: D3D8 shader layer (directive 0.6)	none	out-of-scope
tt_4.8.4/ttinit/shaderhooks.cpp	189	hookAsJump	0x006B3D10,0x00000000	HUDClass::Add_Shield_Grant	HUD hooks		EXCLUDED: D3D8 shader layer (directive 0.6)	none	out-of-scope
tt_4.8.4/ttinit/shaderhooks.cpp	190	hookAsJump	0x006B3DD0,0x00000000	HUDClass::Add_Health_Grant	HUD hooks		EXCLUDED: D3D8 shader layer (directive 0.6)	none	out-of-scope
tt_4.8.4/ttinit/shaderhooks.cpp	191	hookAsJump	0x006B3E90,0x00000000	HUDClass::Add_Shield_Upgrade_Grant	HUD hooks		EXCLUDED: D3D8 shader layer (directive 0.6)	none	out-of-scope
tt_4.8.4/ttinit/shaderhooks.cpp	192	hookAsJump	0x006B3F20,0x00000000	HUDClass::Add_Health_Upgrade_Grant	HUD hooks		EXCLUDED: D3D8 shader layer (directive 0.6)	none	out-of-scope
tt_4.8.4/ttinit/shaderhooks.cpp	193	hookAsJump	0x006B3FB0,0x00000000	HUDClass::Add_Key_Grant	HUD hooks		EXCLUDED: D3D8 shader layer (directive 0.6)	none	out-of-scope
tt_4.8.4/ttinit/shaderhooks.cpp	194	hookAsJump	0x006B4050,0x00000000	HUDClass::Add_Objective	HUD hooks		EXCLUDED: D3D8 shader layer (directive 0.6)	none	out-of-scope
tt_4.8.4/ttinit/shaderhooks.cpp	195	hookAsJump	0x006B4160,0x00000000	HUDClass::Add_Data_Link	HUD hooks		EXCLUDED: D3D8 shader layer (directive 0.6)	none	out-of-scope
tt_4.8.4/ttinit/shaderhooks.cpp	196	hookAsJump	0x006B4200,0x00000000	HUDClass::Add_Map_Reveal	HUD hooks		EXCLUDED: D3D8 shader layer (directive 0.6)	none	out-of-scope
tt_4.8.4/ttinit/shaderhooks.cpp	197	hookAsJump	0x006AC550,0x00000000	HUDClass::Damage_Render	HUD hooks		EXCLUDED: D3D8 shader layer (directive 0.6)	none	out-of-scope
tt_4.8.4/ttinit/shaderhooks.cpp	199	hookAsJump	0x00555820,0x00000000	CameraClass::Update_Frustum_Wrapper	CameraClass::Update_Frustum hook		EXCLUDED: D3D8 shader layer (directive 0.6)	none	out-of-scope
tt_4.8.4/ttinit/shaderhooks.cpp	202	WriteMemory	0x0042A300		disable OverlayGameModeClass		EXCLUDED: D3D8 shader layer (directive 0.6)	none	out-of-scope
tt_4.8.4/ttinit/shaderhooks.cpp	203	WriteMemory	0x0042A4B0		disable Overlay3DGameModeClass		EXCLUDED: D3D8 shader layer (directive 0.6)	none	out-of-scope
tt_4.8.4/ttinit/shaderhooks.cpp	204	WriteNop	0x006A74F0		disable MessageWindowClass 3D bits		EXCLUDED: D3D8 shader layer (directive 0.6)	none	out-of-scope
tt_4.8.4/ttinit/shaderhooks.cpp	205	WriteVtable2	0x007DB1E8	LoadTexture	hook to catch texture loading		EXCLUDED: D3D8 shader layer (directive 0.6)	none	out-of-scope
tt_4.8.4/ttinit/ttinit.cpp	356	hookAsJump	0x00672B70,0x00672410	RenegadeAllocate	patch for memory manager	Code/wwdebug/wwmemlog.cpp	n/a: TT replaces the whole allocator to work around the VC6 CRT on modern Windows. OpenW3D builds against the MSVC 2022 CRT, whose allocator already supersedes it, and directive 0.4 forbids a second allocator selected at run time	high	n/a
tt_4.8.4/ttinit/ttinit.cpp	357	hookAsJump	0x00672C80,0x00672520	RenegadeFree	patch for memory manager	Code/wwdebug/wwmemlog.cpp	n/a: TT replaces the whole allocator to work around the VC6 CRT on modern Windows. OpenW3D builds against the MSVC 2022 CRT, whose allocator already supersedes it, and directive 0.4 forbids a second allocator selected at run time	high	n/a
tt_4.8.4/ttinit/ttinit.cpp	358	hookAsJump	0x0043A1D0,0x0043A270	Build_Registry_Location_String	Registry location fixup	Code/Commando/init.cpp	canonical supersedes: Build_Registry_Location_String is already identical in signature and behaviour; TT only needs its own copy because ttinit is a DLL loaded before the exe is patched	high	merged
tt_4.8.4/ttinit/ttinit.cpp	359	hookAsCall	0x0043907C,0x0043911C	Load_Mix_Files	patch to load mix files at startup for filehashing	Code/Commando/init.cpp	Same HashMixFileFactoryClass anti-cheat path; declined per directive 0.5.	high	n/a
tt_4.8.4/ttinit/ttinit.cpp	366	WriteJump	0x0043907C,0x00439192		Do not load all .mix files at startup	Code/Commando/init.cpp	The data/*.mix scan in init.cpp is the only place a level's mix is ever mounted -- TT can drop it because scripts2.dll mounts maps itself, which is the plugin architecture directive 0.5 declines. Removing it natively needs a lazy per-map mount in the file factory first; recorded as its own work item rather than done here.	high	n/a
tt_4.8.4/ttinit/ttinit.cpp	367	hookAsJump	0x0043D070,0x00000000	Start_Application	hooks for multimon stuff	Code/Commando/WINMAIN.CPP	n/a: TT's Start_Application is its own entry point -- a D3DX presence check, working-directory setup and its exception filter -- and calls the stock Create_Main_Window unchanged. The multi-monitor device selection is in tt_4.8.4/shaders, excluded under directive 0.6	high	n/a
tt_4.8.4/ttinit/ttinit.cpp	368	hookAsJump	0x006ECA50	DirectInput::Init	DirectInput hooks	Code/Combat/directinput.cpp;Code/Combat/directinput.h	c_dfDIMouse2 plus BUTTON3/BUTTON4 decode and NUM_MOUSE_BUTTONS 5; the rest of TT's DirectInput is decompiled stock that canon already supersedes (canon keeps the exclusive-then-nonexclusive keyboard fallback TT dropped).	high	merged
tt_4.8.4/ttinit/ttinit.cpp	369	hookAsJump	0x006ECD00	DirectInput::Shutdown	DirectInput hooks	Code/Combat/directinput.cpp;Code/Combat/directinput.h	c_dfDIMouse2 plus BUTTON3/BUTTON4 decode and NUM_MOUSE_BUTTONS 5; the rest of TT's DirectInput is decompiled stock that canon already supersedes (canon keeps the exclusive-then-nonexclusive keyboard fallback TT dropped).	high	merged
tt_4.8.4/ttinit/ttinit.cpp	370	hookAsJump	0x006ECDD0	DirectInput::Acquire	DirectInput hooks	Code/Combat/directinput.cpp;Code/Combat/directinput.h	c_dfDIMouse2 plus BUTTON3/BUTTON4 decode and NUM_MOUSE_BUTTONS 5; the rest of TT's DirectInput is decompiled stock that canon already supersedes (canon keeps the exclusive-then-nonexclusive keyboard fallback TT dropped).	high	merged
tt_4.8.4/ttinit/ttinit.cpp	371	hookAsJump	0x006ECE80	DirectInput::Unacquire	DirectInput hooks	Code/Combat/directinput.cpp;Code/Combat/directinput.h	c_dfDIMouse2 plus BUTTON3/BUTTON4 decode and NUM_MOUSE_BUTTONS 5; the rest of TT's DirectInput is decompiled stock that canon already supersedes (canon keeps the exclusive-then-nonexclusive keyboard fallback TT dropped).	high	merged
tt_4.8.4/ttinit/ttinit.cpp	372	hookAsJump	0x006ED300	DirectInput::Eat_Mouse_Held_States	DirectInput hooks	Code/Combat/directinput.cpp;Code/Combat/directinput.h	c_dfDIMouse2 plus BUTTON3/BUTTON4 decode and NUM_MOUSE_BUTTONS 5; the rest of TT's DirectInput is decompiled stock that canon already supersedes (canon keeps the exclusive-then-nonexclusive keyboard fallback TT dropped).	high	merged
tt_4.8.4/ttinit/ttinit.cpp	373	hookAsJump	0x00676070	Input::Is_Button_Down	Input hooks	Code/Combat/input.cpp	BUTTON_MOUSE_SIDE1/2 are bindable and named; the number-key modifier mask no longer catches mouse ids. Remainder is decompilation noise.	high	merged
tt_4.8.4/ttinit/ttinit.cpp	374	hookAsJump	0x006767F0	Input::Load_Configuration	Input hooks	Code/Combat/input.cpp	BUTTON_MOUSE_SIDE1/2 are bindable and named; the number-key modifier mask no longer catches mouse ids. Remainder is decompilation noise.	high	merged
tt_4.8.4/ttinit/ttinit.cpp	375	hookAsJump	0x00676460	Input::Save_Configuration	Input hooks	Code/Combat/input.cpp	BUTTON_MOUSE_SIDE1/2 are bindable and named; the number-key modifier mask no longer catches mouse ids. Remainder is decompilation noise.	high	merged
tt_4.8.4/ttinit/ttinit.cpp	376	hookAsJump	0x00677040	Input::Get_Translated_Key_Name	Input hooks	Code/Combat/input.cpp	BUTTON_MOUSE_SIDE1/2 are bindable and named; the number-key modifier mask no longer catches mouse ids. Remainder is decompilation noise.	high	merged
tt_4.8.4/ttinit/ttinit.cpp	377	hookAsJump	0x00675950	Input::Flush	Input hooks	Code/Combat/input.cpp	BUTTON_MOUSE_SIDE1/2 are bindable and named; the number-key modifier mask no longer catches mouse ids. Remainder is decompilation noise.	high	merged
tt_4.8.4/ttinit/ttinit.cpp	378	hookAsJump	0x00675C10	Input::Update	Input hooks	Code/Combat/input.cpp	BUTTON_MOUSE_SIDE1/2 are bindable and named; the number-key modifier mask no longer catches mouse ids. Remainder is decompilation noise.	high	merged
tt_4.8.4/ttinit/ttinit.cpp	379	WriteNop	0x006E28E0		weather manager hooks	Code/Combat/WeatherMgr.cpp;Code/Combat/backgroundmgr.cpp	hook plumbing, no behaviour: the 73-byte nops kill the stock static initializers for the two managers so TT's heap copies are the only ones. Nothing to suppress with a single native implementation	high	n/a
tt_4.8.4/ttinit/ttinit.cpp	380	WriteNop	0x00710890		weather manager hooks	Code/Combat/WeatherMgr.cpp;Code/Combat/backgroundmgr.cpp	hook plumbing, no behaviour: the 73-byte nops kill the stock static initializers for the two managers so TT's heap copies are the only ones. Nothing to suppress with a single native implementation	high	n/a
tt_4.8.4/ttinit/ttinit.cpp	381	WriteNop	0x004EC4B3		remove calls to ToolTipMgrClass::Initialize and MenuDialogClass::Initialize	Code/wwui/tooltipmgr.cpp;Code/wwui/menudialog.cpp	n/a: injection scaffolding. TT nops the stock calls so its own DLL can run them again after loading its config; natively the initialisers stay put and read the merged settings	high	n/a
tt_4.8.4/ttinit/ttinit.cpp	382	WriteNop	0x004399A6		remove call to cGameData::Onetime_Init	Code/Commando/gamedata.cpp	n/a: injection scaffolding, same as the ToolTipMgr/MenuDialog row	high	n/a
tt_4.8.4/ttinit/ttinit.cpp	383	WriteNop	0x004EC4A6		remove call to StyleMgrClass::Initialize_From_INI	Code/wwui/stylemgr.cpp	n/a: injection scaffolding -- TT re-runs Initialize_From_INI itself after reading hud.ini; natively StyleMgrClass reads the merged settings in place (P03-L)	high	n/a
tt_4.8.4/ttinit/ttinit.cpp	388	WriteNop	0x006E2180		weather manager hooks	Code/Combat/WeatherMgr.cpp;Code/Combat/backgroundmgr.cpp	hook plumbing, no behaviour: the 73-byte nops kill the stock static initializers for the two managers so TT's heap copies are the only ones. Nothing to suppress with a single native implementation	high	n/a
tt_4.8.4/ttinit/ttinit.cpp	389	WriteNop	0x0070FE50		weather manager hooks	Code/Combat/WeatherMgr.cpp;Code/Combat/backgroundmgr.cpp	hook plumbing, no behaviour: the 73-byte nops kill the stock static initializers for the two managers so TT's heap copies are the only ones. Nothing to suppress with a single native implementation	high	n/a
tt_4.8.4/ttinit/ttinit.cpp	390	WriteJump	0x0043911C,0x00439232		Do not load all .mix files at startup	Code/Commando/init.cpp	The data/*.mix scan in init.cpp is the only place a level's mix is ever mounted -- TT can drop it because scripts2.dll mounts maps itself, which is the plugin architecture directive 0.5 declines. Removing it natively needs a lazy per-map mount in the file factory first; recorded as its own work item rather than done here.	high	n/a
tt_4.8.4/ttinit/ttinit.cpp	392	hookAsJump	0x005E5CC0,0x005E5560	ExceptionHandler	exception handler hook	Code/wwlib/Except.cpp	merged natively: Exception_Handler writes a minidump to debug/crashdump.<timestamp>.dmp alongside the hand-rolled _except.txt, resolving dbghelp.dll at run time so nothing links against it	high	merged
tt_4.8.4/ttinit/ttinit.cpp	393	hookAsJump	0x00457040,0x00456AF0	cNetwork::Get_Data_Files_CRC	Fix memory leak in cNetwork::Get_Data_Files_CRC	Code/Commando/cnetwork.cpp	Code/Commando/cnetwork.cpp -- canonical already supersedes the TT reimplementation of stock	high	merged
tt_4.8.4/ttinit/ttinit.cpp	394	hookAsJump	0x005DCFA0,0x005DC840	StringClass::Get_String	StringClass patches	Code/wwlib/wwstring.cpp	Canonical StringClass has moved past the patched stock: u_vsnprintf_n and u_wstomb for the unicode-aware conversions, and the temp-string pool handled in Free_String.	high	merged
tt_4.8.4/ttinit/ttinit.cpp	395	hookAsJump	0x005DD230,0x005DCAD0	StringClass::Resize	StringClass patches	Code/wwlib/wwstring.cpp	Canonical StringClass has moved past the patched stock: u_vsnprintf_n and u_wstomb for the unicode-aware conversions, and the temp-string pool handled in Free_String.	high	merged
tt_4.8.4/ttinit/ttinit.cpp	396	hookAsJump	0x005DD330,0x005DCBD0	StringClass::Uninitialised_Grow	StringClass patches	Code/wwlib/wwstring.cpp	Canonical StringClass has moved past the patched stock: u_vsnprintf_n and u_wstomb for the unicode-aware conversions, and the temp-string pool handled in Free_String.	high	merged
tt_4.8.4/ttinit/ttinit.cpp	397	hookAsJump	0x005DD410,0x005DCCB0	StringClass::Free_String	StringClass patches	Code/wwlib/wwstring.cpp	Canonical StringClass has moved past the patched stock: u_vsnprintf_n and u_wstomb for the unicode-aware conversions, and the temp-string pool handled in Free_String.	high	merged
tt_4.8.4/ttinit/ttinit.cpp	398	hookAsJump	0x005DD7A0,0x005DD040	WideStringClass::Get_String	WideStringClass patches	Code/wwlib/widestring.cpp	Same as the StringClass rows: canonical WideStringClass supersedes the patched stock.	high	merged
tt_4.8.4/ttinit/ttinit.cpp	399	hookAsJump	0x005DD990,0x005DD230	WideStringClass::Free_String	WideStringClass patches	Code/wwlib/widestring.cpp	Same as the StringClass rows: canonical WideStringClass supersedes the patched stock.	high	merged
tt_4.8.4/ttinit/ttinit.cpp	400	hookAsJump	0x005DDC50,0x005DD4F0	WideStringClass::Convert_From	WideStringClass patches	Code/wwlib/widestring.cpp	Same as the StringClass rows: canonical WideStringClass supersedes the patched stock.	high	merged
tt_4.8.4/ttinit/ttinit.cpp	401	hookAsJump	0x005ECE30,0x005EC6D0	PATCH_Get_OS_Info	patch Get_OS_Info to solve a crash on newer platforms	Code/wwlib/cpudetect.cpp	merged natively: every OSInfoStruct field is filled in before the version table is consulted, instead of TT's stack-slot zeroing patch	high	merged
tt_4.8.4/ttinit/ttinit.cpp	402	hookAsJump	0x006703F5,0x0066FC95	CombatManager::postSceneInit	disable collision group for ladder fix	Code/Combat/combat.cpp	TT adds Disable_Collision_Detection(SOLDIER_GHOST, DEFAULT) in postSceneInit. Left open: ghost group is what a soldier walking through a teammate is put into, and dropping its DEFAULT pair changes how every ghosted soldier meets doors, elevators and crates, not only ladders. Needs in-game evidence before merging.	high	open
tt_4.8.4/ttinit/ttinit.cpp	403	hookAsJump	0x005E4220,0x005E3AC0	SimpleFileFactoryClass::Get_File	hooks for filehashing checks	Code/wwlib/simplefilefactory.cpp	TT's client file-hash anti-cheat runs through HashMixFileFactoryClass and the scripts-DLL VFS; declined per directive 0.5, as already recorded for the modpackage rows.	high	n/a
tt_4.8.4/ttinit/ttinit.cpp	404	hookAsJump	0x005E4480,0x005E3D20	SimpleFileFactoryClass::Return_File	hooks for filehashing checks	Code/wwlib/simplefilefactory.cpp	TT's client file-hash anti-cheat runs through HashMixFileFactoryClass and the scripts-DLL VFS; declined per directive 0.5, as already recorded for the modpackage rows.	high	n/a
tt_4.8.4/ttinit/ttinit.cpp	405	hookAsJump	0x006EC6F0,0x006EBF90	FileFactoryListClass::Get_File	hooks for filehashing checks	Code/wwlib/simplefilefactory.cpp	TT's client file-hash anti-cheat runs through HashMixFileFactoryClass and the scripts-DLL VFS; declined per directive 0.5, as already recorded for the modpackage rows.	high	n/a
tt_4.8.4/ttinit/ttinit.cpp	406	hookAsJump	0x006EC7D0,0x006EC070	FileFactoryListClass::Return_File	hooks for filehashing checks	Code/wwlib/simplefilefactory.cpp	TT's client file-hash anti-cheat runs through HashMixFileFactoryClass and the scripts-DLL VFS; declined per directive 0.5, as already recorded for the modpackage rows.	high	n/a
tt_4.8.4/ttinit/ttinit.cpp	407	hookAsJump	0x005EE320,0x005EDBC0	GenericMultiListClass::Internal_Add	MultiListClass hacks	Code/wwlib/multilist.cpp	The PUSH/POP_MEMORY_MACROS around the node allocation exist only so nodes allocated in scripts2.dll are freed on the exe's heap; declined per directive 0.5. One TT-forward fix merged: Internal_Add_After dereferenced existing_node before testing it for null.	high	merged
tt_4.8.4/ttinit/ttinit.cpp	408	hookAsJump	0x005EE440,0x005EDCE0	GenericMultiListClass::Internal_Add_Tail	MultiListClass hacks	Code/wwlib/multilist.cpp	The PUSH/POP_MEMORY_MACROS around the node allocation exist only so nodes allocated in scripts2.dll are freed on the exe's heap; declined per directive 0.5. One TT-forward fix merged: Internal_Add_After dereferenced existing_node before testing it for null.	high	merged
tt_4.8.4/ttinit/ttinit.cpp	409	hookAsJump	0x005EE550,0x005EDDF0	GenericMultiListClass::Internal_Add_After	MultiListClass hacks	Code/wwlib/multilist.cpp	The PUSH/POP_MEMORY_MACROS around the node allocation exist only so nodes allocated in scripts2.dll are freed on the exe's heap; declined per directive 0.5. One TT-forward fix merged: Internal_Add_After dereferenced existing_node before testing it for null.	high	merged
tt_4.8.4/ttinit/ttinit.cpp	410	hookAsJump	0x005EE680,0x005EDF20	GenericMultiListClass::Internal_Remove	MultiListClass hacks	Code/wwlib/multilist.cpp	The PUSH/POP_MEMORY_MACROS around the node allocation exist only so nodes allocated in scripts2.dll are freed on the exe's heap; declined per directive 0.5. One TT-forward fix merged: Internal_Add_After dereferenced existing_node before testing it for null.	high	merged
tt_4.8.4/ttinit/ttinit.cpp	411	hookAsJump	0x005EE710,0x005EDFB0	GenericMultiListClass::Internal_Remove_List_Head	MultiListClass hacks	Code/wwlib/multilist.cpp	The PUSH/POP_MEMORY_MACROS around the node allocation exist only so nodes allocated in scripts2.dll are freed on the exe's heap; declined per directive 0.5. One TT-forward fix merged: Internal_Add_After dereferenced existing_node before testing it for null.	high	merged
tt_4.8.4/ttinit/ttinit.cpp	412	hookAsJump	0x006A8310,0x006A7BB0	ScriptManager::Init	hook ScriptManager	Code/Combat/scriptman.cpp	TT's ScriptManager exists to create scripts out of scripts2.dll; declined per directive 0.5. Canonical ScriptManager creates from the engine's own registry.	high	n/a
tt_4.8.4/ttinit/ttinit.cpp	413	hookAsJump	0x006A8330,0x006A7BD0	ScriptManager::Shutdown	hook ScriptManager	Code/Combat/scriptman.cpp	TT's ScriptManager exists to create scripts out of scripts2.dll; declined per directive 0.5. Canonical ScriptManager creates from the engine's own registry.	high	n/a
tt_4.8.4/ttinit/ttinit.cpp	414	hookAsJump	0x006A83D0,0x006A7C70	ScriptManager::Destroy_Pending	hook ScriptManager	Code/Combat/scriptman.cpp	TT's ScriptManager exists to create scripts out of scripts2.dll; declined per directive 0.5. Canonical ScriptManager creates from the engine's own registry.	high	n/a
tt_4.8.4/ttinit/ttinit.cpp	415	hookAsJump	0x006A8640,0x006A7EE0	ScriptManager::Create_Script	hook ScriptManager	Code/Combat/scriptman.cpp	TT's ScriptManager exists to create scripts out of scripts2.dll; declined per directive 0.5. Canonical ScriptManager creates from the engine's own registry.	high	n/a
tt_4.8.4/ttinit/ttinit.cpp	416	hookAsJump	0x006A87C0,0x006A8060	ScriptManager::Save	hook ScriptManager	Code/Combat/scriptman.cpp	TT's ScriptManager exists to create scripts out of scripts2.dll; declined per directive 0.5. Canonical ScriptManager creates from the engine's own registry.	high	n/a
tt_4.8.4/ttinit/ttinit.cpp	417	hookAsJump	0x006A89E0,0x006A8280	ScriptManager::Load	hook ScriptManager	Code/Combat/scriptman.cpp	TT's ScriptManager exists to create scripts out of scripts2.dll; declined per directive 0.5. Canonical ScriptManager creates from the engine's own registry.	high	n/a
