SHA	AuthorDate	Type	Scope	Subject	Systems	Trees	Files
9fee97a17	2026-08-21	refactor	gamestate	refactor(gamestate): Decouple result handling from game state (#3000)		Core;GeneralsMD	11
a82fab89c	2026-08-21	bugfix	modulefactory	bugfix(modulefactory): Fix mismatch caused by W3D module additions in Generals (#3180)		Core	1
5b22a6c9a	2026-08-21	bugfix	shell	bugfix(shell): Prevent menu crashing by avoiding initializing layouts during teardown (#3158)		Core	2
4f9fafe62	2026-08-21	bugfix	selection	bugfix(selection): Prevent objects from being appended to a selection if they are not mass-selectable (#3169)		Core	1
ac2eebe1a	2026-08-13	refactor	scorch	refactor(scorch): Store scorch structs in a deque (#3159)	ZH-09	Core	2
00d67999a	2026-08-13	refactor	scorch	refactor(scorch): Reorganize scorch deduplication and buffer writes (#3159)	ZH-09	Core	2
f71bdf0da	2026-08-13	chore	scorch	chore(scorch): Remove debug sample marks (#3159)	ZH-09	Core	1
53845b715	2026-08-13	fix	scorch	fix(scorch): Releasing old scorch buffers before allocation (#3159)	ZH-09	Core	1
893aaa1b6	2026-08-13	bugfix	scorch	bugfix(scorch): Deduplicate before evicting the oldest scorch (#3159)	ZH-09	Core	1
60a9f20d0	2026-08-19	fix	saveload	fix(saveload): Use getFinalOverride in WeaponSet xfer load to match Object constructor (#2160)		GeneralsMD	6
73fa3d021	2026-08-19	unify	particlesys	unify(particlesys): Move W3DParticleSys.h to Core (#3172)	ZH-10	Core;GeneralsMD	6
842c6a105	2026-08-20	bugfix	contain	bugfix(contain): Preserve occupants when transferring assets to allies (#3124)		GeneralsMD	2
33a3f8f00	2026-08-19	bugfix	aiupdate	bugfix(aiupdate): Let Tunnel Network passengers exit from any Tunnel Object again (#3136)		GeneralsMD	16
242f5a4c1	2026-08-18	refactor	particlesys	refactor(particlesys): Cleanup retail smudge particle type identification (#3162)	ZH-10	Core	3
15b02ffe9	2026-08-18	test	neutronmissile	test(neutronmissile): Add debug draw for nuke missile radius (#3160)		GeneralsMD	2
c98fcafa5	2026-08-18	feat	string	feat(string): Implement UTF-8 string conversion and validation functions (#2528)		Core	6
a40cdb66d	2026-08-16	bugfix	object	bugfix(object): The KINDOF_NO_SELECT flag now prevents an object from being selected (#3125)		GeneralsMD	2
fba44b797	2026-08-16	bugfix	scorch	bugfix(scorch): Fix diffuse color calculation of scorches (#3153)	ZH-09	Core	1
d95a9f8c9	2026-08-16	perf	smudge	perf(smudge): Early return W3DSmudgeManager::render when no smudges are present (#3140)	ZH-22	Core	1
ec0658a35	2026-08-15	bugfix	ai	bugfix(ai): Attacking infantry no longer attempt to path to their targets when force-evacuated from a vehicle (#3098)	ZH-24	GeneralsMD	4
1ccf5d1cf	2026-08-15	bugfix	selection	bugfix(selection): Fix group index range in SelectionTranslator::onMetaViewTeam() (#3139)		Core	1
5dd1200d7	2026-08-15	bugfix	chinookaiupdate	bugfix(chinookaiupdate): Helicopter enter commands are now ignored if the target to enter is invalid or ourselves (#3115)		GeneralsMD	2
bf797298a	2026-08-15	bugfix	horde	bugfix(horde): Prevent dead units from being considered for horde membership (#3067)		GeneralsMD	2
fbcc7b92c	2026-08-06	unify	shell	unify(shell): Move Shell to Core (#3070)		Core;GeneralsMD	21
8a7940588	2026-08-14	perf	script	perf(script): Reduce cost of ScriptEngine::findScript() by around 85% (#3096)		GeneralsMD	4
eccb41ef5	2026-08-14	bugfix	heightmap	bugfix(heightmap): Fix ray casting in BaseHeightMapRenderObjClass::Cast_Ray (2) (#2869)	ZH-04	Core	5
fad5ba73a	2026-08-14	refactor		refactor: Simplify slot-to-player lookups (#3034)		Core;GeneralsMD	19
66804e109	2026-08-14	bugfix	scorch	bugfix(scorch): Prevent volatile scorches from evicting static map scorches (#3114)	ZH-04;ZH-09	Core;GeneralsMD	7
dc5408780	2026-08-03	bugfix	pathfinder	bugfix(pathfinder): Prevent a retail crash where a pathfindCell has a dangling linked list pointer (#3113)	ZH-24	Core	1
55ccd6204	2026-08-03	bugfix	pathfinder	bugfix(pathfinder): Prevent a retail crash where the head of the closed list has no associated m_info (#3113)	ZH-24	Core	1
ae07b29f4	2026-06-07	bugfix	milesaudiomanager	bugfix(milesaudiomanager): Prevent dangling pointer to AudioEventRTS in PlayingAudio when handing it over to a new AudioRequest after a call to MilesAudioManager::startNextLoop() (#2774)		Core	10
d8c2d4d3b	2026-06-07	refactor	audioevent	refactor(audioevent): Add RefCountClass to DynamicAudioEventRTS (#2774)	ZH-18	Core;GeneralsMD	12
a2b5d7210	2026-08-13	bugfix	scorch	bugfix(scorch): Update scorch texture mip quality when changing texture quality setting (#3119)	ZH-04;ZH-09	Core	3
4990ca933	2026-08-13	unify	drawable	unify(drawable): Merge most of Drawable and Locomotor (#3097)	ZH-18	GeneralsMD	13
f1dda175e	2026-08-13	ci	vcpkg	ci(vcpkg): Limit setup to vcpkg presets (#3128)			1
a353c50c6	2026-08-13	bugfix	jetaiupdate	bugfix(jetaiupdate): Helicopters no longer land or remain landed at destroyed Airfields (#3080)		GeneralsMD	2
d17c18ff7	2026-08-12	tweak	gui	tweak(gui): Move animated GUI window smoothly at higher than 30 frames per second (#3061)		Core;GeneralsMD	6
27423a450	2026-08-11	refactor	network	refactor(network): Remove dynamic allocations for NetPacket (#2866)		Core	7
83ca91bc9	2026-08-11	refactor	baseheightmap	refactor(baseheightmap): Extract scorch rendering from BaseHeightMap into new W3DScorch (#3017)	ZH-04;ZH-09	Core	7
71a8c9e7a	2026-08-10	bugfix	aiupdate	bugfix(aiupdate): Don't process invalid exit commands (#3089)		GeneralsMD	2
00a0f2e49	2026-08-11	bugfix	jetaiupdate	bugfix(jetaiupdate): Save helicopter landing position (#3077)		GeneralsMD	2
dbbfd9520	2026-08-11	bugfix	stickybomb	bugfix(stickybomb): Allow Booby Traps to be placed on a previously booby-trapped object (#3060)		GeneralsMD	2
f49dc4c9b	2026-08-09	fix	namekey	fix(namekey): Canonicalize lowercase name keys (#3082)		GeneralsMD	2
377c714b6	2026-08-09	bugfix	contain	bugfix(contain): Allow passengers to exit immobilized Battle Buses (#3041)		GeneralsMD	2
a92d9c99a	2026-08-09	tweak	gui	tweak(gui): Change LAN emote buttons to chat buttons and implement /me emote text command in LAN chats (#1821)		Core;GeneralsMD	12
113900a15	2026-08-09	refactor		refactor: Use slot indices for player conversions (#3033)		Core;GeneralsMD	5
8015027d8	2026-08-09	chore		chore: Remove unused W3DCustomEdging class (#3079)	ZH-04	Core;GeneralsMD	12
ab7df8eaa	2026-08-09	bugfix	jetaiupdate	bugfix(jetaiupdate): Fix aircraft falling to their death if their Airfield is lost during their return flight (#3076)		GeneralsMD	2
1e2154225	2026-08-07	unify	w3ddevice	unify(w3ddevice): Move W3DDevice/Common to Core (#3073)		Core;GeneralsMD	20
81a76ad43	2026-08-08	unify	w3ddevice	unify(w3ddevice): Move W3DDevice/GameClient/GUI to Core (#3074)		Core;GeneralsMD	22
d823b2813	2026-08-08	unify	gui	unify(gui): Move EstablishConnectionsMenu to Core (#3069)		Core;GeneralsMD	8
296e28642	2026-08-07	refactor	w3dview	refactor(w3dview): Migrate raw pointers to RefCountPtr (#1763)		Core	14
ed224acce	2026-08-07	unify	gui	unify(gui): Move GUICallbacks to Core (#3068)		Core;GeneralsMD	26
674e953db	2026-08-06	fix	client	fix(client): Prevent movies from playing in headless mode (#3066)		Core;GeneralsMD	3
39e01d94b	2026-08-07	chore		chore: Update retail behaviour preservation flags (#3065)		Core	1
896d7c3d5	2026-08-07	feat	specialpower	feat(specialpower): Add INI option to start a special power without its initial reload time (#3054)		GeneralsMD	6
c30b17b20	2026-08-05	refactor	refcountptr	refactor(refcountptr): Simplify RefCountPtr's Create_No_Add_Ref, Create_Add_Ref and add Assign_No_Add_Ref, Assign_Add_Ref (#3058)	ZH-24	Core;GeneralsMD	9
16bf7dffb	2026-08-05	chore	refcountptr	chore(refcountptr): Include ref_ptr.h in WWCommon.h (#3059)	ZH-24	Core;GeneralsMD	9
50f27e057	2026-08-05	fix	spectregunship	fix(spectregunship): Decouple particle system in SpectreGunshipUpdate::update from logic crc (#3055)		GeneralsMD	1
d3b384604	2026-08-05	bugfix	aiupdate	bugfix(aiupdate): Prevent units from deploying when moving (#3016)		GeneralsMD	1
dc6c595e8	2026-08-04	tweak	gui	tweak(gui): Decouple GUI window-move animations from the render frame rate (#2833)		GeneralsMD	6
c090d2882	2026-08-02	unify	win32device	unify(win32device): Move Win32Device to Core (#3046)		Core;GeneralsMD	10
620a173c6	2026-08-03	bugfix	gamefont	bugfix(gamefont): Lift the upper font point size limit of 100 (#3051)		Core	1
c95cf1c11	2026-08-02	unify	precompiled	unify(precompiled): Move Precompiled to Core (#3050)		Core;GeneralsMD	8
849bee3d2	2026-08-02	feat	object	feat(object): Implement KINDOF_NO_ATTACK_WARNING to suppress alarm events on object attacks (#2862)		GeneralsMD	6
bb5168c8d	2026-08-02	unify	bezier	unify(bezier): Move Bezier to Core (#3047)		Core;GeneralsMD	12
c11f37d4f	2026-08-02	bugfix	shroud	bugfix(shroud): Fix texture access bounds in W3DShroud::getShroudLevel() (#3045)	ZH-15	GeneralsMD	2
bf9099f2a	2026-08-01	unify	commandline	unify(commandline): Move CommandLine to Core (#3037)		Core;GeneralsMD	8
8d39ede9b	2026-08-01	unify	common	unify(common): Move DamageFX, Dict, DiscreteCircle, Language, MessageStream... to Core (#3038)	ZH-05	Core;GeneralsMD	40
c830622d1	2026-08-01	unify	ww3d2	unify(ww3d2): Move ww3d to Core (#3012)		Core;GeneralsMD	12
1b55ab36d	2026-08-01	refactor	commandxlat	refactor(commandxlat): Split evaluateContextCommand into per-command handlers (#3008)		Core	2
82a427539	2026-08-01	chore		chore: Restore full relative include visibility in WWVegas libraries (#3032)	ZH-14;ZH-19	Core;GeneralsMD	112
71d40c061	2026-07-31	bugfix	debug	bugfix(debug): Skip system-modal crash dialogs in headless runs (#3030)		Core	1
a3d859a31	2026-07-31	refactor	smudge	refactor(smudge): Replace custom doubly linked list with std::deque in W3DSmudge (#3021)	ZH-22	Core	3
f51b28047	2026-07-30	chore	network	chore(network): Remove obsolete HTTP Proxy option (#3009)		Core;GeneralsMD	4
1a7c1ef74	2026-07-30	chore	network	chore(network): Remove legacy Send Delay (#3007)		Core;GeneralsMD	14
f3051c026	2026-07-30	chore		chore: Remove redundant void argument from functions (3) (#3027)	ZH-19	Core;GeneralsMD	310
788f63aea	2026-03-30	perf	terrain	perf(terrain): Hoist global light ray computation out of per-vertex loop	ZH-04	Core	3
e760b3695	2026-07-26	chore	string	chore(string): Implement AsciiString::toUpper() (#3020)		Core	2
8313abda6	2026-07-26	fix	string	fix(string): Fix character length limit and unnecessary allocation in AsciiString::toLower() (#3020)		Core	1
51386f3e8	2026-07-28	fix	displaystring	fix(displaystring): Guard null bold font pointer in W3DDisplayString::setFont() (#2893)		GeneralsMD	2
4ac829fc6	2026-07-27	tweak	gui	tweak(gui): Show Money Per Minute in Player Info List (#2738)		GeneralsMD	4
a54d97dec	2026-07-18	unify	particlesys	unify(particlesys): Move W3DParticleSys to Core (#3014)	ZH-10	Core;GeneralsMD	6
fcd438377	2026-07-26	bugfix	replay	bugfix(replay): Handle replay deletion during version mismatch prompt (#1837)		GeneralsMD	4
6b054cb00	2026-07-26	bugfix	saveload	bugfix(saveload): Fix aircraft carrier losing its order when saving (#2996)		GeneralsMD	1
070053c9e	2026-07-26	bugfix	savegame	bugfix(savegame): Fix aircraft carrier ramp state serialized out of bounds (#2997)		GeneralsMD	1
b3d3a0623	2026-07-24	perf	view	perf(view): Cache only latest screen-to-terrain result (#2992)	ZH-04	Core;GeneralsMD	10
a20992d25	2026-07-24	bugfix	contain	bugfix(contain): Restore retail compatibility after changes to Object::m_containedByID (#2868)		GeneralsMD	5
810371bb0	2026-07-24	perf	network	perf(network): Reduce loop complexity for transport messages and remove unused static variables (#2659)		Core	4
f74fbee93	2026-07-23	bugfix	particlesys	bugfix(particlesys): Prevent accumulation of particle systems in headless mode (#3006)	ZH-10	Core	1
fad793540	2026-07-23	bugfix	fxlist	bugfix(fxlist): Fix unreliable terrain layer selection of particles using CreateAtGroundHeight (#3004)		Core	1
12f7de913	2026-07-23	bugfix	behavior	bugfix(behavior): Do not fire weapons via the InstantDeathBehavior module while under construction (#3002)		GeneralsMD	2
84e74023c	2026-07-22	bugfix	saveload	bugfix(saveload): Serialize base state machine in TurretStateMachine and DozerActionStateMachine (#2896)		GeneralsMD	4
6aab9543f	2026-07-23	bugfix	behavior	bugfix(behavior): Allow multiple InstantDeathBehavior modules to be processed (#2990)		GeneralsMD	2
1f47110b5	2026-07-23	bugfix	weapon	bugfix(weapon): Sniper weapons can no longer fire upon empty Stinger Sites (#2822)		Core;GeneralsMD	5
9f7abb866	2026-07-21	tweak	intro	tweak(intro): Implement intro skipping with ESC button (#2879)		Core;GeneralsMD	11
5df389c92	2026-07-21	bugfix	gui	bugfix(gui): Fix black fade out at the end of the map load screen (#2889)		Core;GeneralsMD	6
3778f20b5	2026-07-20	chore		chore: Use qualified include paths for WWVegas headers (2) (#2881)	ZH-01;ZH-02;ZH-03;ZH-08;ZH-14;ZH-15;ZH-17;ZH-18;ZH-19;ZH-20;ZH-24	Core;GeneralsMD	250
e378776c8	2026-07-19	tweak	cmake	tweak(cmake): Use GameSpy SDK from TheSuperHackers repository (#2884)			1
ff6ac21aa	2026-07-19	bugfix	gamelogic	bugfix(gamelogic): Map player index to slot index for CRC validation (#2857)		GeneralsMD	6
fe72137f3	2026-06-29	bugfix	heightmap	bugfix(heightmap): Prevent full terrain rebuild on every frame when DrawEntireTerrain is enabled (#2846)	ZH-04	Core	6
cc6e4bc02	2026-06-29	chore	heightmap	chore(heightmap): Remove remnants of unimplemented Stretch Terrain and Half Height Map (#2846)	ZH-04;ZH-06	Core;GeneralsMD	10
da5ee9709	2026-07-19	fix	bitflags	fix(bitflags): Prevent linker errors from multiple defined BitFlags<N>::s_bitNameList (#2888)		Core;GeneralsMD	21
769c7c7c3	2026-07-19	chore		chore: Replace CPP_11(= delete) with FUNCTION_DELETE macro to help clang format (#2885)		Core;GeneralsMD	9
69e1ea2f6	2026-07-19	chore		chore: Remove empty braces in macros to help clang format (#2883)	ZH-18	Core;GeneralsMD	21
b3f3a9a85	2026-07-18	chore		chore: Use qualified include paths for WWVegas headers (1)	ZH-04;ZH-06;ZH-07;ZH-09;ZH-14;ZH-19;ZH-21;ZH-22;ZH-25	Core	398
bb0a3f743	2026-07-17	feat	screenshot	feat(screenshot): Add threaded JPEG/PNG screenshots without game stalls (#1785)		Core;GeneralsMD	33
355e006f8	2026-02-07	feat	intro	feat(intro): Add short Intro Logo for The Super Hackers team (#2267)		Core;GeneralsMD	8
49506a77c	2026-02-05	tweak	intro	tweak(intro): Remove superfluous legal page window from intro sequence (#2267)		Core	2
90a47ac49	2026-02-05	fix	intro	fix(intro): Remove non functional copyright string and simplify logo movie code (#2267)		Core;GeneralsMD	6
49760b544	2026-02-05	refactor	intro	refactor(intro): Simplify the intro state machine in Intro class (#2267)		Core;GeneralsMD	12
a5f85390e	2026-02-07	refactor	intro	refactor(intro): Move intro related code to new file and class (#2267)		Core;GeneralsMD	7
36ba5b06a	2026-07-15	refactor	sphere	refactor(sphere): Zero initialize SphereClass by default and add Is_Valid function (#2855)	ZH-08	Core;GeneralsMD	11
ca9358fcc	2026-07-13	tweak	gamemessage	tweak(gamemessage): Reduce number of MSG_DESTROY_SELECTED_GROUP messages (#2668)		Core;GeneralsMD	11
b70e16078	2026-07-08	unify	ini	unify(ini): Move INI parser files to Core (#2863)		Core;GeneralsMD	52
fa2761324	2026-07-11	bugfix	gameengine	bugfix(gameengine): Prevent logic time accumulation while the game is halted (#2865)		GeneralsMD	2
a05e8405d	2026-07-10	bugfix	commandxlat	bugfix(commandxlat): Re-enable right mouse click move commands during camera scrolling (#2847)		Core	5
ab5ce4f12	2026-07-09	tweak	controlbar	tweak(controlbar): Decouple the general promotion star blink from the render frame rate (#2835)		Core	2
480a9a753	2026-07-08	bugfix	ini	bugfix(ini): Store every debris model name in GenericObjectCreationNugget::parseDebrisObjectNames (#2597)		GeneralsMD	2
923bb9113	2026-07-08	perf	sortingrenderer	perf(sortingrenderer): Skip z-sorting for nodes without bounding info in SortingRenderer (#2854)		Core	1
c5e3a9e40	2026-07-06	bugfix	logic	bugfix(logic): Restore retail compatibility after change to frozen time check (#2803)		GeneralsMD	4
210bdbfe9	2026-07-01	unify	controlbar	unify(controlbar): Move ControlBar files to Core (#2849)		Core;GeneralsMD	43
2c3b2ca4b	2026-07-01	unify	controlbar	unify(controlbar): Merge ControlBar and related code from Zero Hour (#2849)		GeneralsMD	7
838f9d0fd	2026-07-04	fix	gui	fix(gui): Pace whole-screen fade loop through the frame pacer (#2848)		GeneralsMD	2
7a06dfd71	2026-07-04	feat	gui	feat(gui): Implement user option to scale the game window transition speed (#2840)		Core;GeneralsMD	9
4eda82d7f	2026-07-02	bugfix	pointgroup	bugfix(pointgroup): Render ground-aligned particles without sorting (#2838)		Core	1
717952018	2026-07-01	fix	textureloader	fix(textureloader): Simplify and fix faulty implementations of texture reduction (2) (#2814)		Core	1
6a19b8bcc	2026-06-30	bugfix	heightmap	bugfix(heightmap): Reduce ray cast lengths and fix ray casting in BaseHeightMapRenderObjClass::Cast_Ray (#2836)	ZH-04	Core	2
c7ee26a7a	2026-06-23	bugfix	mouse	bugfix(mouse): Fix bad drag tolerances with high scroll speed factors (#2826)		Core	6
d932dff9a	2026-06-23	chore	basetype	chore(basetype): Add addition and subtraction functions to Coord2D, Coord3D, ICoord2D, ICoord3D (#2826)		Core	1
f7d680fa2	2026-06-29	refactor	selectionxlat	refactor(selectionxlat): Split switch cases of SelectionTranslator::translateGameMessage into separate functions (#2819)		Core	2
f03f2fad7	2026-06-29	build		build: Fix compile error in Smudge.h with docker-build (#2701)		Core	1
46607a90d	2026-06-28	refactor	basetype	refactor(basetype): Refactor functions of Coord3D, Region3D to take reference instead of pointer (#2830)	ZH-02;ZH-04;ZH-06;ZH-10;ZH-12;ZH-15;ZH-17;ZH-18;ZH-19;ZH-24	Core;GeneralsMD	107
124daa98a	2026-06-28	tweak	drawable	tweak(drawable): Decouple police car light time step from render update (#2829)	ZH-18	Core	1
a330729c9	2026-06-28	tweak	gui	tweak(gui): Decouple GUI transition and world animation time step from render update (#2056)		Core;GeneralsMD	4
21cc640c9	2026-06-26	bugfix	view	bugfix(view): Fix view ray cast behavior for mouse picks and drawable occlusion (#2818)	ZH-04;ZH-07;ZH-14;ZH-16	Core;GeneralsMD	22
a7447e558	2026-06-24	unify	update	unify(update): Parse template references in the AssistedTargetingUpdate module by name (#2809)		GeneralsMD	4
81fffb33b	2026-06-21	refactor	audio	refactor(audio): Simplify available audio samples management (#2773)		Core	5
7bbd643d0	2026-06-21	unify	messagestream	unify(messagestream): Move all client message translator files to Core (#2805)		Core;GeneralsMD	42
a3cafc33c	2026-06-21	fix	update	fix(update): Fix laser-to-target setup mistake in AssistedTargetingUpdate (#2817)		GeneralsMD	1
b2769b7ac	2026-06-21	chore	sortingrenderer	chore(sortingrenderer): Remove unused function Insert_VolumeParticle (#2816)		Core	2
984db42f3	2026-06-20	refactor	sortingrenderer	refactor(sortingrenderer): Replace custom doubly linked list with std::list in SortingNodeStruct (#2810)		Core	2
a5859177d	2026-06-20	bugfix	logic	bugfix(logic): Restore retail compatibility after change in CountermeasuresBehavior::calculateCountermeasureToDivertTo (#2808)		GeneralsMD	1
e577fad5c	2026-06-19	chore		chore: Prevent conflict between clang-format and MSVC by wrapping inline assembly blocks in curly braces (#2811)		Core	2
8bc892244	2026-06-19	chore		chore: Prevent conflict between clang-format and pre-C++11 nested template parsing (#2760)	ZH-01;ZH-10;ZH-18	Core;GeneralsMD	48
78edd8772	2026-06-19	bugfix	ai	bugfix(ai): Fix bugged unit behavior when attacked during guard mode (#2197)	ZH-24	GeneralsMD	3
82f4b857a	2026-06-18	bugfix	crc	bugfix(crc): Fix spurious mismatches for disconnected players at low CRC intervals (#2796)		GeneralsMD	4
9a9b1c2b2	2026-06-18	bugfix	network	bugfix(network): Improve compare method of command id's to keep network commands in chronological order when overflowing (#2736)		Core;GeneralsMD	5
8207c684b	2026-06-18	bugfix	pathfinder	bugfix(pathfinder): Fix inaccurate single unit movement destinations when unobstructed (#2296)	ZH-24	Core	1
ac112151f	2026-06-13	bugfix	textureloader	bugfix(textureloader): Fix faulty implementations of texture reduction (#2789)		Core	1
9cef3b047	2026-06-13	tweak	textureloader	tweak(textureloader): Remove superfluous texture reduction code from TextureLoadTaskClass::Begin_Uncompressed_Load() (#2789)		Core	1
f8686d627	2026-06-13	refactor	textureloader	refactor(textureloader): Simplify code in Texture Loader (#2789)		Core	1
cfbfe0dc0	2026-06-18	bugfix	textureloader	bugfix(textureloader): Lift hardcoded texture aspect ratio limit of 1:8 to allow loading all textures with modern gpu (#2788)		Core	1
f06f18386	2026-06-18	perf		perf: Reduce cost of retrieving labels from Waypoint and PolygonTrigger by 90% (#2761)	ZH-04;ZH-07	GeneralsMD	11
70c7f0f5e	2026-06-18	unify	selectionxlat	unify(selectionxlat): Merge SelectionXlat (#2792)		GeneralsMD	4
091ab3d47	2026-06-05	unify	commandxlat	unify(commandxlat): Merge CommandXlat and related code from Zero Hour (#2765)		GeneralsMD	11
df54e43c0	2026-06-05	unify	academystats	unify(academystats): Move AcademyStats files to Core and merge related required code (#2765)	ZH-24;ZH-25	Core;GeneralsMD	25
59d4c2963	2026-06-16	feat	options	feat(options): Implement user option to toggle Right Mouse Scroll with Alternate Mouse (#2798)		Core;GeneralsMD	10
d37051f60	2026-06-15	perf	pathfinding	perf(pathfinding): Skip redundant path-exists check in Pathfinder::checkForAdjust() (#2791)	ZH-24	Core	1
61ef3c6f7	2026-06-15	refactor	pathfinder	refactor(pathfinder): Simplify implementation of spiral cell search in Pathfinder::adjustDestination() (#2790)	ZH-24	Core	1
4b0243fd0	2026-06-14	fix	bitflags	fix(bitflags): Use UnsignedInt64 and %I64X to support VC6 compiler in BitFlags.h (#2759)		GeneralsMD	2
a48935d9d	2026-06-13	fix	milesaudiomanager	fix(milesaudiomanager): Fix audio request kill condition in MilesAudioManager::killAudioEventImmediately() (#2784)		Core	1
5d4f669eb	2026-06-11	fix	sortingrenderer	fix(sortingrenderer): Prevent a crash when exceeding the 16-bit index buffer limit (#2783)		Core	1
0e7f686e8	2026-06-08	refactor	gamelogic	refactor(gamelogic): Split switch cases of GameLogic::logicMessageDispatcher into separate functions (#2702)		Core;GeneralsMD	3
a1358a97e	2026-06-06	unify	ww3d2	unify(ww3d2): Move SortingRenderer to Core (#2772)		Core;GeneralsMD	8
deb728c0f	2026-06-06	perf	gamemessage	perf(gamemessage): Replace GameMessageArgument linked lists with vectors (#2700)		Core;GeneralsMD	8
f334383ec	2026-06-05	bugfix	contain	bugfix(contain): Prevent riders from being added to destroyed container object when Reinforcement Pad is destroyed before Troop Crawler drop (#2746)		GeneralsMD	4
7c78a5e17	2026-06-04	refactor	metaevent	refactor(metaevent): Split MetaEventTranslator::translateGameMessage() into smaller functions (#2758)		GeneralsMD	4
a7fad3bb2	2026-05-16	fix	milesaudiomanager	fix(milesaudiomanager): Prevent multithread crashing in MilesAudioManager (#2718)		Core	4
b0becc407	2026-05-16	refactor	milesaudiomanager	refactor(milesaudiomanager): Clean up and simplify MilesAudioManager (#2718)		Core;GeneralsMD	5
df2224bf1	2026-06-03	bugfix	object	bugfix(object): Avoid crash with dangling contain module in Object::onDestroy() when Reinforcement Pad is destroyed before Troop Crawler drop (#2747)		GeneralsMD	4
20f42549c	2026-06-01	fix	memory	fix(memory): Fix various memory leaks (2) (#2710)	ZH-18	Core;GeneralsMD	19
d7f720324	2026-05-30	fix	metaevent	fix(metaevent): Ignore order in which modifier keys are released to trigger meta events (#2577)		Core;GeneralsMD	5
8a06f3536	2026-05-30	unify	message	unify(message): Merge MessageStream, MetaEvent code (#2756)		GeneralsMD	5
cc4a683fd	2026-05-28	bugfix	water	bugfix(water): Fix river visuals in black shroud (#2749)	ZH-07	Core	1
adcf69ed1	2026-05-28	fix	memory	fix(memory): Fix audio event related memory leaks when pausing the game (#2731)		Core	4
92df97751	2026-05-25	fix	particlesys	fix(particlesys): Simplify ParticleSystemManagerDummy setup (#2740)	ZH-10	Core;GeneralsMD	8
9a402fbe2	2026-05-25	fix	particlesys	fix(particlesys): Decouple particle systems from logic crc (#2742)		Core;GeneralsMD	12
bf8d5be02	2026-05-21	bugfix	gameengine	bugfix(gameengine): Fix logic in GameEngine::canUpdateRegularGameLogic() (#2707)		GeneralsMD	4
842c7a532	2026-05-20	fix	recorder	fix(recorder): Fix memory leak of RecorderClass::m_crcInfo (#2713)		GeneralsMD	4
5852010ea	2026-05-20	bugfix	aigroup	bugfix(aigroup): Prevent game crash when a player is selected in Replay playback (2) (#2711)	ZH-24	Core;GeneralsMD	5
c1bce4f5d	2026-05-20	perf	network	perf(network): Replace extern global network variables with const ones (#2726)		Core;GeneralsMD	4
f7ecdb4cc	2026-05-20	refactor	network	refactor(network): Use switch cases in utility functions for network commands (#2725)		Core	2
7cb3c11e7	2026-05-20	fix	particlesys	fix(particlesys): Add or simplify null-checks to createParticleSystem calls (#2724)	ZH-10;ZH-18	Core;GeneralsMD	22
5a4187cea	2026-05-20	fix	network	fix(network): Verify accepted type of incoming game messages (#2708)		Core	3
f8476f04e	2026-05-20	bugfix	physics	bugfix(physics): Prevent building crash damage from dealing damage to other objects (#2723)		GeneralsMD	2
159447416	2026-05-20	bugfix	physics	bugfix(physics): Prevent dead units from repeatedly dealing crash damage on collision with non-buildings (#2204)		GeneralsMD	2
5ef79850b	2026-05-19	fix	gameengine	fix(gameengine): Remove music tracks as prerequisite to initialize the game engine (#2737)		Core;GeneralsMD	6
7dc2632ea	2026-05-19	bugfix		bugfix: Restore retail compatibility after retail behavior flags change (#2727)		GeneralsMD	17
2219f63c8	2026-05-17	refactor	netpacket	refactor(netpacket): Simplify NetPacket functions for packet buffer reads (#2463)		Core	10
8951ad908	2026-05-17	fix	object	fix(object): Prevent crash if Object::m_drawable is a nullptr on save load (#2712)		GeneralsMD	2
44deb0698	2026-05-15	unify	ww3d2	unify(ww3d2): Move dx8fvf, dx8indexbuffer, dx8vertexbuffer to Core (#2706)		Core;GeneralsMD	20
05e518d74	2026-05-14	bugfix	contain	bugfix(contain): Abort containee's AIExitState if its container object dies (#2513)	ZH-24	GeneralsMD	2
c8b5f611c	2026-05-13	chore	gamemessage	chore(gamemessage): Clean up GameMessage::getCommandTypeAsString (#2695)		GeneralsMD	2
e887d0296	2026-05-10	unify	gamelogic	unify(gamelogic): Move most GameLogic System files to Core (#2698)		Core;GeneralsMD	22
6781d5d39	2026-05-10	unify	gamelogic	unify(gamelogic): Merge GameLogicDispatch and related code (#2698)		GeneralsMD	5
e3515afa2	2026-05-10	bugfix	input	bugfix(input): Revert changes to local group creation (#2694)		GeneralsMD	4
b6a60073d	2026-05-09	refactor		refactor: Remove the W3DMPO class to remove clutter and unnecessary vtables (#2607)	ZH-05;ZH-06;ZH-09;ZH-19	Core;GeneralsMD	67
9f0d2fbb0	2026-05-09	refactor		refactor: Split preserve retail behavior flags (#2691)	ZH-16	Core;GeneralsMD	35
f936bdb78	2026-05-07	unify	ww3d2	unify(ww3d2): Merge dx8fvf, dx8indexbuffer, dx8vertexbuffer (#2690)		GeneralsMD	6
0ff66c9f5	2026-05-07	refactor		refactor: Add override keyword to virtual function overrides in Core code (2) (#2603)	ZH-01;ZH-04;ZH-06;ZH-18	Core;GeneralsMD	72
ccd876661	2026-05-02	fix	heightmap	fix(heightmap): Properly draw larger terrain area on low camera pitch (#2677)	ZH-04	Core;GeneralsMD	11
c9899fc55	2026-05-02	chore	heightmap	chore(heightmap): Implement HeightMapRenderObjClass::setTerrainDrawSize() to set custom draw sizes (#2677)	ZH-04	Core;GeneralsMD	8
c47b01a6f	2026-05-02	perf	heightmap	perf(heightmap): Update terrain tiles only if the terrain draw origin has really changed (#2677)	ZH-04	Core	3
534167ee9	2026-05-02	bugfix	heightmap	bugfix(heightmap): Do full terrain update after new origin position was set (#2677)	ZH-04	Core	1
9567b2290	2026-05-02	chore	heightmap	chore(heightmap): Remove useless logic in HeightMapRenderObjClass::updateCenter() (#2677)	ZH-04	Core	1
d77659562	2026-05-02	tweak	view	tweak(view): Align the camera far clip plane with the actual terrain draw size (#2677)		Core	2
90bbaa721	2026-05-04	refactor		refactor: Add override keyword to virtual function overrides in Zero Hour code (2) (#2605)	ZH-08;ZH-15;ZH-19;ZH-24	GeneralsMD	51
a3fe6c491	2026-05-05	bugfix	gamelogic	bugfix(gamelogic): Modules now cease updating when disabled by non-whitelisted disabled types (#2458)		GeneralsMD	2
82d225acd	2026-05-04	bugfix	controlbar	bugfix(controlbar): Show shortcut special powers in Generals again (#2680)		GeneralsMD	4
7219a19ef	2026-05-03	bugfix	veterancy	bugfix(veterancy): Disable audiovisual cues for ejected veteran pilots (#2643)		GeneralsMD	2
4d23c786f	2026-05-04	bugfix	player	bugfix(player): Fix transferred in-progress upgrades (#2396)		GeneralsMD	2
adc77cc5d	2026-05-03	tweak	gamemessage	tweak(gamemessage): Remove unused MSG_AREA_SELECTION message from game logic (#2667)		GeneralsMD	8
f1341ec46	2026-05-03	build	docker	build(docker): Set correct targets in docker-build.sh (#2678)			1
efabb087d	2026-05-02	unify	gadget	unify(gadget): Move Gadget files to Core (#2672)		Core;GeneralsMD	75
0a65107d7	2026-05-01	bugfix	watertracks	bugfix(watertracks): Correct the path handling for .wak files in the WaterTracksRenderSystem (#2634)	ZH-07	Core	1
3ca03de2c	2026-05-01	fix	aiupdate	fix(aiupdate): Fix XFER and CRC of AIUpdateInterface::m_guardTargetType (#2662)		GeneralsMD	2
2896c8220	2026-05-01	chore	player	chore(player): Remove unused GameMessage argument from Player member functions (#2669)		GeneralsMD	6
b97d95431	2026-05-01	bugfix	aiplayer	bugfix(aiplayer): Preserve scaffold health when AI building completes (#1768)	ZH-24	GeneralsMD	2
4eac61610	2026-04-19	chore	filesystem	chore(filesystem): Implement getExtension() and TheFileSystem::removeExtension() functions  (#2635)		Core	4
46df28fb7	2026-04-19	chore	string	chore(string): Implement find() and reverseFind() functions in UnicodeString (#2635)		Core	1
9dd5c7464	2026-04-19	chore	string	chore(string): Remove unused removeExtension() function from GameState.cpp (#2635)		GeneralsMD	2
a9b260ab6	2026-04-30	tweak	gamemessage	tweak(gamemessage): Remove unused argument of MSG_DESTROY_SELECTED_GROUP (#2664)		GeneralsMD	4
af4f950ce	2026-04-28	perf		perf: Remove superfluous null tests in iterateObjects callbacks (#2658)		GeneralsMD	13
a42cd64bb	2026-04-28	chore	controlbar	chore(controlbar): Add asserts to verify special power templates and buttons (#2657)		GeneralsMD	6
c13e36333	2026-04-27	unify	controlbar	unify(controlbar): Merge ControlBar and related code from Zero Hour (#2655)		GeneralsMD	20
dffdab92b	2026-04-27	feat		feat: Implement game exit with ALT+F4 and game window close button (#2336)		Core;GeneralsMD	24
a808475c3	2026-04-27	fix	view	fix(view): Prevent the camera from clipping under terrain (#2652)		Core	2
9e8a445c4	2026-04-24	docs	readme	docs(readme): Add section about profiling (#2202)			1
e1212d903	2026-04-24	feat	profiling	feat(profiling): Add trace zones and frame marks to Tracy profiling (#2202)		Core;GeneralsMD	5
775da20c2	2026-04-24	feat	profiling	feat(profiling): Add messages on game start and game end to Tracy profiling (#2202)		GeneralsMD	2
8082f0f7c	2026-04-24	feat	profiling	feat(profiling): Add plots for logical frame number and pathfinding cells/paths to Tracy profiling (#2202)	ZH-24	Core;GeneralsMD	3
efbf18923	2026-04-24	feat	profiling	feat(profiling): Add frame image capturing to Tracy profiling (#2202)	ZH-20	Core;GeneralsMD	7
8a604fa90	2026-04-24	feat	profiling	feat(profiling): Include Tracy profiler library in the solution (#2202)		Core	6
684a6f353	2026-04-24	refactor	profiling	refactor(profiling): Move rts/profile.h include into WWCommon.h (#2202)		Core;GeneralsMD	4
369784418	2026-04-24	refactor	profiling	refactor(profiling): Rename RTS_PROFILE to RTS_PROFILE_LEGACY (#2202)		Core;GeneralsMD	11
ea9737737	2026-04-24	refactor	profiling	refactor(profiling): Rename legacy profile library target (#2202)		Core;GeneralsMD	8
2cfde545d	2026-04-26	bugfix	view	bugfix(view): Set camera far z to acceptable distance (#2653)		Core	2
08ebb98c2	2026-04-25	tweak	view	tweak(view): Implement smooth terrain sampling for camera positioning (#2651)		Core	2
ffac8f952	2026-04-23	refactor		refactor: Eliminate macro-split assignments (#2641)	ZH-01	Core;GeneralsMD	10
3c73dd097	2026-04-23	feat	view	feat(view): Save position and view direction of player camera in MSG_SET_REPLAY_CAMERA (#2631)		Core;GeneralsMD	18
dc43b313a	2026-03-21	feat	options	feat(options): Implement game options for texture filter mode and anisotropy level (#2482)		Core;GeneralsMD	17
8619fa8ee	2026-03-21	feat	options	feat(options): Implement game option to set MSAA level (#2482)		Core;GeneralsMD	13
88bdb7c2a	2026-04-21	bugfix	gui	bugfix(gui): Remove slider bounds checks to prevent unexpected reset of custom settings (#2624)		GeneralsMD	4
1aca02395	2026-04-21	unify	client	unify(client): Move GameClient display and system files to Core (#2616)	ZH-20	Core;GeneralsMD	36
8a1d556e9	2026-04-20	docs		docs: Amend code generation guidelines to CONTRIBUTING.md (#2628)			1
471dc2620	2026-04-19	perf	gui	perf(gui): Significantly reduce cost of 2d render elements (#2514)		Core;GeneralsMD	13
2260f53ed	2026-04-19	fix		fix: Fix unused variables in WW3D (#2629)		GeneralsMD	3
08933c3d5	2026-04-19	chore	dx8fvf	chore(dx8fvf): Remove unused vertex_size parameter from FVFInfoClass (#2615)		GeneralsMD	5
aea77d00d	2026-04-19	bugfix	view	bugfix(view): Fix ground level of bookmarks, replay camera and game world microphone (#2595)		Core;GeneralsMD	16
aa2b09dd5	2026-04-18	style	guiedit	style(guiedit): Adjust indentation for combo box data output in save function (#2625)		GeneralsMD	2
ccd9c1d8a	2026-04-18	refactor		refactor: Remove superfluous returns at the end of functions (#2594)	ZH-02;ZH-06;ZH-12;ZH-18;ZH-24	Core;GeneralsMD	195
7892226cf	2026-04-18	bugfix		bugfix: Delay creation of object bound particle emitters until ParticleSystemManager is xfer-loaded (#2333)	ZH-10;ZH-18	Core;GeneralsMD	9
cec296caa	2026-04-18	bugfix	input	bugfix(input): Block all button presses except ESC during scripted camera scenes (#2621)		GeneralsMD	2
a7fabd895	2026-04-18	bugfix	connection	bugfix(connection): Remove incorrect magic byte check for map transfers (#2614)		Core	1
b2daaa7f5	2026-04-17	refactor	metaevent	refactor(metaevent): Move meta event type asserts from key event update to engine initialization (#2590)		GeneralsMD	6
9379a327b	2026-04-17	bugfix	water	bugfix(water): Fix river borders appearing darkened under shroud (#2592)	ZH-07	Core	1
feca69a6a	2026-04-17	refactor		refactor: Remove redundant void argument from functions (2) (#2609)	ZH-07	Core;GeneralsMD	441
65e52a2d2	2026-04-17	unify	ww3d2	unify(ww3d2): Merge dx8renderer, dx8rendererdebugger (#2600)		Core;GeneralsMD	8
6b1bccd46	2026-04-16	fix		fix: Fix assertion format argument for non-trivial types (#2606)		GeneralsMD	4
20d6cc0c5	2026-04-16	refactor	ini	refactor(ini): Simplify token related INI code (#2596)		Core;GeneralsMD	23
f40235c32	2026-04-16	refactor	recorder	refactor(recorder): Remove code duplications related to file write and logging in RecorderClass (#2543)		GeneralsMD	2
982719a3c	2026-04-15	other		  bugfix(dumbprojectile): Fix in-flight DumbProjectile detonating instantly on save load (#2591)		GeneralsMD	2
120bb81c5	2026-04-15	bugfix	input	bugfix(input): Fix touchpad upward scrolling in UI list boxes (#2586)		Core;GeneralsMD	7
6317722e5	2026-04-13	unify	ww3d2	unify(ww3d2): Move dx8wrapper, dx8caps to Core (#2599)		Core;GeneralsMD	12
a1d73250a	2026-04-13	fix	view	fix(view): Improve setup of default camera pitch and angle (#2546)		Core;GeneralsMD	18
cb2fe916f	2026-04-13	fix	ini	fix(ini): Support plus sign prefix in INI integer parse (#2576)		Core	1
4c065e4bb	2026-04-13	fix	ini	fix(ini): Replace unsafe uses of INI::getNextTokenOrNull (#2593)		GeneralsMD	5
f61c98b57	2026-04-13	bugfix	audiomanager	bugfix(audiomanager): Fix dummy audio manager implementation for failing audio length script conditions in headless mode (#2313)		Core;GeneralsMD	8
4de60c29a	2026-04-12	bugfix	money	bugfix(money): Fix undefined behavior for starting cash combo box (#2582)		GeneralsMD	1
b7fcf9f52	2026-04-12	bugfix	view	bugfix(view): Prevent overshooting camera zooming or pivoting on low frame rates (#2588)		Core	1
a48131d5b	2026-04-12	bugfix	view	bugfix(view): Fix malformed camera area constraints during cutscenes (#2587)		Core	2
28f4fe6e7	2026-04-12	fix	pathfinder	fix(pathfinder): Fix CRC computation of PathFinder::m_wallPieces (#2575)	ZH-24	Core	1
5692462a1	2026-04-12	bugfix	energy	bugfix(energy): Don't apply power production bonus for disabled power plants on save game load (#2509)		GeneralsMD	6
a92886bed	2026-04-12	bugfix	energy	bugfix(energy): Don't increase power production for disabled power plants on save game load (#2508)		GeneralsMD	2
73394e5ba	2026-04-11	bugfix	input	bugfix(input): Use time-based double tap for unit group centering (#2545)		GeneralsMD	2
64b5eaad7	2026-04-10	refactor		refactor: Add override keyword to virtual function overrides in Tools and set compile option -Wsuggest-override (#2394)	ZH-07;ZH-10	Core;GeneralsMD	202
df31c7eae	2026-04-10	unify	ww3d2	unify(ww3d2): Merge dx8wrapper, dx8caps, shdlib (#2499)		Core;GeneralsMD	12
476a57c29	2026-04-07	fix	view	fix(view): Introduce PRESERVE_RETAIL_SCRIPTED_CAMERA and fix or improve camera offset and zoom calculations (#2524)		Core;GeneralsMD	7
ff1baff25	2026-04-07	bugfix	dx8	bugfix(dx8): Improve display mode transition reliability (#2539)		GeneralsMD	4
164db0882	2026-04-07	ci		ci: Disable vcpkg build (#2544)			1
589f960aa	2026-04-06	fix		fix: Resolve macro redefinition warnings (#2525)		Core	3
fb77779c2	2026-04-06	refactor	ini	refactor(ini): Simplify some INI code (#2541)		Core	1
2f427b185	2026-04-06	tweak	radar	tweak(radar): Suppress under attack radar notification spam (#2540)	ZH-16	Core	1
78221a001	2026-04-06	bugfix	treebuffer	bugfix(treebuffer): Fix crash in W3DTreeBuffer::updateVertexBuffer() (#2526)	ZH-06	Core	1
5e041b4e0	2026-04-06	fix	actionmanager	fix(actionmanager): Improve validation of Sneak Attack placement legality (#2533)		GeneralsMD	5
d31c6c54d	2026-04-04	fix	skirmish	fix(skirmish): Improve determinism for restarted games by resetting slot values (#2373)		Core;GeneralsMD	6
f3fb705d7	2026-04-04	perf	ini	perf(ini): Improve INI parsing performance by using std::from_chars (#2532)		Core	1
69b78828c	2026-04-03	fix	targa	fix(targa): Fix TGA2 footer signature truncation by using strncpy (#2527)		Core	1
3fac0c7b9	2026-04-03	refactor	ini	refactor(ini): Clean up INI type table and its search logic (#2511)		Core	1
d2518facc	2026-04-03	fix	connection	fix(connection): Implement file content validation for map transfers (#1819)		Core	1
8f263dd2d	2026-04-02	fix	refcount	fix(refcount): Fix compile warning in constructors of RefCountClass (#2521)		Core	2
33544741e	2026-04-02	refactor		refactor: Remove string conversion code for MessageBox (#2523)		Core;GeneralsMD	10
f83b376ba	2026-04-02	refactor		refactor: Remove superfluous extern keyword from variable declarations (#2522)		Core;GeneralsMD	7
0508be469	2026-04-02	refactor	view	refactor(view): Remove friends from ViewLocation class (#2516)		Core;GeneralsMD	4
60141882a	2026-04-02	bugfix	object	bugfix(object): Guard GameLogic xfer version bump with RETAIL_COMPATIBLE_XFER_SAVE (#2418)		GeneralsMD	2
25ab77d7d	2026-04-02	refactor	ww3d2	refactor(ww3d2): Simplify dx8wrapper's frame statistics with struct (#2507)		GeneralsMD	4
2d13736ee	2026-04-01	refactor	object	refactor(object): Replace explicit local player checks with Object::isLocallyControlled (#2512)		Core;GeneralsMD	9
90afd636d	2026-03-30	chore		chore: Remove unused code in dx8wrapper (#2504)		GeneralsMD	5
d90909ddc	2026-03-30	chore		chore: Remove all code related to _XBOX (#2505)		Core;GeneralsMD	8
1845a2dd2	2026-03-21	bugfix	view	bugfix(view): Fix and improve camera pivoting (#2506)		Core;GeneralsMD	8
920854bde	2026-03-21	bugfix	view	bugfix(view): Fix and improve camera area constraints behavior (#2506)		Core	3
920c4e639	2026-03-30	bugfix	smudge	bugfix(smudge): Decouple smudge time step from render update (#2484)	ZH-10;ZH-22	Core;GeneralsMD	6
6e96a0961	2026-03-29	bugfix	contain	bugfix(contain): Restore retail compatibility after crash fix in OpenContain::killAllContained (#2439)		GeneralsMD	1
bab63d407	2026-03-29	bugfix	contain	bugfix(contain): Restore retail compatibility after crash fix in OpenContain::processDamageToContained (#2427)		GeneralsMD	4
a6fdd0a35	2026-03-29	fix	smudge	fix(smudge): Align smudges Y offset range with X offset range (#2498)		GeneralsMD	1
8cf9456ce	2026-03-29	bugfix	globaldata	bugfix(globaldata): Fix the handling of documents folder redirection by using SHGetKnownFolderPath() (#2479)		GeneralsMD	4
6e4e5f0cb	2026-03-26	refactor		refactor: Add override keyword to virtual function overrides in GameEngineDevice (#2393)	ZH-01;ZH-04;ZH-05;ZH-06;ZH-07;ZH-08;ZH-09;ZH-11;ZH-12;ZH-13;ZH-14;ZH-15;ZH-16;ZH-17;ZH-18;ZH-19;ZH-20;ZH-22;ZH-23	Core;GeneralsMD	113
256c849f9	2026-03-26	refactor		refactor: Add override keyword to virtual function overrides in Libraries (#2390)	ZH-19	Core;GeneralsMD	156
08b84208f	2026-03-24	fix	headless	fix(headless): Set DX8Wrapper_IsWindowed to false to suppress assertion dialogs during shutdown (#2298)		GeneralsMD	2
a7553c8ae	2026-03-24	bugfix	logic	bugfix(logic): Fix broken camera edge scroll after loading a savegame from the ingame menu (#2000)		GeneralsMD	2
5871a889f	2026-03-23	bugfix	pathfinder	bugfix(pathfinder): Improve initialization of uninitialized variable in Pathfinder::classifyFence (#2460)	ZH-24	Core;GeneralsMD	3
da74846fd	2026-03-18	fix	logic	fix(logic): Add nullptr check to msgPlayer in GameLogic::logicMessageDispatcher (#2383)		GeneralsMD	2
52ffb5c3d	2026-03-18	refactor	logic	refactor(logic): Rename thisPlayer to msgPlayer in GameLogic::logicMessageDispatcher (#2383)		GeneralsMD	2
5a36bdb7a	2026-03-23	fix	smudge	fix(smudge): Fix minor errors in W3DSmudge (#2483)	ZH-22	Core	1
d62c8f079	2026-03-23	tweak	gui	tweak(gui): Enable minimize button for game app window (#2473)		GeneralsMD	2
637dbba90	2026-03-22	bugfix	battleplan	bugfix(battleplan): Battle plans are now transferred to the new owner on capture (#2257)		GeneralsMD	8
8456e129c	2026-03-22	bugfix	battleplan	bugfix(battleplan): Multiple battle plans are now always applied correctly (#2256)		GeneralsMD	2
ce899fafb	2026-03-21	chore		chore: Remove debug code for KRIS_BRUTAL_HACK_FOR_AIRCRAFT_CARRIER_DEBUGGING (#2478)	ZH-18	GeneralsMD	5
2661b5c56	2026-03-21	perf	pathfinder	perf(pathfinder): Implement conditional reverse insertion sorting algorithm to reduce cost of long pathfinding by 50-66% (#2450)	ZH-24	Core	2
571463c27	2026-03-21	fix	pathfinder	fix(pathfinder): Remove invalid retail compatible compilation conditional (#2477)	ZH-24	Core	1
1b5204122	2026-03-21	refactor	bitflags	refactor(bitflags): Simplify functions in BitFlags class (#2472)		GeneralsMD	2
26c07f7ad	2026-03-21	refactor	bitflags	refactor(bitflags): Simplify conditions with testForAny, testForAll and remove unexpected assert in BitFlags::testForAll (#2476)		GeneralsMD	7
c8c809c75	2026-03-19	feat	headless	feat(headless): Implement ParticleSystemManagerDummy (#2247)	ZH-10	Core;GeneralsMD	7
2b6c72952	2026-03-19	feat	headless	feat(headless): Implement ViewDummy (#2246)		Core;GeneralsMD	7
dd894c2d8	2026-03-19	feat	headless	feat(headless): Implement GhostObjectManagerDummy (#2244)		GeneralsMD	10
e550dfef5	2026-03-19	feat	rendering	feat(rendering): Add support for multi sample anti-aliasing (MSAA) (#2454)		GeneralsMD	10
acf67972d	2026-03-18	ci	actions	ci(actions): Update GitHub Actions to latest versions and fixed hashes (#2377)			6
8bf736a90	2026-03-08	feat	texturefilter	feat(texturefilter): Extend texture filter with new filtering modes; none, point, bilinear, trilinear, anisotropic (#2423)		Core;GeneralsMD	4
454817972	2026-03-08	chore	texturefilter	chore(texturefilter): Cleanup code formatting and remove commented blocks (#2423)		Core	1
73fea430f	2026-03-18	refactor		refactor: Add override keyword to virtual function overrides in GameEngine (2) (#2392)	ZH-01;ZH-02;ZH-04;ZH-10;ZH-15;ZH-16;ZH-18;ZH-19;ZH-23;ZH-24;ZH-25	Core;GeneralsMD	291
2e254f684	2026-03-18	fix	docker	fix(docker): Fix docker WORKDIR ownership (#2459)			1
554bea764	2026-03-19	bugfix	contain	bugfix(contain): Occupants killed by their containers now kill their occupants (#2239)		GeneralsMD	6
39647c3b4	2026-03-14	fix	logic	fix(logic): Improve validation of MSG_SET_RALLY_POINT in GameLogicDispatch (#2441)		GeneralsMD	2
33a7eeca2	2026-03-14	fix	logic	fix(logic): Improve validation of MSG_NEW_GAME in GameLogicDispatch (#2440)		GeneralsMD	2
1c077c5ea	2026-03-14	fix	logic	fix(logic): Improve handling of ENABLE_RETALIATION_MODE in GameLogicDispatch (#2408)		GeneralsMD	3
bacee754b	2026-03-14	fix	logic	fix(logic): Improve validation of MSG_DO_SPECIAL_POWER and variants in GameLogicDispatch (#2380)		GeneralsMD	2
aa36cd699	2026-03-14	bugfix	rallypoint	bugfix(rallypoint): Make healed units follow building rally point on exit (#1822)		GeneralsMD	6
b4b1cd78e	2026-03-14	bugfix	supply	bugfix(supply): Implement proportional supply bonus scaling to fix too generous money deposits for partial supply drops (#2431)		GeneralsMD	3
6da321a43	2026-03-14	bugfix	smudge	bugfix(smudge): Fix Microwave Heat Haze blackout on forced AA (#2374)	ZH-07;ZH-14;ZH-22	Core	5
e18c47f0c	2026-03-13	refactor		refactor: Add override keyword to virtual function overrides in GameEngine (#2391)	ZH-02;ZH-16	GeneralsMD	397
5febc14c2	2026-03-12	fix	pathfinder	fix(pathfinder): Implement robust forward insertion sort for PathfindCell::putOnSortedOpenList() (#2432)	ZH-24	Core	2
44b99c7c7	2026-02-19	refactor	netpacket	refactor(netpacket): Simplify NetPacket functions for packet buffer writes and size tests (#2329)		Core	7
6075baaa4	2026-02-18	refactor	netcommandmsg	refactor(netcommandmsg): Rename NetCommandMsg::getPackedByteCount to NetCommandMsg::getSizeForNetPacket (#2329)		Core	3
4e1bd185f	2026-02-18	refactor	netcommandmsg	refactor(netcommandmsg): Simplify net messages NetAckBothCommandMsg, NetAckStage1CommandMsg, NetAckStage2CommandMsg (#2329)		Core	2
aa01ec0be	2026-02-18	chore	network	chore(network): Add new NetAckCommandMsg (#2329)		Core	2
db7f33a7e	2026-02-18	fix	network	fix(network): Fix constness around NetCommandMsg (#2329)		Core;GeneralsMD	9
d195e3b15	2026-03-11	bugfix	namekey	bugfix(namekey): Remove hardcoded NameKeyIDs from dummy strings to work with modded files (#2349)		GeneralsMD	6
926ffff25	2026-03-09	ci	validate	ci(validate): Update PR validation workflow and valid tags (#2426)			3
6940ae516	2026-03-09	unify	pathfinder	unify(pathfinder): Move AIPathfind.h and AIPathfind.cpp to Core (#2428)	ZH-24	Core;GeneralsMD	8
4c72d3234	2026-03-08	chore	replays	chore(replays): Update GeneralsReplays reference to latest (#2424)			1
a19d38fce	2026-03-08	fix	lookat	fix(lookat): Fix mouse anchor and direction issue for camera pitch (#2421)		Core;GeneralsMD	2
d93c9051f	2026-03-08	bugfix	audio	bugfix(audio): Decouple Particle Cannon audio spawn point from visual beam to restore correct position and fix quiet beam audio (#2415)		GeneralsMD	2
80f537bd2	2026-03-07	unify	pathfinder	unify(pathfinder): Merge Pathfinder::moveAllies and Pathfinder::findAttackPath from Zero Hour (#2341)		GeneralsMD	2
b2abc53de	2026-03-07	unify	pathfinder	unify(pathfinder): Merge Pathfinder::moveAlliesDestinationCallback, ::processHierarchicalCell, ::findClosestPath, ::updateGoal (#2341)		GeneralsMD	2
9878e1c68	2026-03-07	unify	pathfinder	unify(pathfinder): Merge Pathfinder::checkForPossible(), ::processPathfindQueue(), ::examineNeighboringCells(), ::buildHierarchicalPath() (#2341)		GeneralsMD	2
c2cff48a9	2026-03-07	unify	pathfinder	unify(pathfinder): Merge Pathfinder::clientSafeQuickDoesPathExist() and Pathfinder::clientSafeQuickDoesPathExistForUI() from Zero Hour (#2341)		GeneralsMD	10
b18feac66	2026-03-07	refactor	random	refactor(random): Simplify code in RandomValue (#2370)		Core	1
41a848c90	2026-03-07	unify	pathfinder	unify(pathfinder): Merge PathfindLayer::doDebugIcons(), Pathfinder::Classify functions, Pathfinder::checkDestination() and Pathfinder::checkForMovement() (#2414)		GeneralsMD	2
6b726d7c7	2026-03-05	bugfix	heightmap	bugfix(heightmap): Fix zagged shapes on steep diagonal terrain (#2406)	ZH-04	Core	1
20513cd2a	2026-03-05	refactor	view	refactor(view): Split contents of W3DView::buildCameraTransform(), W3DView::calcCameraAreaConstraints() (#2403)		Core	2
38a305646	2026-03-05	bugfix	gunship	bugfix(gunship): Select Spectre Gunship only on the client that controls the unit (#2402)		GeneralsMD	1
a14030585	2026-03-05	bugfix	ai	bugfix(ai): Reset jet locomotor to normal when attack locomotor timer expires (#2397)		GeneralsMD	2
528639300	2026-03-05	build	cmake	build(cmake): Append RTS_BUILD_OUTPUT_SUFFIX to installable targets (#2378)		Core;GeneralsMD	16
d8e070712	2026-03-04	unify	pathfinder	unify(pathfinder): Merge PathfindZoneManager() (#2404)		GeneralsMD	5
b1b6080c1	2026-03-04	chore	pathfinder	chore(pathfinder): Remove unused forced refresh calling in PathfindZoneManager::calculateZones() (#2404)		GeneralsMD	1
2c7701fd7	2026-03-04	refactor		refactor: Add compatibility macros for override and final keywords and rename conflicting identifiers (#2389)	ZH-13;ZH-18	Core;GeneralsMD	20
b330a0f34	2026-03-04	refactor	random	refactor(random): Reorder RandomValue function definitions (2) (#2405)		Core	1
447327571	2026-03-05	refactor	dozeraiupdate	refactor(dozeraiupdate): Streamline dozer task cancellation logic (#2387)		GeneralsMD	12
3e2dc02fe	2026-03-04	refactor	random	refactor(random): Reorder RandomValue function definitions (#2384)		Core	1
15ba9f6aa	2026-03-04	feat		feat: Implement math CRC calculation utility for logic mismatch detection purposes (#2100)		Core	3
7cb5a6275	2026-03-03	bugfix	pathfinder	bugfix(pathfinder): Fix uninitialized variable in Pathfinder::tightenPathCallback to prevent mismatches (#2309)		GeneralsMD	2
7a9254d0d	2026-03-02	unify	pathfinder	unify(pathfinder): Remove unused argument from PathfindZoneManager::markZonesDirty() (#2381)		GeneralsMD	2
86bb1acc0	2026-03-04	bugfix	radar	bugfix(radar): Fix incorrect 2D distance calculation in Radar::tryEvent (#2368)	ZH-16	Core	1
1e95708f3	2026-03-03	refactor	battleplan	refactor(battleplan): Split data off of BattlePlanBonuses class (#2335)		GeneralsMD	8
58b1c1b0d	2026-03-03	bugfix	audio	bugfix(audio): Fix range volume fade of 3D sounds and make it configurable in AudioSettings.ini (#2369)		Core	3
f1a9569bf	2026-03-03	fix	view	fix(view): Implement state for user controlled camera to properly distinguish between scripted and user camera (#2363)		Core;GeneralsMD	18
05af998aa	2026-03-02	fix	network	fix(network): Move TransportMessageHeader to before it is used in NetworkDefs.h (#2382)		Core	1
c7bf8e98c	2026-03-02	ci	vcpkg	ci(vcpkg): Fix recurring binary cache invalidation from runner image updates (#2371)			3
83a51f837	2026-02-27	fix	pathfinder	fix(pathfinder): Add missing logical block for zone type optimization in PathfindZoneManager::calculateZones() (#2360)		GeneralsMD	1
ea390c40f	2026-02-27	chore	pathfinder	chore(pathfinder): Remove register variable and use member variable directly in PathfindZoneManager::calculateZones() (#2360)		GeneralsMD	1
08def4350	2026-02-27	chore	pathfinder	chore(pathfinder): Change while loops to for loops in PathfindZoneManager::calculateZones() (#2360)		GeneralsMD	1
a01fc9a7d	2026-02-27	chore	pathfinder	chore(pathfinder): Change open braces to be K&R style in PathfindZoneManager::calculateZones() (#2360)		GeneralsMD	1
aa97c2c5f	2026-02-27	chore	pathfinder	chore(pathfinder): Change leading spaces to leading tabs in PathfindZoneManager:calculateZones() (#2360)		GeneralsMD	1
56ecbad87	2026-02-28	tweak	menu	tweak(menu): Show mouse and menu immediately when shellmap is disabled (#2356)		GeneralsMD	2
e99984ebe	2026-02-28	fix	logic	fix(logic): Fix potential null pointer deferences in GameLogicDispatch (#2354)	ZH-24	GeneralsMD	6
88d7df35e	2026-02-28	tweak	random	tweak(random): Replace InitGameLogicRandom with InitRandom for consistent client and audio seeds (#2339)		Core;GeneralsMD	12
8cce6f644	2026-02-28	bugfix	audio	bugfix(audio): Fix particle cannon being inaudible after saveload (#2302)		GeneralsMD	2
37fb2a6c3	2026-02-28	fix	headless	fix(headless): Use ParticleSystemManager update instead of reset in headless replay (#2219)		GeneralsMD	4
0d746e5cf	2026-02-27	refactor	view	refactor(view): Change scripted state booleans to enum flags in W3DView (#2357)		Core;GeneralsMD	5
bb193fd52	2026-02-28	bugfix	partition	bugfix(partition): Fix inconsistent mine collision behaviour (#2208)	ZH-15;ZH-19	Core;GeneralsMD	5
cf961415c	2026-02-26	refactor	view	refactor(view): Simplify code to set location for Replay Camera (#2353)		Core;GeneralsMD	3
747d24956	2026-02-26	fix	view	fix(view): Call View::forceRedraw() instead of doing tricks to refresh the camera normally (#2352)	ZH-04	Core;GeneralsMD	3
ba85aae33	2026-02-26	refactor	lookat	refactor(lookat): Simplify pitch, fov, zoom logic in LookAtTranslator (#2351)		GeneralsMD	2
daf86de18	2026-02-25	fix	object	fix(object): Save and load game object list in correct order (#2161)		GeneralsMD	4
b1c456b4b	2026-02-25	bugfix	registry	bugfix(registry): Prioritize HKEY_CURRENT_USER registry reads and writes over HKEY_LOCAL_MACHINE to prevent inaccessible data (#1844)		Core;GeneralsMD	3
78d94fb33	2026-02-24	refactor		refactor: Remove redundant void argument from functions (#2345)	ZH-01;ZH-02;ZH-03;ZH-04;ZH-05;ZH-06;ZH-07;ZH-08;ZH-09;ZH-10;ZH-11;ZH-12;ZH-13;ZH-14;ZH-15;ZH-16;ZH-17;ZH-18;ZH-19;ZH-20;ZH-21;ZH-22;ZH-23;ZH-24;ZH-25	Core;GeneralsMD	2066
75d59379e	2026-02-23	refactor		refactor: Simplify unconditional asserts from DEBUG_ASSERTCRASH to DEBUG_CRASH (#2343)	ZH-12;ZH-16;ZH-19	Core;GeneralsMD	89
8fa92a8fc	2026-02-23	refactor	preferences	refactor(preferences): Move OptionPreferences class into separate files (#1840)		Core;GeneralsMD	40
3ddec3a1c	2026-02-22	refactor	language	refactor(language): Cleanup GlobalLanguage code and add function GlobalLanguage::getResolutionFontSizeScale() (#2338)		Core	2
862422da3	2026-02-21	bugfix	skirmish	bugfix(skirmish): Prevent mismatch in Replay playback by restoring correct game seed after restarting a Skirmish game (#2270)		GeneralsMD	4
7b3f70a94	2026-02-21	refactor	pathfinder	refactor(pathfinder): Remove unused function Pathfinder::pathDestination() (#2308)		GeneralsMD	4
9156dadb4	2026-02-21	unify	client	unify(client): Move several GameClient files to Core (#2337)	ZH-20;ZH-22;ZH-25	Core;GeneralsMD	64
3631d56db	2026-02-21	unify	client	unify(client): Merge DisplayString, GameText, GlobalLanguage, SelectionInfo code (#2337)		GeneralsMD	10
09f3a8456	2026-02-22	bugfix	player	bugfix(player): Fix rounding inaccuracies with money awarded by Cash Bounty (#2330)		GeneralsMD	2
0b8af6de3	2026-02-22	bugfix	behavior	bugfix(behavior): Prevent fallen Angry Mob members from respawning at the Barracks after loading a save (#2314)		GeneralsMD	2
92fdfb9b8	2026-02-21	refactor	pathfinder	refactor(pathfinder): Cleanup retail compatible insertion sort code (#2331)		GeneralsMD	2
a2429675a	2026-02-21	refactor	pathfinder	refactor(pathfinder): Implement PathfindCellList class for the pathfindcell closedList (#2327)		GeneralsMD	4
2aaf31393	2026-02-16	refactor	pathfinder	refactor(pathfinder): Implement PathfindCellList class for the pathfindcell openList (#2327)		GeneralsMD	4
312ebd85f	2026-02-21	bugfix	victory	bugfix(victory): Save victory status to prevent early exits from resulting in defeat in network matches (#2292)		GeneralsMD	4
014ca81ed	2026-02-21	fix	netpacket	fix(netpacket): Fix incorrect improbable return value in NetPacket::GetBufferSizeNeededForCommand() (#2328)		Core	1
a76a4c2d1	2026-02-20	unify	gui	unify(gui): Move several GUI related files to Core (#2332)		Core;GeneralsMD	44
e5db676e1	2026-02-20	unify	loadscreen	unify(loadscreen): Merge LoadScreen and related code (#2332)		GeneralsMD	6
146f7ce0f	2026-02-20	fix	loadscreen	fix(loadscreen): Fix missing pointer initialization in constructors of MultiPlayerLoadScreen, GameSpyLoadScreen and remove superfluous code from destructors of LoadScreen classes (#2332)		GeneralsMD	2
d873f6507	2026-02-20	unify	mouse	unify(mouse): Move Mouse, Keyboard files to Core (#2334)		Core;GeneralsMD	31
d305a012c	2026-02-20	unify	mouse	unify(mouse): Merge Mouse, Keyboard code (#2334)		GeneralsMD	3
d778bf30e	2026-02-20	bugfix	battleplanupdate	bugfix(battleplanupdate): Prevent using the Bombardment Cannon while switching Battle Plans (#2324)		GeneralsMD	2
1dab8de5a	2026-02-20	bugfix	behavior	bugfix(behavior): Only detonate Bunker Busters if the missile reaches its destination (#2321)		GeneralsMD	1
75cdd0efd	2026-02-19	tweak	commandline	tweak(commandline): Skip intro logo with -quickstart and enable -nologo, -noShellAnim in Release builds (#2266)		GeneralsMD	2
e0691bf19	2026-02-19	bugfix	radar	bugfix(radar): Show Hero Radar icons in Containers and Tunnels again (#2189)	ZH-16	Core;GeneralsMD	15
e51d7ef02	2026-02-19	fix	connection	fix(connection): Fix unsafe Player ID usage in ConnectionManager, DisconnectManager (#2305)		Core	3
e0fec6e50	2026-02-18	bugfix	particlesys	bugfix(particlesys): Restore Particle System IDs on save load before registering to ParticleSystemManager (#2316)	ZH-10	Core	1
3f7f4d0f0	2026-02-18	bugfix	worldbuilder	bugfix(worldbuilder): Fix incorrect access of empty list in ObjectOptions::_FindOrDont() (#2306)		GeneralsMD	2
b32f2c952	2026-02-17	tweak		tweak: Put fixes that do affect gameplay behind PRESERVE_RETAIL_BEHAVIOR (#2319)		GeneralsMD	13
84be45f2b	2026-02-17	build		build: Fix compile error when building without RETAIL_COMPATIBLE_CRC (#2318)		GeneralsMD	2
41841e159	2026-02-17	bugfix	worldbuilder	bugfix(worldbuilder): Fix optimized trees not being shown in object placer preview window (#2312)		GeneralsMD	1
6cbdd27a0	2026-02-17	bugfix	worldbuilder	bugfix(worldbuilder): Fix uncaught carriage return in CommandButton name when parsing from INI (#2300)		GeneralsMD	2
0ef19ad52	2026-02-17	feat	cratecollide	feat(cratecollide): Add INI option to allow a crate to be picked up multiple times in one frame (#2297)		GeneralsMD	4
f79f6be4a	2026-02-16	build	docker	build(docker): Add Linux LSP support by fixing compile_commands.json paths (#2303)			2
d813f9f55	2026-02-16	tweak	worldbuilder	tweak(worldbuilder): Remove EULA code and data (#2307)		GeneralsMD	10
2468a441f	2026-02-15	fix	netpacket	fix(netpacket): Fix undefined behavior with NetPacket buffer writes (#2304)		Core	1
5d9aa6591	2026-02-14	bugfix	network	bugfix(network): Increase message buffer and max packet sizes to reduce connection issues (#2277)		Core	6
182bf283f	2026-02-14	bugfix		bugfix: Remove superfluous CD checks and related code (#2261)		Core;GeneralsMD	32
6105ba98d	2026-02-08	refactor	netpacket	refactor(netpacket): Simplify initialization of net packet field types (#2288)		Core	2
2c681f9ce	2026-02-08	refactor	netpacket	refactor(netpacket): Streamline order of net packet fields (#2288)		Core	1
b489322a3	2026-02-03	fix	draw	fix(draw): Recover tread debris effects for W3DTankTruckDraw (#2251)	ZH-18	Core	3
caac64f92	2026-02-03	refactor	draw	refactor(draw): Rename emitters functions in W3DTankDraw, W3DTankTruckDraw, W3DTruckDraw (#2251)	ZH-18	Core	6
1af9a2378	2026-02-13	bugfix	worldbuilder	bugfix(worldbuilder): Fix script condition selection when editing newly created condition (#2289)		GeneralsMD	2
5dce9d91b	2026-02-13	bugfix	view	bugfix(view): Recalculate camera area constraints when toggling Control Bar or changing Pitch, FOV (#2291)		Core	1
458c21451	2026-02-13	chore	gui	chore(gui): Implement function GadgetTextEntrySetMaxLen() (#2290)		GeneralsMD	6
d5bfa6ea6	2026-02-13	bugfix	contain	bugfix(contain): Prevent undefined behaviour when a dead unit enters a container (#2258)		GeneralsMD	2
e0a7a951a	2026-02-12	bugfix	ocl	bugfix(ocl): Fix uninitialized variable in ObjectCreationList to avoid mismatches (#2096)		GeneralsMD	2
0734b802b	2026-02-12	bugfix	projectile	bugfix(projectile): Fix out-of-bounds access in DumbProjectile which causes mismatch with very high speed weapons at small hit distances (#2087)		GeneralsMD	1
ae663b596	2026-02-12	bugfix	pathfinder	bugfix(pathfinder): Fix uninitialized variable in Pathfinder::classifyFence() and possible source of mismatches in Retail-compatible builds (#1748)		GeneralsMD	1
47b723ca6	2026-02-11	fix	netpacket	fix(netpacket): Protect text length value from overflowing in NetPacketChatCommand, NetPacketDisconnectChatCommand (#2284)		Core	2
bc17ddfc3	2026-02-10	fix	netcommandmsg	fix(netcommandmsg): Fix new/delete mismatch in NetWrapperCommandMsg (#2287)		Core	1
9479df5c3	2026-02-08	refactor	netpacket	refactor(netpacket): Use more consistent names for packed net packet structs (#2283)		Core	3
1a30bfe54	2026-02-08	refactor	netpacket	refactor(netpacket): Remove duplicate packed commands and cleanup code comments (#2283)		Core	2
77e45101e	2026-02-10	fix	comments	fix(comments): Use 2026 for this year's code comments (#2285)		GeneralsMD	8
c42b5820c	2026-02-10	perf	view	perf(view): Optimize and simplify camera transform update logic (#2280)		Core	2
bdb00e9a6	2026-02-10	bugfix	gui	bugfix(gui): Fix application hang from scrolling a map list with arrow keys (#2281)		GeneralsMD	2
dfe447be9	2026-02-10	feat	gui	feat(gui): Add support for extra column to separate time and date in Replay Menu (#2278)		GeneralsMD	2
44083ebba	2026-02-10	bugfix	cratecollide	bugfix(cratecollide): Prevent crates from being collected multiple times in a single frame (#2279)		GeneralsMD	2
cfbdb3fdd	2026-02-10	bugfix	object	bugfix(object): Cancel previous tasks for captured dozers (#2237)		GeneralsMD	2
d0f24b6e2	2026-02-09	fix	view	fix(view): Prevent float division by zero in W3DView::setupWaypointPath() (#2274)		Core	1
3e0a5be71	2026-02-09	refactor	view	refactor(view): Simplify View angle normalization (#2271)		Core	3
fa9345ac1	2026-02-08	feat	gui	feat(gui): Add replay dates to replay list in Replay Menu (#2255)		GeneralsMD	2
5b0b01d03	2026-02-08	fix	display	fix(display): Fix VideoBuffer format selection in W3DDisplay::createVideoBuffer (#2265)		GeneralsMD	2
856824498	2026-02-08	fix	intro	fix(intro): Fix order of Display Update and Draw in intro loop (#2264)		GeneralsMD	2
8536a29a6	2026-02-08	fix	netpacket	fix(netpacket): Fix misplaced null test in NetPacket::addCommand() (#2272)		Core	1
e233be601	2026-02-08	feat	gui	feat(gui): Implement Player Info List (#2136)		Core;GeneralsMD	11
6248db9f4	2026-02-08	refactor	netpacket	refactor(netpacket): Simplify packet serialization code by using packed structs (#1680)		Core	2
8727e1eb5	2026-02-08	fix		fix: Replace sprintf with snprintf to prevent potential stack overflows (#2262)	ZH-01;ZH-04;ZH-06;ZH-18	Core;GeneralsMD	30
a53adf252	2026-02-08	build	cmake	build(cmake): Force include CppMacros.h globally for VC6 (#2252)			1
c241dbcbf	2026-02-07	tweak	gui	tweak(gui): Use default locale of user for listed replays and save games to match regional date time formats (#2254)		GeneralsMD	2
8e6360e59	2026-02-07	fix	debug	fix(debug): Allocate enough terrain debug icons based on the map dimensions in W3DDebugIcons() (#2231)	ZH-04;ZH-20	Core;GeneralsMD	5
7ce6eeb39	2026-02-05	feat	lanapi	feat(lanapi): Add LANAPI function to find LAN game with host IP address (#2249)		Core	2
26710b99a	2026-02-04	fix	update	fix(update): Extend the height of the USA Particle Cannon laser beam for enormous camera heights (#2220)		GeneralsMD	2
32a27899e	2026-02-04	tweak	pathfinder	tweak(pathfinder): Add audio event and message to announce pathfinding failover (#2242)		GeneralsMD	2
b0a6652c1	2026-02-03	refactor	audio	refactor(audio): Replace AudioManager's loseFocus/regainFocus with reason-based mute/unmute functions (#2236)		Core;GeneralsMD	4
4b79ebfec	2026-02-03	fix	update	fix(update): Fix value initialization of ProjectileStreamUpdate::m_projectileIDs (#2248)		GeneralsMD	2
026e633d2	2026-02-01	fix	draw	fix(draw): Replace ParticleSystem pointers with ParticleSystemID for safe particle lookups in W3DTrankDraw, W3DTankTruckDraw, W3DTruckDraw (#2235)	ZH-18	Core	6
e5922b4b9	2026-02-01	refactor	draw	refactor(draw): Simplify particle effects code in W3DTankDraw, W3DTankTruckDraw, W3DTruckDraw (#2235)	ZH-18	Core	6
bd26ac727	2026-02-03	feat	version	feat(version): Add functions to get Git short hash string (#2243)		GeneralsMD	4
794c633cc	2026-02-03	refactor	lanapi	refactor(lanapi): Make LANMessage accessible in LANAPI (#2241)		Core	1
f58c2fdca	2026-02-02	fix	draw	fix(draw): Fix illogical dirt effect update code in W3DTruckDraw::doDrawModule(), W3DTankTruckDraw::doDrawModule() (#2234)	ZH-18	Core	2
20cbbca9c	2026-01-31	refactor	view	refactor(view): Simplify Clip Planes related code in W3DView::setCameraTransform() (#2232)		Core	1
d5f9c63a8	2026-01-31	refactor	view	refactor(view): Simplify position code in W3DView::buildCameraTransform() (#2232)		Core	1
c7392fdd6	2026-01-31	refactor	view	refactor(view): Simplify Real Zoom Cam related code (#2232)		Core	1
42e2b771e	2026-01-31	refactor	view	refactor(view): Consolidate duplicate terrain render update logic into new function W3DView::updateTerrain() (#2232)		Core	2
bf2b4666e	2026-01-31	refactor	view	refactor(view): Simplify zoom adjustment code in W3DView::update() (#2232)		Core	2
0d37118d4	2026-01-31	refactor	view	refactor(view): Split View::setAngleAndPitchToDefault into 2 separate functions (#2232)		Core;GeneralsMD	10
79798d217	2026-01-31	refactor	view	refactor(view): Improve functions, variables, comments in View, W3DView (#2232)	ZH-04	Core;GeneralsMD	10
a5908ef0c	2026-01-31	refactor	view	refactor(view): Remove unused functions in View class (#2232)		Core;GeneralsMD	5
df31facd9	2026-02-02	docs		docs: Fix spelling errors in Core, GameEngineDevice, Libraries, Tools comments (2) (#2147)	ZH-01;ZH-04;ZH-08;ZH-10;ZH-14;ZH-18	Core;GeneralsMD	65
065baf160	2026-02-02	docs		docs: Fix spelling errors in GeneralsMD/Code/GameEngine comments (2) (#2146)	ZH-04;ZH-15;ZH-18;ZH-19;ZH-24;ZH-25	GeneralsMD	69
02e33d74e	2026-02-01	perf	particlesys	perf(particlesys): Optimize angleBetween() in Particle System (#2218)	ZH-10	Core	1
fa4aabfe8	2026-02-01	perf	particlesys	perf(particlesys): Reduce cost of ParticleSystemManager::findParticleSystem() by 80% (#2217)	ZH-10	Core	3
41bdc8a4a	2026-02-01	fix	shadow	fix(shadow): Fix crash by initializing debris shadow name to an empty string (#2221)	ZH-06;ZH-08;ZH-13;ZH-18	Core;GeneralsMD	5
d0ea038cb	2026-02-01	bugfix	gui	bugfix(gui): Fix game window animation movements to scale with display resolution (#2210)		GeneralsMD	2
55acac4c3	2026-02-01	bugfix	aigroup	bugfix(aigroup): GLA Battle Bus can now respond to attack commands while in bunkered form (#2213)		GeneralsMD	2
d01ec97b9	2026-01-31	fix	display	fix(display): Polish the camera debug text in W3DDisplay::gatherDebugStats() (#2230)		GeneralsMD	2
6c89cee1a	2026-01-31	fix	radar	fix(radar): Always keep Radar View Box in sync with the actual Camera View (#2229)	ZH-16	Core	4
2a6905cfb	2026-01-31	refactor	basetype	refactor(basetype): Implement new functions Region3D::setFromPointsNoZ, Region3D::setFromPoints (#2228)		Core	2
ac36b17c5	2026-01-31	fix	camera	fix(camera): Apply misc code type and comment fixes (#2227)	ZH-04	Core;GeneralsMD	10
aa54b2ddc	2026-01-30	unify	w3ddraw	unify(w3ddraw): Move W3D Draw files to Core (#2225)	ZH-12;ZH-13;ZH-18	Core;GeneralsMD	64
15a06f59b	2026-01-30	unify	w3ddraw	unify(w3ddraw): Merge W3DModelDraw, W3DDependencyModelDraw code (#2225)		GeneralsMD	6
b009261f3	2026-01-30	bugfix	pathfinder	bugfix(pathfinder): Fix some pinched cells being changed to impassable cells in internal_classifyObjectFootprint() (#2222)		GeneralsMD	2
002b8cbdf	2026-01-30	build	debug	build(debug): Add CMake option RTS_DEBUG_CHEATS to enable debug cheats in release builds (#1842)		Core	2
774743406	2026-01-31	tweak	jetaiupdate	tweak(jetaiupdate): Defer offensive commands for parked jets without ammo (#2174)		GeneralsMD	2
292c75568	2026-01-29	fix	radar	fix(radar): Fix Radar pixel color format for non A8R8B8G8 surfaces (#2170)	ZH-16	Core	4
22d757fcc	2026-01-29	unify	particlesys	unify(particlesys): Move ParticleSys and ParticleEditor files to Core (#2212)	ZH-10	Core;GeneralsMD	77
7af8c630a	2026-01-28	refactor	view	refactor(view): Fix variable names in View::getScreenCornerWorldPointsAtZ() (#2201)	ZH-16	Core;GeneralsMD	6
5c4df79bd	2026-01-18	unify	particlesys	unify(particlesys): Merge minor refactors in ParticleSystem (#2153)		GeneralsMD	3
13cce535a	2026-01-18	unify	particlesys	unify(particlesys): Merge fix for erroneous particle visibility thresholds in Particle::isInvisible from Generals (#2153)		GeneralsMD	1
69e3d6a47	2026-01-18	unify	particlesys	unify(particlesys): Merge addition of SMUDGE particle type from Zero Hour (#2153)		GeneralsMD	4
f832a5d5b	2026-01-18	unify	particlesys	unify(particlesys): Compile out superfluous X and Y particle angles in Generals (#2153)		GeneralsMD	9
3cfe5500d	2026-01-18	unify	particlesys	unify(particlesys): Merge addition of ParticleSystem::setSkipParentXfrm from Zero Hour (#2153)		GeneralsMD	4
64d9b0889	2026-01-28	bugfix	mouse	bugfix(mouse): Make Cursor Capture opt-in to prevent capture in GUIEdit (#2187)		GeneralsMD	6
aa37f911b	2026-01-28	bugfix	ghostobject	bugfix(ghostobject): Add Ghost Objects of the local player to the scene correctly after loading a savegame (#2186)		GeneralsMD	2
55ee429b2	2026-01-28	fix	basetype	fix(basetype): Add min/max template functions to BaseType.h (#2183)		Core	1
07b9d0ecc	2026-01-29	fix	activebody	fix(activebody): Subdual damage can no longer go negative (#2184)		GeneralsMD	1
58e8a2b8e	2026-01-29	bugfix	actionmanager	bugfix(actionmanager): Allow immediate resumed construction of buildings if the existing builder dies (#1872)		GeneralsMD	2
afe79cb76	2026-01-29	bugfix	dozeraiupdate	bugfix(dozeraiupdate): Builders now resume their task after having been disabled (#1870)		GeneralsMD	9
831b8106c	2026-01-28	fix	network	fix(network): Fix slightly unstable latency calculation in FrameMetrics::processLatencyResponse() (#2200)		Core	1
d3b62e8e6	2026-01-28	bugfix	network	bugfix(network): Revert changes to ConnectionManager::getMaximumLatency() to avoid a higher latency runahead than required (#2199)		Core	2
117428598	2026-01-25	unify	common	unify(common): Move some common system files to Core (#2185)		Core;GeneralsMD	34
077b657f7	2026-01-25	unify	lib	unify(lib): Move BaseType.h, trig.h to Core (#2185)		Core;GeneralsMD	8
f15abf3ee	2026-01-27	unify	common	unify(common): Merge Registry code (#2193)		GeneralsMD	3
64786cc74	2026-01-27	unify	common	unify(common): Merge CriticalSection, ScopedMutex code from Generals (#2194)		GeneralsMD	2
fa7b78e8e	2026-01-27	unify	common	unify(common): Merge TerrainTypes from Zero Hour (#2196)		GeneralsMD	2
2c26a90ad	2026-01-25	refactor	audioevent	refactor(audioevent): Remove const casts for calling AudioEventRTS::setPlayingAudioIndex() (#2179)		Core;GeneralsMD	4
3966fa83a	2026-01-24	unify	userpreferences	unify(userpreferences): Move UserPreferences files to Core (#2182)		Core;GeneralsMD	8
e7af1192f	2026-01-24	unify	userpreferences	unify(userpreferences): Merge UserPreferences and related code (#2182)		GeneralsMD	8
d5e1088e6	2026-01-23	unify	ini	unify(ini): Merge INI and related code (#2180)		GeneralsMD	9
f7c898fe5	2026-01-18	unify	subsystem	unify(subsystem): Merge SubsystemInterface code (#2180)		GeneralsMD	3
ddccc0c7d	2026-01-18	unity	basetype	unity(basetype): Merge Lib/BaseType.h code (#2180)		GeneralsMD	2
84609c2e6	2026-01-25	bugfix	ai	bugfix(ai): Units located above the terrain can no longer teleport into airborne transports (#1794)	ZH-24	GeneralsMD	2
56c9600c3	2026-01-25	tweak	upgrade	tweak(upgrade): Increase upgrade limit to 512 (#2162)		Core;GeneralsMD	24
669e36f57	2026-01-24	fix	thingfactory	fix(thingfactory): Prevent use-after-free from assert in ThingFactory::reset() (#2172)		GeneralsMD	2
9be5485a4	2026-01-23	perf	ini	perf(ini): Simplify, optimize and merge INI read line buffer implementation (#2143)		GeneralsMD	4
3e365521c	2026-01-23	refactor		refactor: Fix confusing use of logical AND and OR expressions (#954)		GeneralsMD	26
15144de6d	2026-01-22	fix	optionsmenu	fix(optionsmenu): Change incorrect OR/AND precedence of an unused condition in the OptionsMenu (#2164)		GeneralsMD	2
7879b577f	2026-01-23	bugfix	aiupdate	bugfix(aiupdate): Chinooks and Helixes now correctly wait for their passengers to disembark (#1792)		GeneralsMD	2
0f01e2752	2026-01-18	bugfix	pathfinder	bugfix(pathfinder): Fix late game unit lockups and erroneous impassable terrain (#2140)		Core;GeneralsMD	5
ac6dbdcc2	2026-01-17	refactor	pathfinder	refactor(pathfinder): Move obstacle handling functions from PathfindCell header to the cpp (#2140)		GeneralsMD	4
d38f6925a	2026-01-22	unify	damage	unify(damage): Merge DamageTypeFlags from Zero Hour (#2141)		GeneralsMD	15
ccd36fe9e	2026-01-22	build	cmake	build(cmake): Dial back BINK upgrade to get the CMake INSTALL target to work again (#2167)			1
3de159161	2026-01-22	refactor	bitflags	refactor(bitflags): Simplify and improve setup for DAMAGE_TYPE_FLAGS_ALL, DISABLEDMASK_ALL, KINDOFMASK_FS (#2159)		GeneralsMD	17
f244a23c2	2026-01-19	feat	cmake	feat(cmake): Add debug symbol stripping for MinGW Release builds (#2067)		GeneralsMD	5
29dc6b40c	2026-01-16	fix	debug	fix(debug): Simplify unconditional DEBUG_ASSERTCRASH to DEBUG_CRASH (#2067)		GeneralsMD	3
f8fd4a529	2026-01-05	fix	casts	fix(casts): Add explicit void* casts for function pointers (#2067)		GeneralsMD	6
be30428a1	2026-01-05	fix	compatibility	fix(compatibility): Add compiler guards and GCC inline assembly for StackDump (#2067)		GeneralsMD	2
bb9acc6f5	2026-01-05	fix	calling-convention	fix(calling-convention): Standardize calling conventions and variadic macros (#2067)		GeneralsMD	4
7c6cd3514	2026-01-05	fix	linkage	fix(linkage): Fix static/extern linkage mismatches for MinGW (#2067)	ZH-15;ZH-19	Core;GeneralsMD	17
efca138c5	2026-01-05	fix	headers	fix(headers): Add missing forward declarations for MinGW (#2067)		GeneralsMD	4
e4c78ab36	2026-01-05	fix	core	fix(core): Add MinGW-w64 compatibility fixes to Core libraries (#2067)	ZH-04;ZH-07	Core;GeneralsMD	33
b873b9e24	2026-01-05	fix	cmake	fix(cmake): Fix CMake dependencies and library linking for MinGW (#2067)		Core;GeneralsMD	9
5aca93a6d	2026-01-05	fix	precompiled	fix(precompiled): Add ATL compatibility to precompiled headers (#2067)		GeneralsMD	2
c2d156048	2026-01-05	build	cmake	build(cmake): Add MinGW CMake presets for i686 (#2067)			1
0fe7e020d	2026-01-05	build	cmake	build(cmake): Configure MinGW-specific compiler and linker settings (#2067)			1
c1caa5897	2026-01-05	build	deps	build(deps): Update external dependencies for MinGW-w64 support (#2067)			3
40310a893	2026-01-05	build	cmake	build(cmake): Add ReactOS COM support utilities (comsupp) (#2067)			1
bc0fcb268	2026-01-05	build	cmake	build(cmake): Add ReactOS ATL and PSEH compatibility layer (#2067)			4
dfc395b90	2026-01-05	build	cmake	build(cmake): Add widl integration for COM interface generation (#2067)			2
e16574e26	2026-01-05	build	cmake	build(cmake): Add MinGW-w64 toolchain and base configuration (#2067)		Core	5
a4482e02b	2026-01-20	fix	tunnel	fix(tunnel): Fix undefined behavior in TunnelTracker::onTunnelDestroyed() and incomplete asset transfer in Team::setControllingPlayer() (#1958)		GeneralsMD	6
25b173516	2026-01-20	perf	radar	perf(radar): Reduce cost of W3DRadar::renderObjectList (by 80%), W3DRadar::buildTerrainTexture (by 25%) and W3DRadar::clearShroud (#2138)	ZH-07;ZH-16	Core	5
a46a1452c	2026-01-20	refactor	math	refactor(math): Implement Matrix4x4::Inverse, Matrix3D::Get_Inverse and replace unsafe Matrix4x4 to D3DMATRIX casts with conversion functions that apply the required transpose (#2052)	ZH-04;ZH-05;ZH-06;ZH-07;ZH-08;ZH-09;ZH-14	Core;GeneralsMD	17
52654364f	2026-01-19	fix		fix: Fix spelling errors in code words (#2149)	ZH-19	Core;GeneralsMD	25
5454eaa13	2026-01-19	fix	debug	fix(debug): Fix spelling errors in DEBUG macro strings (#2148)	ZH-02;ZH-04;ZH-08;ZH-16;ZH-18;ZH-23	Core;GeneralsMD	37
114716a9d	2026-01-20	bugfix	object	bugfix(object): Preserve unit behaviour when transferring assets to allies (#1885)		GeneralsMD	2
6818fae62	2026-01-18	bugfix	ai	bugfix(ai): Fix crash when AI player attempts to build a supply center with an invalid name (#2095)	ZH-24	GeneralsMD	2
bd4e909ad	2026-01-18	bugfix	heightmap	bugfix(heightmap): Revert optimization for m_vertexBufferTiles in HeightMapRenderObjClass because it does not work properly (#2135)	ZH-04	Core;GeneralsMD	5
cd2eef380	2026-01-18	bugfix	ghostobject	bugfix(ghostobject): Readd null check for 3DScene in W3DRenderObjectSnapshot::addToScene to prevent crash in headless replay playback (#2133)		GeneralsMD	2
8d6089672	2026-01-18	bugfix	logic	bugfix(logic): Decouple scripted audio events from CRC computation (#2075)		Core	4
20293864e	2026-01-18	feat	build	feat(build): Add new docker build and game install scripts for Linux (#2085)			5
fcc193a66	2026-01-18	bugfix	script	bugfix(script): Restore retail compatibility for sequential scripts in ScriptEngine (#2129)		GeneralsMD	2
b398d5cc9	2026-01-17	bugfix	audio	bugfix(audio): Restore retail compatibility after optimization change in AudioManager::addAudioEvent (#2132)		Core	1
8913a7774	2026-01-17	ci		ci: Add workflow to trigger build from any commit for replay mismatch testing (#2114)			1
d9c3060ae	2026-01-17	docs		docs: Fix spelling errors in GeneralsMD/Code/GameEngine/Source/GameClient and Common comments (#2122)	ZH-18;ZH-25	GeneralsMD	55
68192c0e6	2026-01-17	docs		docs: Fix spelling errors in GeneralsMD/Code/GameEngine/Source/GameLogic comments (#2121)	ZH-02;ZH-04;ZH-15;ZH-19;ZH-24	GeneralsMD	64
ca4015edb	2026-01-17	docs		docs: Fix spelling errors in GeneralsMD/Code/GameEngine/Include comments (#2123)	ZH-02;ZH-04;ZH-15;ZH-18;ZH-19;ZH-24;ZH-25	GeneralsMD	93
440c58375	2026-01-17	docs		docs: Fix spelling errors in GeneralsMD Libraries, Tools, GameEngineDevice comments (#2124)	ZH-03;ZH-04;ZH-07;ZH-08;ZH-15;ZH-17;ZH-19;ZH-20	GeneralsMD	107
e80bb51e9	2026-01-17	docs		docs: Fix spelling errors in Core/Tools and Core/GameEngine comments (#2117)	ZH-02;ZH-04;ZH-06;ZH-07	Core	79
d731fcde0	2026-01-17	docs		docs: Fix spelling errors in Core/Libraries comments (#2116)	ZH-19	Core	64
6d92cf373	2026-01-17	fix		fix: Rename misspelled identifiers (#2109)	ZH-01	Core;GeneralsMD	92
394f210c3	2026-01-17	bugfix		bugfix: Fix spelling errors in debug/diagnostic strings (#2108)	ZH-24	Core;GeneralsMD	38
d4466df52	2026-01-17	bugfix	dx8caps	bugfix(dx8caps): Resolve greyscale texture rendering issues in VMWare environments (#2128)		GeneralsMD	4
1d9aa3a3a	2026-01-17	bugfix	buildassistant	bugfix(buildassistant): Restore retail compatibility after build assistant shroud logic change (#2131)		GeneralsMD	2
2ab6604d8	2026-01-16	bugfix	actionmanager	bugfix(actionmanager): Restore retail compatibility after construction cursor change in ActionManager (#2125)		GeneralsMD	2
bd376c43d	2026-01-06	perf	radar	perf(radar): Reduce cost of radar pixel draw in PartitionManager::refreshShroudForLocalPlayer by 96% (#2072)	ZH-15;ZH-16;ZH-19	Core;GeneralsMD	7
3d12b3935	2026-01-06	refactor	ww3dformat	refactor(ww3dformat): Merge function PixelSize into Get_Bytes_Per_Pixel (#2072)	ZH-01	Core;GeneralsMD	4
5e016fb04	2026-01-15	build	cmake	build(cmake): Expose source files of interface libraries core_utility, corei/gi/zi_libraries_include in Visual Studio solution (#2092)		Core;GeneralsMD	4
5c1e01e51	2026-01-15	refactor	cmake	refactor(cmake): Move core_config into corei_always for simplification (#2091)		Core;GeneralsMD	28
1a19a5b71	2026-01-14	refactor	gamelogic	refactor(gamelogic): Rearrange local variables in GameLogic::startNewGame() (#2115)		GeneralsMD	2
de0fc8f38	2026-01-14	perf	heightmap	perf(heightmap): Optimize data locality for m_vertexBufferTiles and m_vertexBufferBackup in HeightMapRenderObjClass (#2104)	ZH-04;ZH-17	Core;GeneralsMD	9
833fb7c4c	2026-01-14	refactor	heightmap	refactor(heightmap): Simplify functions getXWithOrigin(), getYWithOrigin() of HeightMapRenderObjClass (#2103)	ZH-04	Core	1
e9895768f	2026-01-14	perf	heightmap	perf(heightmap): Optimize repeated calls to getXWithOrigin, getYWithOrigin in HeightMapRenderObjClass::updateVB (#2102)	ZH-04	Core	1
373b0df2f	2026-01-14	bugfix	scriptengine	bugfix(scriptengine): Fix script dialog text spelling mistakes and errors in ScriptEngine (#2093)		GeneralsMD	3
f891c5f3e	2026-01-14	refactor		refactor: Modernize NULL to nullptr (#1938)	ZH-01;ZH-02;ZH-03;ZH-04;ZH-05;ZH-06;ZH-07;ZH-08;ZH-09;ZH-12;ZH-14;ZH-15;ZH-16;ZH-17;ZH-18;ZH-19;ZH-20;ZH-21;ZH-22;ZH-23;ZH-24;ZH-25	Core;GeneralsMD	2510
25e360290	2026-01-11	build	cmake	build(cmake): Move most CppMacros.h includes into precompiled headers and make them available in all build targets (#2090)		Core;GeneralsMD	48
8c560e60e	2026-01-08	refactor	heightmap	refactor(heightmap): Clarify magic numbers related to VERTEX_BUFFER_TILE_LENGTH (#2079)	ZH-04	Core	4
9df76f7e2	2026-01-08	fix	heightmap	fix(heightmap): Fix CENTER_LIMIT condition in HeightMapRenderObjClass::updateCenter (#2078)	ZH-04	Core	1
aa073667c	2026-01-08	perf	heightmap	perf(heightmap): Reduce cost of min height loop in HeightMapRenderObjClass::updateCenter by 93% (#2077)	ZH-04	Core	1
67f97c52d	2026-01-09	bugfix	render2d	bugfix(render2d): Fix possible greyscale image rendering issues on hardware without DOT3 support (#2080)		GeneralsMD	2
67b4e6a42	2026-01-09	bugfix	actionmanager	bugfix(actionmanager): Do not show false resume construction cursor for allied scaffolds (#2068)		GeneralsMD	2
8112dede3	2026-01-07	refactor	heightmap	refactor(heightmap): Remove HALF_RES_MESH because it was never used and is broken (#2076)	ZH-04;ZH-08	Core;GeneralsMD	10
3e8c472e0	2026-01-07	bugfix	network	bugfix(network): Fix packet size setup mistakes (#2040)		Core	2
dd50dba9f	2026-01-07	bugfix	worldbuilder	bugfix(worldbuilder): Avoid taking action on cancel button for script conditions and actions (#2065)		GeneralsMD	6
b981e3128	2026-01-06	bugfix	worldbuilder	bugfix(worldbuilder): Initialize boolean in ScriptConditionsDlg::OnEditCondition to show logical condition (#2062)		GeneralsMD	2
0b4fd85eb	2026-01-06	refactor	audio	refactor(audio): Use MilesAudioManager::getEffectiveVolume consistently (#2058)		Core	2
f6d7d1970	2026-01-06	fix	xfer	fix(xfer): Fix xfer retail compatibility code (#2024)	ZH-06;ZH-18	Core;GeneralsMD	13
3eea7151e	2026-01-04	bugfix	object	bugfix(object): Do not apply veterancy bonuses and animations for dead units (#1968)		GeneralsMD	4
20adf33d4	2026-01-04	bugfix	audio	bugfix(audio): UI audio no longer plays at maximum volume for a single frame when navigating between shell map menus (#2019)		Core	1
8cbcd7874	2026-01-04	tweak	drawable	tweak(drawable): Decouple stealth detected opacity fade time step from render update (#2047)	ZH-18	GeneralsMD	2
925ecf1bc	2026-01-04	perf	ai	perf(ai): Avoid a few std::vector copies when passing ai paths to functions (#1895)	ZH-24	GeneralsMD	15
0d6c77621	2026-01-04	bugfix	lobby	bugfix(lobby): Properly sort CRC mismatched game rooms to the bottom of the lobby (#1845)		Core	1
afa8aa357	2026-01-04	bugfix	ai	bugfix(ai): Undetected mines can now be approached when using a disarm weapon (#1883)	ZH-24	GeneralsMD	2
ae05f11ad	2026-01-04	bugfix	aiupdate	bugfix(aiupdate): Prevent manually ejecting rappelling Rangers during Chinook Combat Drop (#1789)		GeneralsMD	2
f2da2b6e1	2026-01-03	tweak	drawable	tweak(drawable): Set correct model tint color after loading a save game (#2025)	ZH-18	GeneralsMD	2
409fed26f	2026-01-03	bugfix	thingfactory	bugfix(thingfactory): Reset next ThingTemplate ID after clearing custom map template overrides to avoid CRC mismatch in the next multiplayer game session (#2034)		GeneralsMD	2
13de4270f	2026-01-03	perf	weaponstore	perf(weaponstore): Optimize WeaponStore::findWeaponTemplatePrivate with hash map lookup (#2042)		GeneralsMD	4
5deddce8f	2026-01-02	bugfix	heightmap	bugfix(heightmap): Fix dynamic lights on terrain (#2039)	ZH-04	Core	1
224017e22	2026-01-02	bugfix	heightmap	bugfix(heightmap): Disable old uv adjument for cliffs (#2038)	ZH-04	Core	1
ae2280930	2026-01-02	refactor	logic	refactor(logic): Simplify code in GameLogic's init, reset, startNewGame (#2027)		GeneralsMD	4
5e8f1b8df	2025-12-31	refactor	network	refactor(network): Simplify error prone net packet size calculations with packed structs (#1675)		Core	9
a4c76b980	2025-12-31	perf	contain	perf(contain): Optimize Object::isHero with cached hero counter (#1841)		GeneralsMD	8
f5ccc9cb9	2025-12-31	bugfix	aiupdate	bugfix(aiupdate): Invalidate build task of Dozers and Workers if the assigned target scaffold no longer exists (#1868)		GeneralsMD	4
20927af51	2025-12-30	ci	vcpkg	ci(vcpkg): Stabilize vcpkg binary caching; add compiler-aware keys and explicit cache path (#2028)			1
2b37732cb	2025-12-30	refactor	audio	refactor(audio): Simplify volume related code in AudioManager and MilesAudioManager (#2030)		Core	4
5dba2a08a	2025-12-22	perf	audio	perf(audio): Optimize fail condition order in AudioManager::addAudioEvent (#1843)		Core	1
e616d8217	2025-12-22	fix	logic	fix(logic): Fix unexpected return in GameLogic::logicMessageDispatcher's switch case MSG_CANCEL_UNIT_CREATE (#1881)		GeneralsMD	2
abd092c94	2025-12-22	refactor		refactor: Apply clang-tidy fixes for generals-use-is-empty (#2018)	ZH-01	Core;GeneralsMD	25
b878990ab	2025-12-21	refactor		refactor: Apply clang-tidy fixes for generals-use-this-instead-of-singleton (#2017)	ZH-04;ZH-07;ZH-15;ZH-19;ZH-24	Core;GeneralsMD	49
646e3dddb	2025-12-21	bugfix	aiupdate	bugfix(aiupdate): Chinooks and Helixes no longer take off after repair if passengers want to board or exit (#1787)		GeneralsMD	2
03b9ae8b3	2025-12-21	bugfix	aiupdate	bugfix(aiupdate): Repairing Chinooks and Helixes no longer take off after evacuating all passengers (#1762)		GeneralsMD	2
1f2c1a38b	2025-12-21	bugfix	input	bugfix(input): Replace frame-based timings with real-time timings in input system (#1835)		GeneralsMD	18
529675f98	2025-12-20	chore		chore: Implement scripts for custom isEmpty() and singleton refs clang-tidy checks (#2010)			9
09e6ce77f	2025-12-21	bugfix	network	bugfix(network): Assign disconnect frame when quitting the game via the disconnection menu (#2020)		Core	1
23a29265e	2025-12-19	tweak	metaevent	tweak(metaevent): Change COMMANDUSABLE_OBSERVER to no longer apply in Shell Map (#2002)		Core;GeneralsMD	6
fc36efc88	2025-12-18	bugfix	network	bugfix(network): Fix data offset for string reads in NetPacket::readFileMessage() and NetPacket::readFileAnnounceMessage() (#2005)		Core	1
3b7e734f8	2025-12-17	build		build: Implement docker build (#1774)			3
bffbcb4e0	2025-12-17	refactor		refactor: Apply integer value comparisons for strcmp and stricmp with clang-tidy (#1956)	ZH-01	Core;GeneralsMD	58
4951762d4	2025-12-18	bugfix	experience	bugfix(experience): Prevent ranking of riders that are not trainable (#1970)		GeneralsMD	7
123492ce1	2025-12-18	bugfix	object	bugfix(object): Fix visibility conditions for client-side effects (#1964)		GeneralsMD	9
844c43663	2025-12-16	bugfix	input	bugfix(input): Disable mouse waypoint mode after using alt tab (#1987)		GeneralsMD	6
ce4e5957d	2025-12-14	unify	heightmap	unify(heightmap): Move Height Map and Terrain related files to Core (#1991)	ZH-02;ZH-04;ZH-05;ZH-06;ZH-09	Core;GeneralsMD	49
330ad2252	2025-12-14	unify	heightmap	unify(heightmap): Merge Height Map related code and move Zero Hour's BaseHeightMap, FlatHeightMap, W3DPropDraw, W3DTreeDraw, W3DPropBuffer, W3DSnow, W3DTerrainBackground files to Core (#1991)	ZH-04;ZH-06;ZH-21;ZH-23	Core;GeneralsMD	62
334f56ac4	2025-12-13	build	heightmap	build(heightmap): Fix include paths in Zero Hour Height Map files (#1991)		GeneralsMD	5
c110a0e14	2025-12-14	unify	texture	unify(texture): Move W3DWater, W3DLaserDraw and WW3D2 texture related files to Core (#1989)	ZH-07;ZH-12	Core;GeneralsMD	62
fa9cb0cc2	2025-12-13	unify	texture	unify(texture): Merge W3DWater and WW3D2 texture code (#1989)		GeneralsMD	29
746c017c3	2025-12-14	refactor		refactor: Apply the readability-container-size-empty check with clang-tidy (#1957)	ZH-02;ZH-04;ZH-15;ZH-19;ZH-24	Core;GeneralsMD	77
c5aa3cd81	2025-12-13	fix	network	fix(network): Fix missing value initialization of LANGameInfo::m_isDirectConnect (#1836)		Core	2
38abe9e35	2025-12-13	bugfix	network	bugfix(network): Prevent buffer overflow in NetPacket::readFileMessage() and NetPacket::readFileAnnounceMessage() (#1981)		Core	1
0c993a939	2025-12-11	perf	namekey	perf(namekey): Remove all superfluous AsciiString allocations for name key lookups (#1959)		GeneralsMD	67
d80964876	2025-12-07	refactor	namekey	refactor(namekey): Reduce code duplication in NameKeyGenerator functions, misc formatting tweaks (#1959)		GeneralsMD	12
d2625f0f6	2025-12-11	refactor		refactor: Remove superfluous inline and register keywords with clang-tidy (#1936)	ZH-01;ZH-04;ZH-08;ZH-14;ZH-15;ZH-16;ZH-18;ZH-19;ZH-24	Core;GeneralsMD	150
e6e874e20	2025-12-11	bugfix	string	bugfix(string): Allow startsWith and endsWith to be called on empty strings (#1979)		Core	2
957325040	2025-12-10	build		build: Add clang-tidy checks and script (#1807)			2
42f846b1f	2025-12-10	bugfix	pathfinder	bugfix(pathfinder): Prevent infinite loop within PathfindCell::putOnSortedOpenList() (#1965)		GeneralsMD	2
158b046ad	2025-12-10	ci	vcpkg	ci(vcpkg): Include preset in binary cache key to avoid ABI mismatches and slow CI builds (#1973)			1
f4608dfde	2025-12-07	feat	crashdump	feat(crashdump): Add crash dump functionality for fatal errors (#1594)		Core;GeneralsMD	11
68d832f2d	2025-12-02	bugfix	mouse	bugfix(mouse): Prevent cursor capture when mouse is outside of app window (#1939)		GeneralsMD	6
aed42f093	2025-12-02	refactor	mouse	refactor(mouse): Apply minor refactoring and whitespace tweaks in WinMain, Mouse, HeaderTemplate (#1939)		GeneralsMD	14
2b1bcee08	2025-12-07	fix		fix: Wrong usage of sizeof(this) in BitFlags::xfer(), W3DMPO::glueEnforcer() (#1947)		Core;GeneralsMD	3
2a1593ef7	2025-12-07	bugfix	network	bugfix(network): Prevent out of bounds memory access in NetCommandWrapperListNode::copyChunkData() (#1946)		Core	2
6f9785fb2	2025-12-07	build		build: Use cmake_host_system_information to make registry queries in cmake (#1943)		GeneralsMD	3
e6c28a4e2	2025-11-30	feat	movie	feat(movie): Implement ESC button mapping to skip Campaign, Challenge and Score videos (#1926)		GeneralsMD	4
b6c1c5401	2025-11-30	tweak	keyboard	tweak(keyboard): Apply minor improvements to Keyboard class to query pressed keys (#1926)		GeneralsMD	10
d81e7435d	2025-12-02	bugfix	movie	bugfix(movie): Fix Campaign, Challenge, Score movie cancellation or decompression artifacts when tabbing out of the game (#1927)		GeneralsMD	4
1ee44db7b	2025-12-02	refactor		refactor: Remove or replace some superfluous empty C strings (#1929)		Core;GeneralsMD	46
29bf57a5a	2025-12-02	refactor	network	refactor(network): Replace implicit conversion from NULL to AsciiString in IPEnumeration::getMachineName (#1934)		Core	1
cc9d649b7	2025-12-02	build		build: Add WOW6432Node to registry path lookups for EA App install path detection (#1903)		GeneralsMD	2
94354fdf5	2025-12-01	refactor	string	refactor(string): Fix constness of TheEmptyString (#1930)		Core;GeneralsMD	10
041099045	2025-11-30	refactor		refactor: Remove all explicit UnicodeString instantiations from C strings (#1928)		Core;GeneralsMD	60
2a1f9630b	2025-11-30	bugfix	filesystem	bugfix(filesystem): Prevent loading wrong INIZH.big from Data/INI directory to prevent INI CRC mismatch (#1879)		Core;GeneralsMD	3
963d7f757	2025-11-30	refactor		refactor: Remove superfluous variable init comments (#1876)	ZH-04;ZH-15;ZH-18;ZH-19;ZH-24;ZH-25	Core;GeneralsMD	233
7751544eb	2025-11-30	refactor		refactor: Remove all explicit AsciiString instantiations from C strings (#1916)	ZH-01;ZH-04	Core;GeneralsMD	199
fe4a58999	2025-11-27	unify	view	unify(view): Move View, W3DView to Core (#1904)		Core;GeneralsMD	15
a40d246bc	2025-11-24	unify	view	unify(view): Merge View and closely related code (#1904)		GeneralsMD	12
b98918e54	2025-11-23	unify	client	unify(client): Move ParabolicEase, CameraShakeSystem to Core (#1904)		Core;GeneralsMD	10
61f69fc0f	2025-11-29	refactor		refactor: Replace preprocessor condition _WINDOWS with _WIN32 (#1911)		Core;GeneralsMD	48
395558a4e	2025-11-28	unify	shader	unify(shader): Move W3DShaderManager to Core (#1920)	ZH-14	Core;GeneralsMD	8
cadf57348	2025-11-28	unify	shader	unify(shader): Merge W3DShaderManager code, move Smudge, W3DSmudge to Core (#1920)	ZH-22	Core;GeneralsMD	16
042fc8198	2025-11-28	bugfix	energy	bugfix(energy): Destruction of disabled Power Plant no longer lowers energy production twice (#1857)		GeneralsMD	2
e104d687c	2025-11-22	bugfix	radar	bugfix(radar): Add hero radar objects into its own list to get rid of hero cache updates and its related issues (#1893)	ZH-16	Core;GeneralsMD	6
f01c30c0a	2025-11-22	refactor	radar	refactor(radar): Simplify function Radar::deleteListResources (#1893)	ZH-16	Core	2
7f7deaac0	2025-11-22	refactor	radar	refactor(radar): Simplify function W3DRadar::renderObjectList (#1893)	ZH-16	Core;GeneralsMD	4
952be8cc4	2025-11-22	refactor	radar	refactor(radar): Simplify function Radar::addObject (#1893)	ZH-16	Core	3
c060a47b8	2025-11-28	bugfix	weapon	bugfix(weapon): Weapon effects now show again for hidden objects that are not explicitly stealthed (#1918)		GeneralsMD	2
b2afcd35c	2025-11-27	tweak	gui	tweak(gui): Add configuration to GameData.ini to allow Money Per Minute for players (#1914)		GeneralsMD	6
dd51b7e36	2025-11-26	refactor	string	refactor(string): Implement generic startsWith, endsWith functions for C strings (#1898)		Core	4
8d675a882	2025-11-26	refactor		refactor: Use new utility logic for handling observed player behaviour (#1861)	ZH-17;ZH-18	GeneralsMD	14
59482a66e	2025-11-26	bugfix	module	bugfix(module): A projectile can no longer be jammed multiple times (#1907)		GeneralsMD	1
b68c0b933	2025-11-23	unify	radar	unify(radar): Move ObjectStatusTypes, Radar, W3DRadar files to Core (#1894)	ZH-16	Core;GeneralsMD	19
d17e34e5a	2025-11-23	unify	radar	unify(radar): Merge Radar code (#1894)		GeneralsMD	7
2bd2ce64f	2025-11-23	unify	common	unify(common): Merge ObjectStatusTypes code (#1894)		GeneralsMD	4
f5c8fabb9	2025-11-22	refactor		refactor: Convert strlcpy to strcpy with static_assert (#1887)		Core;GeneralsMD	10
a2c1d0e14	2025-11-19	refactor	network	refactor(network): Convert some if-else chains to switch statements (#1682)		Core	3
20f88f449	2025-11-20	bugfix		bugfix: Fix effect visibility of contained objects (#1878)		GeneralsMD	9
5de3d6389	2025-11-19	tweak	eva	tweak(eva): Enable more EVA events for observed players (#1866)		GeneralsMD	20
c645c8ffc	2025-11-18	refactor		refactor: Remove duplicate include directives (#1873)	ZH-08;ZH-15;ZH-19	GeneralsMD	66
9706d3001	2025-11-18	refactor		refactor: Rename RETAIL_COMPATIBLE_BUG macro to PRESERVE_RETAIL_BEHAVIOR (#1877)		Core;GeneralsMD	18
a1be61973	2025-11-17	refactor		refactor: Remove double semicolons (#1810)	ZH-02;ZH-08;ZH-24	Core;GeneralsMD	42
af0ba6282	2025-11-17	ci		ci: Re-enable win32 vcpkg presets (#1863)			2
903516635	2025-11-17	build	vcpkg	build(vcpkg): Add lockfile and binary cache (#1862)			3
393416491	2025-11-18	build	ai	build(ai): Resolve compile errors when the USE_DOZER preprocessor directive is false (#1871)	ZH-24	GeneralsMD	4
6461ca5f4	2025-11-16	fix	debug	fix(debug): Add error handling for rename failures in Debug code (#1855)		Core	1
f1138f143	2025-11-17	bugfix	object	bugfix(object): Show veterancy effects of stealthed objects for allies and observers (#1867)		GeneralsMD	2
44dbf0acc	2025-11-17	bugfix	weapon	bugfix(weapon): Show weapon effects of stealthed objects for allies and observers (#1865)		GeneralsMD	2
c9b32b23b	2025-11-17	bugfix	module	bugfix(module): Show cash amounts of stealthed objects for allies and observers (#1858)		GeneralsMD	3
524a9c64e	2025-11-16	tweak	behavior	tweak(behavior): Add RETAIL_COMPATIBLE_BUG to Black Lotus cash value fix (#1864)		GeneralsMD	2
2e95fe2ed	2025-11-15	tweak	specialpower	tweak(specialpower): Enable special power EVA events for observed players (#1540)		GeneralsMD	1
da26e01b8	2025-11-14	bugfix	network	bugfix(network): Deny players with invalid names from joining a LAN game room (#1595)		Core	1
b3991199a	2025-11-15	feat	view	feat(view): Add ability to rotate the camera in 45 degree increments using the mouse (#1848)		GeneralsMD	4
2677c39fe	2025-11-15	feat	view	feat(view): Add ability to rotate the camera in 45 degree increments using the numpad (#1846)		GeneralsMD	6
b3d7bcb83	2025-11-15	fix	parabolicease	fix(parabolicease): Fix asserting on float inprecision in ParabolicEase::setEaseTimes() (#1854)		GeneralsMD	1
6cfcc7b7c	2025-11-13	fix		fix: Fix incorrect argument used for isInSaveDirectory() (#1849)		GeneralsMD	2
35b3f0187	2025-11-11	tweak	network	tweak(network): Add file extension validation to network map transfer (#1818)		Core	1
336bfb593	2025-11-11	fix	font	fix(font): Fix font scaling for large resolutions and implement new font scaling methods (#1466)		Core;GeneralsMD	11
d433899e3	2025-11-11	perf	mapcache	perf(mapcache): Simplify and improve implementation of MapCache to prevent expensive reoccurring redundant map cache reads (#1775)		GeneralsMD	6
d46feb98c	2025-11-11	unify	network	unify(network): Move most GameNetwork and GameSpy files to Core (#1733)		Core;GeneralsMD	185
a813c5646	2025-11-09	build	memory	build(memory): Add missing REF macros to always.h for null memory manager (#1830)		Core	1
c9e730dd8	2025-11-09	fix	font	fix(font): Handle malformed fonts without crashing the game (#1826)		Core;GeneralsMD	22
038f51f1b	2025-11-09	fix		fix: Replace strcpy with strlcpy to prevent potential buffer overflows (#1808)	ZH-01;ZH-02;ZH-08	Core;GeneralsMD	80
07244b891	2025-11-08	build	cmake	build(cmake): Add status message for missing game install path (#1820)		GeneralsMD	2
e40497718	2025-11-08	refactor		refactor: Simplify some if-else condition chains (#1683)		GeneralsMD	6
5f6a94820	2025-11-08	fix	debug	fix(debug): Implement reference counter and thread safety in DbgHelpLoader to allow for independent users (#1804)		Core;GeneralsMD	7
8a2647233	2025-11-07	tweak	scrolling	tweak(scrolling): Prevent far camera jumps when scrolling while the game stalls (#1661)		Core;GeneralsMD	8
972240bb2	2025-11-03	bugfix	module	bugfix(module): Fix missing horde condition of Nationalism and Fanaticism weapon bonuses (#1582)		GeneralsMD	8
909a145fd	2025-11-03	refactor	module	refactor(module): Improve and simplify the implementation of HordeUpdate and related code (#1582)		GeneralsMD	12
f9504a605	2025-11-07	unify	module	unify(module): Merge HordeUpdate and related code (#1813)	ZH-18	GeneralsMD	9
c5d839eb6	2025-11-07	bugfix	replay	bugfix(replay): Fix unrecognized replay files in Generals (#1815)		GeneralsMD	2
0bb57b2c1	2025-11-06	build		build: Add static_assert's near relevant strcpy calls to prevent buffer overflows (#1806)	ZH-08	GeneralsMD	8
f8d233628	2025-11-06	refactor		refactor: Remove superfluous string buffer copies (#1800)	ZH-04	GeneralsMD	33
ff65d3374	2025-11-06	fix		fix: Replace strcpy with strlcpy and update length asserts (#1796)		Core;GeneralsMD	6
c1f26a507	2025-11-06	build	weekly	build(weekly): Enable complete debug symbols for VC6 weekly builds (#1803)			2
15d0fbe9f	2025-11-06	refactor	w3dview	refactor(w3dview): Replace duplicate reference count macros with core library equivalents (#1784)		Core	19
615aca697	2025-11-05	build		build: Move refcount.h include into WWCommon.h (#1798)	ZH-19;ZH-24	Core;GeneralsMD	53
e2385c521	2025-11-05	refactor	network	refactor(network): Assign name to type enum in LANMessage (#1801)		GeneralsMD	6
9a09baed9	2025-11-05	fix	script	fix(script): Improve string handling of 'Fundamentalist' code hacks (#1797)		GeneralsMD	4
08807eb4d	2025-11-05	refactor		refactor: Fix misspelled word in comments (#1795)	ZH-01;ZH-02;ZH-04;ZH-15;ZH-16;ZH-18;ZH-19;ZH-24;ZH-25	Core;GeneralsMD	959
cbfc7187b	2025-11-04	fix	debug	fix(debug): Replace NDEBUG preprocessor with RTS_DEBUG or RTS_RELEASE (#1791)		Core	10
5b5a9736c	2025-11-03	bugfix	gui	bugfix(gui): Fix incorrect Replay incompatibility messages (#1745)		GeneralsMD	4
10f130a4b	2025-11-03	refactor		refactor: Replace custom strrchr implementations with standard function (#1782)		Core;GeneralsMD	21
38a42023e	2025-11-03	bugfix	gui	bugfix(gui): Fix crash when RenderFpsFontSize is set to 0 (#1788)		GeneralsMD	2
d453a21d4	2025-11-04	build		build: Add RETAIL_COMPATIBLE_BUG as build prerequisite for the tunnel healing fix (#1783)		GeneralsMD	8
7a6402b86	2025-11-01	tweak	gui	tweak(gui): Track money per minute for every player (#1773)		GeneralsMD	4
3c300241c	2025-10-31	refactor	gui	refactor(gui): Break up and simplify map list related code in MapUtil (#1758)		GeneralsMD	2
2eb73a841	2025-10-28	perf	gui	perf(gui): Eliminate expensive and unnecessary processing when populating the replay and map lists after they are full (#1758)		GeneralsMD	10
733e3db8f	2025-11-01	refactor	maputil	refactor(maputil): Remove unused variables in MapUtil (#1767)		GeneralsMD	2
e7ee57bd0	2025-11-01	unify	maputil	unify(maputil): Merge MapUtil code (#1771)		GeneralsMD	5
632e1b936	2025-11-01	bugfix	system	bugfix(system): Prevent AMD/ATI driver crash on game launch by front loading the system dbghelp.dll (#1066)		Core;GeneralsMD	26
217b582cd	2025-11-01	feat	gui	feat(gui): Implement money per minute display for local player (#1481)		GeneralsMD	38
24f8da9f8	2025-10-31	refactor		refactor: Normalize all file extensions to lowercase (#1765)	ZH-19	Core;GeneralsMD	349
cf55e870d	2025-10-31	refactor		refactor: Simplify path string formatting in World Builder (#1759)		GeneralsMD	6
5dff203ff	2025-10-30	bugfix	weapon	bugfix(weapon): Fix unreliability of historic bonus weapons (#1727)		GeneralsMD	4
59e5d9bc9	2025-10-23	unify	network	unify(network): Merge GameSpy and related code (#1735)		GeneralsMD	30
de8823f9c	2025-10-23	unify	network	unify(network): Merge GameNetwork and related code (#1735)		GeneralsMD	26
d1c5082a3	2025-10-28	build		build: Use more precompiled headers to reduce build time by around 50% (#1740)		Core;GeneralsMD	35
834f3693d	2025-10-29	feat	gui	feat(gui): Implement replay info tooltips in Replay Menu (#1720)		GeneralsMD	2
87adc1a04	2025-10-28	bugfix	gui	bugfix(gui): Always show correct teams for players in the observer control bar (#1753)		GeneralsMD	2
789af64af	2025-10-27	bugfix	filesystem	bugfix(filesystem): Tentatively fix hang in file exist cache (#1751)		Core	2
af4c40b9e	2025-10-27	ci		ci: Update Windows Version for Replay Checker (#1746)			1
54b8765e0	2025-10-25	refactor		refactor: Remove superfluous include guards (#1741)		Core;GeneralsMD	23
3d1497225	2025-10-25	refactor		refactor: Simplify string.h includes (#1743)	ZH-02;ZH-03;ZH-17;ZH-19	Core;GeneralsMD	107
090d76b79	2025-10-25	refactor		refactor: Simplify stdio.h includes (#1742)	ZH-01;ZH-02;ZH-03;ZH-17;ZH-25	Core;GeneralsMD	126
b620e2174	2025-10-25	bugfix	object	bugfix(object): Check whether a bike still has a rider before sniping it to prevent crashing the game (#1537)		GeneralsMD	2
07be406b2	2025-10-25	feat	recorder	feat(recorder): Implement replay archive feature (#1703)		GeneralsMD	8
8a9db2148	2025-10-24	refactor		refactor: Replace all header include guards with pragma once (#1722)	ZH-01;ZH-02;ZH-03;ZH-04;ZH-07;ZH-08;ZH-11;ZH-14;ZH-15;ZH-16;ZH-17;ZH-18;ZH-19;ZH-20;ZH-24;ZH-25	Core;GeneralsMD	2187
98e4f7e04	2025-10-24	refactor		refactor: Remove superfluous defines from Language.h (#1739)		GeneralsMD	8
84017ea0a	2025-10-23	feat	observer	feat(observer): Add button mapping for toggling Replay Observer (#1718)		Core;GeneralsMD	12
4f89033f9	2025-10-19	fix	observer	fix(observer): Reset observed player when switching teams (#1715)		Core	1
fe1ec222d	2025-10-19	feat	radar	feat(radar): Save Radar hidden and forced status for each Player to show correct radar states when switching teams (#1715)		Core;GeneralsMD	22
a20744f96	2025-10-18	refactor	scene	refactor(scene): Clean formatting, comments in W3DScene (#1710)	ZH-19	GeneralsMD	4
68efcde71	2025-10-18	bugfix	scene	bugfix(scene): Fix translucent objects drawn without translucency when no occluders are in the scene (#1710)	ZH-19	GeneralsMD	1
d83c8c92d	2025-10-22	bugfix	anim	bugfix(anim): Fix elapsed time of object animations (#1656)		Core;GeneralsMD	7
228ebdd1b	2025-10-22	bugfix		bugfix: Fix global-buffer-overflow in WorldBuilder (MapObjectProps class) (#1725)	ZH-07	GeneralsMD	39
8db49bf7d	2025-10-22	bugfix	script	bugfix(script): Fix global-buffer-overflow in WorldBuilder scripts (#1724)		GeneralsMD	2
1991c7801	2025-10-22	bugfix	client	bugfix(client): Fix crash in WorldBuilder scene (#1723)	ZH-19	Core;GeneralsMD	8
cd2e5bcaa	2025-10-22	refactor		refactor: Remove _MSC_VER guards around #pragma once (#1726)	ZH-01;ZH-07;ZH-14;ZH-19;ZH-25	Core;GeneralsMD	605
df6ebbd39	2025-09-12	bugfix	drawable	bugfix(drawable): Fix duplicated terrain decals applied after call to W3DModelDraw::replaceModelConditionState (#1569)	ZH-18	GeneralsMD	6
ee9841bf5	2025-09-12	bugfix	radar	bugfix(radar): No longer show hero radar icons in shroud (#1569)		GeneralsMD	2
b4d1013ac	2025-09-12	bugfix	radar	bugfix(radar): Refresh radar objects without delay when changing player (#1569)		Core;GeneralsMD	7
86eccd74e	2025-09-12	bugfix	ghostobject	bugfix(ghostobject): Properly keep ghosted and shrouded objects hidden when taking a ghost snapshot or changing the local player (#1569)	ZH-18;ZH-19	GeneralsMD	10
743f11d52	2025-09-12	bugfix	ghostobject	bugfix(ghostobject): Properly refresh real and ghost objects when changing the local player in the Ghost Object Manager (#1569)		Core;GeneralsMD	12
98f6cd100	2025-09-06	fix	ghostobject	fix(ghostobject): Add additional tests in W3DRenderObjectSnapshot::addToScene, W3DGhostObject::removeParentObject for robustness (#1569)		GeneralsMD	2
98de109f0	2025-09-12	bugfix	ghostobject	bugfix(ghostobject): Fix crash in W3DGhostObjectManager::updateOrphanedObjects (#1569)		GeneralsMD	2
9ee190c78	2025-09-12	bugfix	ghostobject	bugfix(ghostobject): Fix incorrect snapshot update in W3DGhostObject::snapShot (#1569)		GeneralsMD	2
d1b0afd0d	2025-09-12	tweak	ghostobject	tweak(ghostobject): Decouple DEBUG_FOG_MEMORY from tracking ghost object states for all players when required (#1569)		Core;GeneralsMD	11
15cce0bc2	2025-09-12	bugfix	ghostobject	bugfix(ghostobject): No longer try to restore ghosted objects for a non-local player and simplify code in W3DGhostObject::freeSnapShot, W3DGhostObject::freeAllSnapShots (#1569)		GeneralsMD	2
7ba59bf47	2025-09-12	feat	client	feat(client): Enable shroud for observed players (#1569)	ZH-15;ZH-18;ZH-19	Core;GeneralsMD	60
71e56f63d	2025-09-12	build	ghostobject	build(ghostobject): Fix compile error when enabling DEBUG_FOG_MEMORY (#1569)		GeneralsMD	2
2b791f228	2025-09-12	refactor	ghostobject	refactor(ghostobject): Simplify code and style in GhostObject, W3DGhostObject (#1569)		GeneralsMD	8
8fa506b96	2025-10-19	fix		fix: Revert strlcat on pointer arguments (#1713)		Core	1
b838c6529	2025-10-18	feat	filesystem	feat(filesystem): Recover 481 higher resolution textures in Zero Hour by re-prioritizing textures by size (#1484)		Core;GeneralsMD	5
cb57c1bc3	2025-10-17	refactor		refactor: Remove redundant CppMacros.h includes (#1706)		Core;GeneralsMD	6
6748e68e7	2025-10-16	feat	filesystem	feat(filesystem): Implement access to shadowed files inside archives (#1483)	ZH-01	Core	12
08e59cb80	2025-10-16	bugfix	lan	bugfix(lan): Fix LANAPI init error (#1704)		GeneralsMD	2
441e1aa48	2025-10-17	bugfix	behavior	bugfix(behavior): Fix unexpected propaganda influence from contained units with direct Propaganda Tower behavior modules (#1545)		GeneralsMD	6
76a2f4a13	2025-10-17	bugfix	object	bugfix(object): Reward unit experience for kills caused by OCL objects (#1634)		GeneralsMD	6
57a8949a1	2025-10-16	bugfix	anim	bugfix(anim): Fix single animation updates (#1702)		GeneralsMD	4
3b78b63d4	2025-10-16	fix		fix: Replace wcsncpy with wcslcpy for robustness (#1676)		GeneralsMD	12
9ba92fa2c	2025-10-15	tweak	tree	tweak(tree): Decouple tree sway, topple and sink time step from render update (#1652)		GeneralsMD	4
eb7093ec6	2025-10-15	tweak	shadow	tweak(shadow): Double 3D shadow buffers in W3DBufferManager (#1691)	ZH-08	GeneralsMD	2
9e4b82f32	2025-10-15	fix		fix: Replace strncat with strlcat for robustness (#1677)		GeneralsMD	2
47b4cdcd1	2025-10-15	fix		fix: Replace strcat with strlcat for robustness (#1685)	ZH-01;ZH-02	Core;GeneralsMD	67
14211bb80	2025-10-15	build	memory	build(memory): Add placement new for VC6 compat with GameMemoryNull (#1701)		Core	1
630f6df1f	2025-10-15	fix		fix: Replace strncpy with strlcpy for robustness (#1533)	ZH-04;ZH-08	Core;GeneralsMD	58
9ede47fd0	2025-10-13	tweak	lan	tweak(lan): Hide computer identity in LAN lobby (#1693)		Core;GeneralsMD	5
1e37075c1	2025-10-13	refactor	lan	refactor(lan): Simplify LAN player tooltip related code (#1693)		GeneralsMD	8
affa59803	2025-10-16	refactor	gui	refactor(gui): Remove duplicate code in score screen (#1699)		GeneralsMD	2
c12bab6e2	2025-10-14	bugfix	fps	bugfix(fps): Fix crashes and ww3d updates in tools (#1688)		Core;GeneralsMD	18
6620cc31a	2025-10-14	refactor	gameengine	refactor(gameengine): Move game time related code into new FramePacer class (#1688)	ZH-18	Core;GeneralsMD	35
403696c77	2025-10-12	tweak	gamelod	tweak(gamelod): Disable changing display settings when clicking the Default button in Options Menu (#1632)		GeneralsMD	2
ebe28dcc1	2025-10-12	refactor	gamelod	refactor(gamelod): Simplify texture reduction code (#1631)		GeneralsMD	20
5155aeafe	2025-10-12	bugfix	gamelod	bugfix(gamelod): Disable the recommended static lod level for texture reduction to prevent low texture resolution with 'Medium' and 'High' specs (#1630)		GeneralsMD	4
42bc6b08f	2025-10-11	feat	gamelod	feat(gamelod): Implement 'Very High' system spec (#1629)		Core;GeneralsMD	10
9e42e5988	2025-10-11	tweak	gamelod	tweak(gamelod): Simplify game detail setup for Options Menu (#1628)		GeneralsMD	10
6c9a97596	2025-09-30	refactor	pathfinder	refactor(pathfinder): Simplify and improve readability of Pathfinder::moveAllies (#1645)		GeneralsMD	2
8c02b2209	2025-09-28	refactor	pathfinder	refactor(pathfinder): Simplify and improve readability of Pathfinder::checkForMovement (#1645)		GeneralsMD	2
c95e79b9f	2025-09-28	refactor	pathfinder	refactor(pathfinder): Simplify and improve readability of Pathfinder::examineCellsCallback (#1645)		GeneralsMD	2
155280b56	2025-09-24	refactor	pathfinder	refactor(pathfinder): Simplify and improve readability of Pathfinder::snapClosestGoalPosition (#1645)		GeneralsMD	2
89858fbfc	2025-09-23	refactor	pathfinder	refactor(pathfinder): Simplify and improve readability of Pathfinder::checkDestination (#1645)		GeneralsMD	2
fbb1ca476	2025-10-09	refactor	utils	refactor(utils): Move STLUtils.h to WWLib (#1679)		Core;GeneralsMD	10
6d10c91b9	2025-09-30	refactor	quotedprintable	refactor(quotedprintable): Simplify and modernize code in QuotedPrintable (#1659)		GeneralsMD	2
11b61d579	2025-09-30	fix	quotedprintable	fix(quotedprintable): Fix assert in AsciiStringToQuotedPrintable during map cache generation (#1659)		GeneralsMD	2
870f41c74	2025-10-08	refactor	network	refactor(network): Extract magic NetPacket character literals into named constants (#1672)		GeneralsMD	2
fe49f3bed	2025-10-09	bugfix	tunnel	bugfix(tunnel): Fix stacked unit healing time inside multiple GLA Tunnel Networks (#1626)		GeneralsMD	13
dbdcd89f1	2025-10-08	tweak	module	tweak(module): Add 'TransferSelection' field to CreateObjectDie INI module to allow transfer selection on object creation (#1665)		GeneralsMD	2
893a557bb	2025-10-07	fix	debug	fix(debug): Fix wrong assert condition in W3DTreeDraw::addToTreeBuffer() (#1663)		GeneralsMD	5
605b9b38a	2025-10-07	tweak	fps	tweak(fps): Simplify function W3DDisplay::updateAverageFPS() and remove its frame spike filter (#1662)		GeneralsMD	6
341bef2ca	2025-10-07	tweak	drawable	tweak(drawable): Decouple tint update step from render update (#1651)	ZH-18	GeneralsMD	4
16ff7e43b	2025-10-08	bugfix	network	bugfix(network): Fix clearing remote player commands in Connection::clearCommandsExceptFrom() to prevent local player left hanging in game over screen (#1638)		GeneralsMD	2
4eeb20ebe	2025-09-22	bugfix	jetaiupdate	bugfix(jetaiupdate): Fix pairs of Jets not waiting for each other before takeoff (#1617)		GeneralsMD	10
9697c73e6	2025-09-22	refactor	jetaiupdate	refactor(jetaiupdate): Rename variable in JetPauseBeforeTakeoffState (#1617)		GeneralsMD	2
487e5ce2d	2025-09-22	refactor	pathfinder	refactor(pathfinder): Simplify and improve readability of Pathfinder::getMoveAwayFromPath (#1620)		GeneralsMD	2
3ce09e566	2025-09-22	refactor	pathfinder	refactor(pathfinder): Simplify and improve readability of Pathfinder::findAttackPath (#1620)		GeneralsMD	2
455b8e842	2025-09-22	refactor	pathfinder	refactor(pathfinder): Simplify and improve readability of Pathfinder::validLocomotorSurfacesForCellType (#1620)		GeneralsMD	2
172362c54	2025-09-22	refactor	pathfinder	refactor(pathfinder): Simplify and improve readability of Pathfinder::internalFindPath (#1620)		GeneralsMD	2
6c6e05b88	2025-09-30	refactor	pathfinder	refactor(pathfinder): Simplify and improve readability of Pathfinder::internal_findHierarchicalPath (#1619)		GeneralsMD	2
ab2c83524	2025-09-30	refactor	pathfinder	refactor(pathfinder): Extract functionality Pathfinder::checkCellOutsideExtents (#1619)		GeneralsMD	4
824e3f8b2	2025-09-21	refactor	pathfinder	refactor(pathfinder): Simplify and improve readability of Pathfinder::examineNeighboringCells (#1619)		GeneralsMD	2
733d67797	2025-09-21	refactor	pathfinder	refactor(pathfinder): Simplify and improve readability of Pathfinder::checkChangeLayers (#1619)		GeneralsMD	2
c2c53369f	2025-09-21	refactor	pathfinder	refactor(pathfinder): Simplify and improve readability of PathfindCell::releaseInfo (#1619)		GeneralsMD	2
ca90e3de8	2025-09-30	feat	ui	feat(ui): Implement simple Latency and FPS display (#1546)		GeneralsMD	12
3ae6b3ad3	2025-09-30	tweak	water	tweak(water): Decouple wave movement time step from render update (#1654)		GeneralsMD	2
93e7ea874	2025-09-30	tweak	water	tweak(water): Decouple water movement time step from render update (#1653)		GeneralsMD	4
538407f77	2025-09-30	bugfix	camera	bugfix(camera): Decouple camera zoom update from logic time (#1655)		GeneralsMD	2
358f6606b	2025-09-30	refactor	terrain	refactor(terrain): Simplify cloud movement clamping (#1648)		GeneralsMD	2
c830b3bed	2025-09-30	refactor		refactor: Remove obsolete pragma optimize directives (#1649)	ZH-19	Core;GeneralsMD	8
e13efd485	2025-09-30	bugfix	network	bugfix(network): Fix Network stalling state (#1650)		GeneralsMD	2
9174d63c2	2025-10-01	bugfix	lan	bugfix(lan): Always allow players to join a LAN room if there is an open slot (#1637)		GeneralsMD	2
098f63801	2025-09-30	bugfix	debug	bugfix(debug): Fix missing toggle for DEMO_TOGGLE_NO_DRAW (#1633)		GeneralsMD	2
0193ad27d	2025-10-01	bugfix	buildassistant	bugfix(buildassistant): Fix Network game mismatch by using the correct player index to check shroud status when placing structures (#1646)		GeneralsMD	2
2bbf90241	2025-09-27	fix	shadow	fix(shadow): Fix counting of W3DProjectedShadowManager::m_numDecalShadows (#1568)	ZH-08	GeneralsMD	4
049ef5f3a	2025-09-15	tweak	w3dview	tweak(w3dview): Decouple WWAudioClass update from logic step (#1579)		Core	1
2683d1b59	2025-09-14	tweak	ww3d	tweak(ww3d): Decouple render update from logic step in DazzleRenderObjClass::Render, TexProjectClass::Pre_Render_Update (#1579)		GeneralsMD	4
8dc210c88	2025-09-14	tweak	ww3d	tweak(ww3d): Decouple render update from logic step in RingRenderObjClass::animate, SphereRenderObjClass::animate (#1579)		Core	2
7ac7a41e1	2025-09-14	bugfix	drawable	bugfix(drawable): Fix locked color in Drawable::colorTint, EMPUpdate::update (#1579)	ZH-18	GeneralsMD	6
792d17db2	2025-09-14	tweak	heightmap	tweak(heightmap): Decouple cloud render update from logic step (#1579)		GeneralsMD	11
26c5a9b7b	2025-09-14	tweak	anim	tweak(anim): Enable interpolation for raw animation updates and couple the legacy non interpolated updates to the ww3d sync (#1579)		Core;GeneralsMD	15
5dd9d6aa4	2025-09-13	refactor	anim	refactor(anim): Cleanup and simplify animation code a bit (#1579)		Core;GeneralsMD	10
eee445d77	2025-09-13	bugfix	ww3d	bugfix(ww3d): Bind the ww3d sync step to the game logic step (#1579)		Core;GeneralsMD	12
abf86faa0	2025-09-13	tweak	anim	tweak(anim): Decouple anim object render update from logic step (#1579)		GeneralsMD	4
4aabdcc6b	2025-09-13	bugfix	anim	bugfix(anim): Fix calling Animatable3DObjClass::Single_Anim_Progress more than once a frame (#1579)		GeneralsMD	2
bfa567126	2025-09-13	tweak	segline	tweak(segline): Decouple segline render update from logic step (#1579)		Core	1
a9a69f68e	2025-09-13	tweak	snow	tweak(snow): Decouple snow render update from logic step (#1579)		GeneralsMD	7
e0d992f8e	2025-09-13	bugfix	draw	bugfix(draw): Fix tank draw update logic step time is smaller than render frame time (#1579)		GeneralsMD	2
777eae8d5	2025-09-13	refactor	ww3d	refactor(ww3d): Rename WW3D::Get_Frame_Time to WW3D::Get_Sync_Frame_Time (#1579)	ZH-18	Core;GeneralsMD	20
abe8dba13	2025-09-27	bugfix	input	bugfix(input): Fix cargo units selection hack (#1635)		GeneralsMD	3
63ec8d0a6	2025-09-27	tweak	options	tweak(options): Simplify user options for Cursor Capture (#1541)		GeneralsMD	8
04b968f6e	2025-09-26	bugfix	contain	bugfix(contain): Fix unit attachments being visible in fog after exiting a GLA Tunnel Network (#1522)		GeneralsMD	2
5ba1741dd	2025-09-26	bugfix	module	bugfix(module): GLA Battle Bus can no longer be subdued indefinitely (#1604)		GeneralsMD	1
e8ef12001	2025-09-26	bugfix	gui	bugfix(gui): Consistently show blue health bars for disabled objects (#1622)	ZH-18	GeneralsMD	2
e87031fce	2025-09-26	bugfix	buildassistant	bugfix(buildassistant): Prevent showing the invalid placement indicator for shrouded objects (#1543)		GeneralsMD	2
48054ecc5	2025-09-23	perf	behavior	perf(behavior): Optimize loops in ParkingPlaceBehavior (#1618)		GeneralsMD	3
5a9a52617	2025-09-23	bugfix	tree	bugfix(tree): Fix 1 in 10 trees not swaying (#1613)		GeneralsMD	1
80cc300e4	2025-09-23	refactor	tree	refactor(tree): Simplify W3DTreeDraw related code (#1614)		GeneralsMD	9
cd86cc4f2	2025-09-23	bugfix	input	bugfix(input): Fix broken single click command after right mouse double click (#1605)		GeneralsMD	2
a2cebd814	2025-09-23	bugfix	module	bugfix(module): Fix damage calculation for determining the initial death of GLA Battle Bus (#1603)		GeneralsMD	1
1875dbfa2	2025-09-22	bugfix	input	bugfix(input): Double-clicking to place a building no longer performs double-click selection logic (#1608)		GeneralsMD	2
dca765f84	2025-09-21	refactor	pathfinder	refactor(pathfinder): Remove superfluous whitespace and commented code in Pathfinder (#1611)		GeneralsMD	2
568a16294	2025-09-20	feat	client	feat(client): Make opacity and shadows of build placement preview objects customizable (#1592)		GeneralsMD	6
c0f8b79f1	2025-09-20	fix	shadow	fix(shadow): Fix initial shadow states of draw modules (#1591)	ZH-18	GeneralsMD	17
938548315	2025-09-20	bugfix	shadow	bugfix(shadow): Fix missing tree shadow decals when no object shadow decals exist (#1590)	ZH-08;ZH-19	GeneralsMD	11
a8f69559a	2025-09-20	bugfix	input	bugfix(input): Force stop camera inputs after game end (#1602)		GeneralsMD	2
113babd19	2025-09-20	bugfix	view	bugfix(view): Prevent moving the camera with most user inputs during camera playback in Replay playback (#1599)		GeneralsMD	8
1a7805138	2025-09-20	bugfix	view	bugfix(view): Fix camera terrain height adjustment during camera playback in Replay playback (#1598)		GeneralsMD	8
8078a223a	2025-09-20	bugfix	view	bugfix(view): Fix camera terrain height adjustment in Replay playback (#1597)		GeneralsMD	2
b1eac2a5b	2025-09-20	bugfix	fps	bugfix(fps): Fix mouse wheel zoom speed and decouple zoom update from logic step (#1587)		GeneralsMD	4
c8324cb5b	2025-09-20	refactor	view	refactor(view): Simplify View related code (#1600)		GeneralsMD	6
208b631ab	2025-09-20	refactor	message	refactor(message): Simplify double click related code in MetaEventTranslator::translateGameMessage() (#1606)		GeneralsMD	2
8ee3d219a	2025-09-20	refactor		refactor: Verify array size, fix constness of strings lists, and improve order of enum values (#1584)	ZH-08;ZH-18;ZH-24	Core;GeneralsMD	173
70e72925b	2025-09-20	bugfix	pathfinder	bugfix(pathfinder): Fix various crashes in Pathfinder due to inadequate cleanup of pathfinding resources (#994)		Core;GeneralsMD	5
783bdb771	2025-09-19	ci	release	ci(release): Add weekly pre-releases workflow for Generals and GeneralsMD (#929)			1
1b8c7d98c	2025-09-19	bugfix	behavior	bugfix(behavior): Fix hardcoded cash hack value for Black Lotus (#1601)		GeneralsMD	2
e2b97aeb8	2025-09-19	fix		fix: Fix malformed string lists (#1583)		Core;GeneralsMD	5
43f977e60	2025-09-19	refactor		refactor: Remove ELEMENTS_OF macro (#1588)		Core;GeneralsMD	2
dd2bb780a	2025-09-18	feat	gui	feat(gui): Add button to select the next idle worker of the currently viewed player for observers (#1526)		GeneralsMD	4
5765997e7	2025-09-18	tweak	network	tweak(network): Transfer assets of disconnected players to allies (#1523)		GeneralsMD	2
6418de571	2025-09-18	bugfix	module	bugfix(module): Consistently yield experience for direct flame kills (#1539)		GeneralsMD	4
fa9bb64e6	2025-09-18	bugfix	module	bugfix(module): Consistently yield experience for direct poison kills (#1527)		GeneralsMD	4
1bab18edd	2025-09-17	refactor		refactor: Remove superfluous comments from last entries in enums and arrays (#1586)	ZH-14;ZH-18;ZH-24	Core;GeneralsMD	171
9bbcf0050	2025-09-17	refactor		refactor: Remove superfluous enum values (#1585)	ZH-14;ZH-15;ZH-19;ZH-24	GeneralsMD	44
5aa89036e	2025-09-15	feat	system	feat(system): Prevent the system from sleeping or display from turning off while the game is busy in Windows OS (#1572)		GeneralsMD	8
f789ed42c	2025-09-15	tweak	fps	tweak(fps): Set min logic time scale to 5 with RTS_DEBUG (#1577)		Core	2
2a4b508e9	2025-09-15	build	pathfinder	build(pathfinder): Remove unused code of EXPAND_ONE_CELL (#1564)		GeneralsMD	2
f8c394e0f	2025-09-15	fix	guiedit	fix(guiedit): Fix crash on GuiEdit launch by initializing GlobalLanguage after GlobalData (#1576)		GeneralsMD	2
d61ce1fa6	2025-09-13	bugfix	collide	bugfix(collide): Prevent retail CRC mismatch from changes to Sabotage Crate Collide (#1571)		GeneralsMD	8
06c6b3b46	2025-09-12	refactor		refactor: Remove superfluous null tests before calls to delete, delete[] (#1560)	ZH-01;ZH-03;ZH-08;ZH-15;ZH-18;ZH-19;ZH-20;ZH-24	Core;GeneralsMD	258
6bc424cb0	2025-09-12	refactor		refactor: Remove superfluous code comments behind closing scopes (#1551)	ZH-02;ZH-03;ZH-04;ZH-07;ZH-08;ZH-14;ZH-15;ZH-16;ZH-17;ZH-18;ZH-19;ZH-24;ZH-25	Core;GeneralsMD	1231
b95042c58	2025-09-07	refactor		refactor: Move some code comments into correct scopes (#1551)	ZH-15;ZH-19	Core;GeneralsMD	12
f6b82534c	2025-09-12	tweak	gui	tweak(gui): No longer disable the idle worker button when the game input is disabled (#1566)		GeneralsMD	2
244935b8b	2025-09-12	refactor		refactor: Rename CONSTEXPR to constexpr (#1567)		Core;GeneralsMD	15
bb39cc7bb	2025-09-12	refactor		refactor: Remove superfluous null tests before calls to free() (#1562)		Core;GeneralsMD	13
4f06c9bdb	2025-09-12	fix	memory	fix(memory): Fix miscellaneous memory issues (#1561)		Core;GeneralsMD	5
8adf4852a	2025-09-12	fix	system	fix(system): Use 64-bit compatible miles (#1563)		Core	15
95ac37d5d	2025-09-12	feat	input	feat(input): Implement alternative key mappings for Game Pause and Step Frame that are usable as a Solo player (#1530)		Core;GeneralsMD	13
40ac1c0fc	2025-09-12	feat	gui	feat(gui): Add user option to adjust scale of game fonts in relation to resolution (#1457)		GeneralsMD	8
36b5277a6	2025-09-10	feat	options	feat(options): Implement user options for Screen Edge Scrolling (#1538)		GeneralsMD	8
55e6cd466	2025-09-10	docs		docs: Add AI coding agent instructions (#1559)			1
15933f7d6	2025-09-10	fix	draw	fix(draw): Fix wheel rotation math (#1507)		Core;GeneralsMD	9
e022dc5b1	2025-09-10	bugfix	fps	bugfix(fps): Fix and improve logic time step and render update decoupling (#1528)	ZH-18	Core;GeneralsMD	58
5eaa6aa39	2025-09-09	refactor		refactor: Remove superfluous null tests before calls to deleteInstance() (#1529)	ZH-18;ZH-24	Core;GeneralsMD	108
8723184b8	2025-09-09	bugfix	network	bugfix(network): Fix runahead logic update to better follow the maximum network latency and avoid stutters and slow downs (#1482)		GeneralsMD	8
481f47391	2025-09-09	bugfix	input	bugfix(input): Prevent command execution when attempting to exit command context while moving the camera (#1501)		GeneralsMD	2
0cd2963a7	2025-09-09	bugfix	aiupdate	bugfix(aiupdate): Chinooks no longer get stuck when performing Combat Drops into buildings above terrain height (#1542)		GeneralsMD	2
636c40f07	2025-09-05	tweak	command	tweak(command): Allow observer to view the Hero unit of the currently observed player with a button press (#1525)		GeneralsMD	2
22623dbab	2025-09-05	refactor	language	refactor(language): Remove legacy code for loading Language9x.ini, HeaderTemplate9x.ini (#1534)		GeneralsMD	4
f2f9acd77	2025-09-04	tweak	text	tweak(text): Add English substitute text for Fast Forward messages (#1535)		GeneralsMD	6
4c3dd2e82	2025-09-05	bugfix	upgrade	bugfix(upgrade): Fix fake GLA structures losing their selection and grouping when upgraded to real structures (#1521)		GeneralsMD	1
8012ea055	2025-09-05	tweak	eva	tweak(eva): Enable EVA events for the observed player (#1519)		GeneralsMD	6
87de0a0d4	2025-09-04	bugfix	scrolling	bugfix(scrolling): Fix vertical scroll speed bugs (#1492)		GeneralsMD	2
bd2699aad	2025-09-04	feat	ini	feat(ini): Implement optional INI lookup folders for all common game systems (#1476)		Core;GeneralsMD	56
85fdc8001	2025-09-04	fix	filesystem	fix(filesystem): Decouple File System from NameKeyGenerator and its CRC influence (#1516)		Core;GeneralsMD	10
06091295e	2025-09-03	tweak	command	tweak(command): Allow observer to view the Command Center of the currently observed player with a button press (#1524)		GeneralsMD	2
7e8759449	2025-09-03	feat	options	feat(options): Add user configuration options for the Scroll Anchor feature (#1500)		GeneralsMD	10
362de7da5	2025-09-03	bugfix	team	bugfix(team): Demote throw to assert in TeamFactory::createInactiveTeam for when a team prototype does not exist (#1515)		GeneralsMD	2
7c2ff2ab2	2025-09-03	refactor	gui	refactor(gui): Simplify find window under mouse logic (#1520)		GeneralsMD	4
4de89c35f	2025-09-03	bugfix	input	bugfix(input): Prevent drag-selecting enemy beacons and enable selecting stealthed units while observing (#1460)		GeneralsMD	2
9debceedd	2025-09-02	fix	compress	fix(compress): Fix a few memory leaks on fail conditions in Compression code (#1509)		Core	3
78a9efa9a	2025-09-02	bugfix	object	bugfix(object): Healing no longer prevents stealthed objects from revealing when taking damage (#1508)		Core;GeneralsMD	4
91a8dcaa9	2025-09-02	fix	partition	fix(partition): Fix circle fill algorithm in PartitionManager (#1426)	ZH-15;ZH-19	GeneralsMD	2
5f3c02994	2025-09-01	tweak	controlbar	tweak(controlbar): Show stealthed radar objects to observers (#1487)		GeneralsMD	6
841f60308	2025-09-01	perf		perf: Simplify type conversion macros to reduce cost of game simulation by around 15% (#1512)		GeneralsMD	1
77feed8c3	2025-08-31	chore	string	chore(string): Add strlcpy, strlcat family functions (#1477)		Core	4
9c87f9271	2025-08-31	feat	string	feat(string): Implement functions for AsciiString, UnicodeString that build a new string with a fixed length (#1494)		Core	4
a69c91285	2025-08-30	perf	ini	perf(ini): Decrease cost of INI::isDeclarationOfType by around 10% (#1498)		GeneralsMD	2
0a771802e	2025-08-30	bugfix	selection	bugfix(selection): Prevent exploits from grouping structures and units (#1347)		GeneralsMD	2
63bfe154b	2025-08-29	tweak	network	tweak(network): Reduce the minimum runahead latency limit from 10 to 4 (#1489)		GeneralsMD	2
e477aa7ed	2025-08-27	refactor	input	refactor(input): Simplify click conditions for MSG_RAW_MOUSE_RIGHT_BUTTON_UP (#1499)		GeneralsMD	2
806ebab8f	2025-08-27	tweak	ini	tweak(ini): No longer terminate application if an INI data field is not found (#1497)		GeneralsMD	2
8f0a388de	2025-08-26	refactor	string	refactor(string): Remove explicit UnicodeString constructor (#1495)		Core	1
a34fd1624	2025-08-26	tweak		tweak: Disable test asset loading in release builds (#1485)		Core;GeneralsMD	5
1dac72698	2025-08-27	tweak	client	tweak(client): Show additional information for selected objects while observing (#1479)	ZH-17;ZH-18	GeneralsMD	6
cfb0667d1	2025-08-12	bugfix	fps	bugfix(fps): Decouple camera zoom and rotation time step from render update (#1451)		GeneralsMD	8
bb5398060	2025-08-12	bugfix	fps	bugfix(fps): Decouple camera shaker time step from render update (#1451)		GeneralsMD	2
f7c7c4ae1	2025-08-12	tweak	fps	tweak(fps): Decouple drawable time step from render update (#1451)		GeneralsMD	14
0eb08e2d4	2025-08-12	tweak	fps	tweak(fps): Decouple scripted camera movement time step from render update (#1451)		GeneralsMD	4
2d9093aae	2025-08-12	tweak	fps	tweak(fps): Decouple WW3D::Sync from render update (#1451)		GeneralsMD	12
4c14ada47	2025-08-12	tweak	fps	tweak(fps): Decouple non-network logic update from render update (#1451)		Core;GeneralsMD	18
ca8e5563c	2025-08-06	bugfix	fps	bugfix(fps): Fix inaccurate frame rate cap (#1451)		Core;GeneralsMD	9
67f50d17b	2025-08-24	tweak	input	tweak(input): Remove input latency for group creation in multiplayer games (#1471)		GeneralsMD	8
e1555bcd8	2025-08-23	tweak	scrolling	tweak(scrolling): Disable edge scrolling when the mouse cursor is not captured (#1462)		GeneralsMD	8
fbe3ba575	2025-08-22	tweak	menu	tweak(menu): Show mouse and menu immediately when shellmap is disabled (#1480)		GeneralsMD	2
a4a57a252	2025-08-19	refactor	client	refactor(client): Use constants for default display width and height values (#1465)		Core;GeneralsMD	23
0228421a5	2025-08-20	feat	input	feat(input): Add ability to snap building rotation to 45 degree angles (#1472)		Core;GeneralsMD	3
f4783606a	2025-08-20	bugfix	input	bugfix(input): Prevent mouse wheel from stopping camera scrolling (#1467)		GeneralsMD	2
822633155	2025-08-19	refactor	controlbar	refactor(controlbar): Simplify code for acquiring the currently viewed player (#1473)		GeneralsMD	10
6044ba141	2025-08-19	refactor	object	refactor(object): Simplify veterancy effect conditions (#1464)		GeneralsMD	2
0c2375eeb	2025-08-19	bugfix	input	bugfix(input): Prevent invalid interaction feedback for sabotage attempts against sold or under construction buildings (#1459)		GeneralsMD	8
f099e4d58	2025-08-16	bugfix	object	bugfix(object): Fix veterancy effect spawning at the map origin when a veteran unit is produced (#1458)		GeneralsMD	6
db3416bab	2025-08-15	tweak	behavior	tweak(behavior): Make aircraft takeoff order deterministic (#1297)		GeneralsMD	4
84aa98c77	2025-08-15	bugfix	input	bugfix(input): No longer require two clicks to deselect worker after cancelling building placement in alternate mouse mode (#1453)		GeneralsMD	2
1eceff554	2025-08-13	tweak	input	tweak(input): Allow camera zoom during game pause (#1446)		GeneralsMD	2
c2db21763	2025-08-13	tweak	recorder	tweak(recorder): Improve performance of Replay playback slightly by increasing the Replay file read buffer to 8192 bytes (#1389)		GeneralsMD	2
10121fcd9	2025-08-13	ci		ci: Update build-toolchain to use public VC6 from itsmattkc repo (#931)			1
fc71ca43b	2025-07-27	feat	mouse	feat(mouse): Implement Cursor Capture functionality (#1369)		GeneralsMD	24
5856a3ce1	2025-07-27	refactor	gamelogic	refactor(gamelogic): Use GameMode enum instead of integer (#1369)		GeneralsMD	8
0d850ca32	2025-08-10	refactor	network	refactor(network): Replace branches with switches in Network command parse functions (#1437)		GeneralsMD	4
354ef182c	2025-08-10	unify	memory	unify(memory): Move GameMemory files to Core (#1408)	ZH-01	Core;GeneralsMD	18
23504881c	2025-08-02	refactor	memory	refactor(memory): Move memory pool size arrays into separate source files (#1408)		Core;GeneralsMD	9
7f5f7138d	2025-08-02	unify	memory	unify(memory): Merge GameMemory code (#1408)		Core;GeneralsMD	6
4ecef7609	2025-08-10	bugfix	script	bugfix(script): Fix game crash with AICommandInterface::aiAttackPosition when executing scripted fire weapon commands (#1440)		GeneralsMD	2
eedb3b683	2025-08-10	bugfix	ai	bugfix(ai): Fix game crash caused by an AI player not finding a valid Sneak Attack location (#1435)	ZH-24	GeneralsMD	1
58d7ee3ae	2025-08-10	bugfix	controlbar	bugfix(controlbar): Fix Angry Mob selection and clearing of unit information from the Control Bar when deselecting a unit during Replay playback (#1433)		GeneralsMD	2
15a7e040a	2025-08-10	bugfix	controlbar	bugfix(controlbar): Show the experience bar for the selected player when observing (#1432)		GeneralsMD	2
e571c9cbe	2025-08-10	tweak	input	tweak(input): No longer deselect worker unit on cancelling building placement mode (#1430)		GeneralsMD	2
31b2be7de	2025-08-10	bugfix	input	bugfix(input): Prevent dead units from blocking positional context commands (#1429)		GeneralsMD	2
a8826c697	2025-08-10	bugfix	script	bugfix(script): Fix crash if nearest command button target is not found (#1420)		GeneralsMD	2
c08e01dce	2025-08-09	feat	input	feat(input): Implement new key mapping for selecting the next idle worker (#1413)		GeneralsMD	6
c86d699ea	2025-08-08	fix	debug	fix(debug): Print stack trace for unhandled win32 exceptions to debug log (#1424)		GeneralsMD	16
13f74dd95	2025-08-08	refactor	recorder	refactor(recorder): Replace fopen with FileSystem in Replay Recorder (#1233)		GeneralsMD	4
e6ee245eb	2025-08-08	chore		chore: Add .editorconfig to set default whitespacing rules (#1415)			2
02fdf4f76	2025-08-07	feat	file	feat(file): Implement character read and write functions for LocalFile (#1431)		Core	5
f3ba42270	2025-08-07	refactor	format	refactor(format): Remove trailing whitespace from game code files (#1425)	ZH-01;ZH-02;ZH-03;ZH-04;ZH-07;ZH-08;ZH-11;ZH-14;ZH-15;ZH-16;ZH-17;ZH-18;ZH-19;ZH-20;ZH-24;ZH-25	Core;GeneralsMD	3815
a41060519	2025-07-25	refactor	comments	refactor(comments): Replace 'compile' with 'build' in project code comments (#1361)	ZH-24	Core;GeneralsMD	29
b35dd5447	2025-07-25	docs		docs: Introduce conventional commits to CONTRIBUTING.md (#1361)			1
f9913a565	2025-08-02	unify	video	unify(video): Move Video files to Core (#1410)		Core;GeneralsMD	31
40afe821e	2025-08-02	unify	video	unify(video): Merge Video code (#1410)		Core;GeneralsMD	12
3db937327	2025-08-04	ci		ci: Fix up Replay Checker (#1417)			1
dec4d7d68	2025-08-04	ci		ci: Implement Replay Checker (#1366)			8
9f0a55eec	2025-08-03	feat	controlbar	feat(controlbar): Implement full viewport support for 'Control Bar Pro' Addons (#1412)		GeneralsMD	16
d2573a7f1	2025-07-29	unify	debug	unify(debug): Move GameEngine's Debug files to Core (#1384)		Core;GeneralsMD	9
8c52b6aee	2025-07-29	unify	debug	unify(debug): Merge GameEngine's Debug code (#1384)		GeneralsMD	3
aaac77db4	2025-08-03	unify	common	unify(common): Move RandomValue files to Core (#1388)		Core;GeneralsMD	12
3ac1832a2	2025-08-03	feat	file	feat(file): Implement functions in LocalFile for writing formatted strings to a file (#1414)		Core	5
5efeb0e61	2025-08-03	unify	crc	unify(crc): Move CRC files to Core (#1387)		Core;GeneralsMD	12
abd1b90fb	2025-08-03	chore	script	chore(script): Add script to help move files to Core (#1398)			1
45a02a433	2025-08-03	tweak	string	tweak(string): Implement functions in AsciiString, UnicodeString to return the byte count of the contained string (#1407)		Core	2
9c276512f	2025-08-03	bugfix	cpudetect	bugfix(cpudetect): Fix issues caused by broken memory benchmark value (#1409)		Core;GeneralsMD	14
3a58ec44b	2025-08-03	bugfix	object	bugfix(object): Fix crash when an object is created with veterancy and an upgrade that applies a terrain decal (#1359)		GeneralsMD	2
6ad992fd0	2025-08-03	bugfix	controls	bugfix(controls): Fix double-press group selection logic not reselecting deselected groups (#1355)		GeneralsMD	6
4a9bc10cd	2025-08-02	docs	file	docs(file): Fix incorrect comment in File class flags (#1403)		Core	1
3b5d29804	2025-08-02	refactor	specialpower	refactor(specialpower): Clean up ParticleUplinkCannonUpdate::initiateIntentToDoSpecialPower (#1402)		GeneralsMD	2
88b545ec6	2025-08-02	bugfix	controls	bugfix(controls): Fix and improve next idle worker selection with contained workers (#1338)		Core;GeneralsMD	6
d04210442	2025-08-02	fix	cpudetect	fix(cpudetect): Fix version and memory detection (#1393)		Core	2
31f3a5c60	2025-08-02	fix	debug	fix(debug): Fix Release debug logging in tools (#1397)		Core;GeneralsMD	6
e06f59823	2025-08-02	bugfix	gametext	bugfix(gametext): Prevent crashing in WorldBuilder, MapCacheBuilder by moving updateWindowTitle() out of GameText class (#1396)		GeneralsMD	4
e89b48e0d	2025-08-02	ci	build	ci(build): Ensure runner uses windows-2022 image for build jobs (#1405)			1
6488c9076	2025-07-31	bugfix	asciistring	bugfix(asciistring): Fix thread unsafe reference counting of AsciiString (#1395)		GeneralsMD	1
94fe5e5ac	2025-07-30	feat	file	feat(file): Add flush function to LocalFile (#1385)		Core	5
9aa57e8f2	2025-07-30	refactor	debug	refactor(debug): Rename and simplify GetAsciiNetCommandType() (#1377)		GeneralsMD	14
3e7d7834c	2025-07-30	fix	utility	fix(utility): Fix edge case behavior of vsnprintf, vswprintf for VC6 builds (#1375)			1
4dc13d01d	2025-07-30	fix	script	fix(script): Fix using uninitialized memory 'mask' in getHumanPlayerMask() (#1114)		GeneralsMD	2
fba5df787	2025-07-29	tweak	gui	tweak(gui): Disable the combo box for the host's player name (#1368)		GeneralsMD	4
7d6845f4f	2025-07-29	tweak	debug	tweak(debug): Add more headless checks in preparation for the CI Replay Check (#1382)		Core;GeneralsMD	3
4e4b73188	2025-07-28	fix	debug	fix(debug): Fix copypasta in Debug.cpp (#1380)		GeneralsMD	2
7dd14c7c5	2025-07-28	tweak	scrolling	tweak(scrolling): Enable edge scrolling in windowed mode (#1362)		GeneralsMD	2
1969d0a13	2025-07-28	feat	audio	feat(audio): Implement 'MoneyTransactionVolume' option to modify the volume of money deposit and withdraw audio events (#1353)		Core;GeneralsMD	10
0dd58aad5	2025-07-28	bugfix	behavior	bugfix(behavior): Fix wrong and unsafe logic in CountermeasuresBehavior::calculateCountermeasureToDivertTo() (#1367)		GeneralsMD	1
51a349464	2025-07-28	refactor	audio	refactor(audio): Replace some index values with enum values in AudioManager (#1364)		Core	2
3574fdd39	2025-07-28	refactor	audio	refactor(audio): Remove unused audio fields in GlobalData (#1357)		GeneralsMD	6
c2403d3b4	2025-07-28	bugfix	audio	bugfix(audio): Fix muted audio after regaining window focus (#1363)		Core	1
567e6002d	2025-07-28	build	debug	build(debug): Fix GeneralsMD debug compile error when logging is turned off (#1372)	ZH-24	GeneralsMD	2
421c62721	2025-07-27	fix	debug	fix(debug): Avoid theoretical memory corruptions in debug functions (#1371)		GeneralsMD	2
2e6ede0c0	2025-07-27	bugfix	debug	bugfix(debug): Fix memory corruption in DebugCrash() (#1371)		GeneralsMD	2
fef52517a	2025-07-27	build	debug	build(debug): Add CMake option to generate full debug information for VC6 builds (#1370)			2
ea6a86873	2025-07-27	feat	filesystem	feat(filesystem): Implement custom buffer options for File::open() (#1301)		Core	17
4e23a3e4f	2025-07-27	refactor	filesystem	refactor(filesystem): Put file existence cache behind ENABLE_FILESYSTEM_EXISTENCE_CACHE macro (#1295)		Core	3
66c4e8f11	2025-07-27	fix	ai	fix(ai): Fix memory leaks in AIGuard states (#1350)	ZH-24	GeneralsMD	10
ebe14da81	2025-07-27	fix	options	fix(options): Fix System Time and Game Time settings not loading and applying correctly (#1349)		GeneralsMD	2
c01d6960b	2025-07-27	fix	log	fix(log): Fix missing debug log arguments (#1325)		Core;GeneralsMD	13
c07a276c5	2025-07-24	other		[CORE] Simplify how audio settings are accessed in AudioManager (#1354)		Core	1
2d20bcce7	2025-07-24	other		[CORE] Improve audio file lookup in AudioEventRTS::adjustForLocalization() (#1336)		Core	1
62d54eb44	2025-07-22	other		Remove some superfluous files from game folders (#1331)		GeneralsMD	3
f70a1ed8d	2025-07-22	other		[GEN][ZH] Scale intro videos to maintain their original aspect ratio (#1329)		GeneralsMD	8
dd2a936df	2025-07-22	other		[GEN][ZH] Implement the 'Ignore Prerequisites', 'Instant Build', 'Free Build' and 'Give all Sciences' debug commands for Multiplayer (#1314)		GeneralsMD	8
59479c068	2025-07-22	other		[GEN][ZH] Add default key mappings for the 'Ignore Prerequisites' and 'Free Build' debug commands (#1313)		GeneralsMD	2
7035ac40a	2025-07-22	other		[GEN][ZH] Finalize the implementation for the 'Free Build' debug command (#1312)		GeneralsMD	2
ebec03f5f	2025-07-22	other		[ZH] Fix broken money deposit and withdraw audio and academy income record (#1311)		GeneralsMD	1
09ca272e3	2025-07-22	other		[GEN][ZH] Fix tunnel contain crashes due to uninitialized tunnel systems (#1310)		GeneralsMD	4
096dd0e30	2025-07-21	other		[CORE] Move Audio files to Core (#1330)		Core;GeneralsMD	58
10c12859b	2025-07-22	other		[CORE] Move AsciiString, UnicodeString files to Core (#1328)		Core;GeneralsMD	11
8f73d9e26	2025-07-22	other		[GEN][ZH] Remove unnecessary ParticleSystem null tests in ParticleSystemManager (#1322)		GeneralsMD	2
d83fca117	2025-07-22	other		[GEN][ZH] Improve product title information for Window title, Options Menu (and Main Menu) (#1309)		GeneralsMD	10
4cc109ad5	2025-07-22	other		[GEN][ZH] Remove bogus calls to memset (#1323)		GeneralsMD	4
1a785ff24	2025-07-22	other		[GEN][ZH] Fix crash within Team::killTeam() caused by the neutral player having no player template (#1221)		GeneralsMD	2
4c6915641	2025-07-21	other		[GEN][ZH] Add a few checks to warn of memory leaks (#1320)		GeneralsMD	9
82e9c9b9b	2025-07-21	other		[GEN][ZH] Add support for selecting structures in teams in World Builder (#1316)		GeneralsMD	2
94b99a7fe	2025-07-20	other		[ZH] Fix RenderObjClass memory leaks in W3DPropBuffer (#1319)		GeneralsMD	1
f4a05b5ac	2025-07-20	other		[GEN][ZH] Fix broken Player muting for Observer (#1307)		GeneralsMD	2
edb06143a	2025-07-20	other		[CORE] Fix unsafe logic in FileSystem regarding closing and deleting files (#1303)		Core	9
143673a4f	2025-07-20	other		[GEN][ZH] Prevent crash upon beacon removal in GameLogic::logicMessageDispatcher() (#1065)		GeneralsMD	2
fbd4468fa	2025-07-20	other		[GEN][ZH] Double scroll amount for RMB, edge and keyboard scrolling (#1288)		GeneralsMD	2
a1d23478a	2025-07-20	other		[GEN][ZH] No longer adjust the power level for disabled Power Plants that are still under construction (#1302)		GeneralsMD	2
3f85acb61	2025-07-20	other		[GEN][ZH] Enable Chat for Observers (#864)		GeneralsMD	2
5071e86e5	2025-07-20	other		[GEN][ZH] Fix Diplomacy Screen, Tooltips and Chat not working after surrender (#1306)		GeneralsMD	2
3eda4bae1	2025-07-19	other		[CORE] Reduce cost of XferCRC::xferImplementation by 60% (#1228)		Core	2
34773200e	2025-07-10	other		[GEN][ZH] Add ui messages for more debug commands (#1258)		GeneralsMD	2
3f38b20f1	2025-07-10	other		[GEN][ZH] Add localization labels to ui messages for debug commands (#1258)		GeneralsMD	10
18d8a82c4	2025-07-18	other		[CORE] Enable and improve buffered IO in LocalFile to reduce its cost by up to 90% (#1299)		Core	3
e6339f011	2025-07-17	other		[GEN][ZH] Fix instant money drop on USA Supply Drop Zone completion when subdued while under construction (#1281)		GeneralsMD	2
11f49dbec	2025-07-17	other		[GEN][ZH] Fix China Hackers unnecessarily packing and unpacking when ordered to hack while already hacking (#1280)		GeneralsMD	2
16c50f7fa	2025-07-16	other		[GEN][ZH] Do not pause Replay playback on CRC mismatch if a Game Window has input focus (#1294)		GeneralsMD	2
8821d8c5a	2025-07-16	other		[GEN][ZH] Fix Hero Radar icon garrison issues introduced by #1035 (#1267)		GeneralsMD	8
c1903b6e6	2025-07-16	other		[GEN][ZH] Fix up the right mouse button scrolling to properly normalize its movement and correctly apply the Scroll Speed modifier (#1244)		GeneralsMD	2
adf9ddeb4	2025-07-14	other		[CORE] Move File System files to Core (#1279)	ZH-01	Core;GeneralsMD	63
f17504c30	2025-07-13	other		[GEN][ZH] Unify File System code (#1279)		GeneralsMD	7
4e1aa51be	2025-07-16	other		[GEN][ZH] Fix incorrect garrison points debug assert hit in Shell Map (#1293)		GeneralsMD	2
a86ed9831	2025-07-16	other		[GEN][ZH] Generate git version information and print it in the Game Window title, Options Menu (and Main Menu) (#1219)		Core;GeneralsMD	19
8bd0bcf8e	2025-07-16	other		[GEN][ZH] Reduce cost of GameMessage::getCommandTypeAsString by 70% (#1259)		GeneralsMD	16
a81dba091	2025-07-15	other		[GEN][ZH] Fix Null Memory Manager issues introduced by #1275 (#1289)		GeneralsMD	4
106f21771	2025-07-14	other		[GEN][ZH] Fix assertion errors on game launch with MEMORYPOOL_INTENSE_VERIFY (#1276)		GeneralsMD	2
9c8b539d6	2025-07-14	other		[GEN][ZH] Fix Memory Manager initialization issues (#1275)		GeneralsMD	6
e5110b67b	2025-07-14	other		[CORE] Make game compile in VS2019 (#1272)		Core	1
760554649	2025-07-14	other		[GEN][ZH] Fix use of invalidated iterator in ScriptEngine::reset() (#1273)		GeneralsMD	2
2e69d53cf	2025-07-14	other		[GEN][ZH] Fix assert about using uninitialized garrison points when entering a structure for the first time (#783)		GeneralsMD	4
d11ecb909	2025-07-14	other		[GEN][ZH] Simplify repeated calls to removeLastChar with new truncate and trim methods (#1257)	ZH-25	GeneralsMD	45
68576e72c	2025-07-13	other		[GEN][ZH] Fix multiplayer mismatch on surrender in team games when owning a base structure that has been cleared of infantry before (#546)		GeneralsMD	2
45bac4b18	2025-07-13	other		[GEN][ZH] Fix and remove Scroll Speed limits (#1262)		GeneralsMD	2
27f706300	2025-07-13	other		[GEN][ZH] Implement System Time and Game Time display (#1170)		GeneralsMD	14
1b1f576be	2025-07-12	other		[GEN][ZH] Implement DEBUG_LOG_RAW, DEBUG_LOG_LEVEL_RAW for raw string logging (#1232)	ZH-04;ZH-24	GeneralsMD	37
630e921cf	2025-07-05	other		Add python script for removing trailing CR LF from debug logging strings (#1232)			1
353e74a4f	2025-07-05	other		[GEN][ZH] Polish debug logging strings by hand (#1232)	ZH-24	Core;GeneralsMD	31
964928848	2025-07-05	other		[GEN][ZH] Remove trailing CR LF from debug logging strings by hand (#1232)	ZH-02;ZH-14;ZH-15;ZH-18;ZH-19;ZH-24	Core;GeneralsMD	88
1c131b3d2	2025-07-05	other		[GEN][ZH] Remove trailing LF from SHATTER_DEBUG_SAY, DBGMSG, DOUBLE_DEBUG, PERF_LOG, CRCGEN_LOG, STATECHANGED_LOG, PING_LOG, BONEPOS_LOG strings with script (#1232)	ZH-24	Core;GeneralsMD	24
344839fdf	2025-07-05	other		[GEN][ZH] Remove trailing CR LF from WWASSERT_PRINT strings with script (#1232)	ZH-19	Core;GeneralsMD	10
46e88a578	2025-07-05	other		[GEN][ZH] Remove trailing CR LF from WWRELEASE_SAY, SNAPSHOT_SAY strings with script (#1232)	ZH-14	Core;GeneralsMD	17
21e50a0c0	2025-07-05	other		[GEN][ZH] Remove trailing CR LF from WWDEBUG_SAY strings with script (#1232)	ZH-01;ZH-19	Core;GeneralsMD	87
856333cce	2025-07-05	other		[GEN][ZH] Remove trailing LF from RELEASE_CRASH, RELEASE_CRASHLOCALIZED strings with script (#1232)		GeneralsMD	6
7098e3b5f	2025-07-05	other		[GEN][ZH] Remove trailing LF from DEBUG_ASSERTCRASH strings with script (#1232)	ZH-02;ZH-04;ZH-08;ZH-15;ZH-18;ZH-19;ZH-24	Core;GeneralsMD	268
37eab1613	2025-07-05	other		[GEN][ZH] Remove trailing LF from DEBUG_ASSERTLOG strings with script (#1232)	ZH-03;ZH-04;ZH-08;ZH-15;ZH-19;ZH-24	GeneralsMD	66
2264f3578	2025-07-07	other		[GEN][ZH] Remove trailing LF from DEBUG_CRASH strings with script (#1232)	ZH-02;ZH-04;ZH-15;ZH-18;ZH-19;ZH-24;ZH-25	Core;GeneralsMD	241
7c4864a0f	2025-07-07	other		[GEN][ZH] Remove trailing LF from DEBUG_LOG, DEBUG_LOG_LEVEL strings with script (#1232)	ZH-01;ZH-02;ZH-03;ZH-04;ZH-08;ZH-15;ZH-19;ZH-20;ZH-24	Core;GeneralsMD	424
7ee40d6e6	2025-07-05	other		[GEN][ZH] Automatically add trailing new lines in debug log messages (#1232)		Core;GeneralsMD	9
808017eef	2025-07-12	other		[GEN][ZH] Fix undefined behavior in ThingTemplate::isEquivalentTo (#932)	ZH-15;ZH-19;ZH-24;ZH-25	GeneralsMD	14
81096141a	2025-07-12	other		[GEN][ZH] Enable Control Bar toggle for Replay playback and match observers (#854)		GeneralsMD	4
0a97cd0c5	2025-07-11	other		[GEN][ZH] Show the System Maps tab in World Builder without RTS_DEBUG (#1191)		GeneralsMD	4
53c4a7813	2025-07-11	other		[GEN][ZH] Fix black terrain in World Builder without RTS_DEBUG (#1190)	ZH-19	Core;GeneralsMD	24
a6f765510	2025-07-11	other		[GEN][ZH] Fix ThingTemplate copying to prevent multiplayer mismatch with original Shell Map and custom Maps (#1234)		GeneralsMD	8
9527b5438	2025-07-09	other		[GEN][ZH] Make viewport scroll speed frame rate independent (#1026)		GeneralsMD	10
1a8475d76	2025-07-09	other		[GEN][ZH] Fix object deselection logic in BuildAssistant::sellObject() (#1216)		GeneralsMD	2
321ff1113	2025-07-09	other		[GEN][ZH] Fix VTune GameDataDebug.ini field parse error introduced by #1231 (#1245)		GeneralsMD	10
598955835	2025-07-08	other		[ZH] Fix multiplayer mismatch in a new game after exiting the previous game while a player was power sabotaged (#1238)		GeneralsMD	1
25ea18cb7	2025-07-08	other		[GEN][ZH] Fix Hero Radar issues introduced by #1035 (#1240)		GeneralsMD	8
26bc2ca78	2025-07-05	other		Add python script for automatic RTS_INTERNAL removals (#1231)			1
4b6a0a1b5	2025-07-05	other		[CMAKE] Remove RTS_BUILD_OPTION_INTERNAL (#1231)			2
7909aeebf	2025-07-05	other		[GEN][ZH] Remove or repurpose RTS_INTERNAL specific code (#1231)	ZH-15;ZH-19;ZH-24	Core;GeneralsMD	34
b342328ae	2025-07-05	other		[GEN][ZH] Remove obsolete conditions for RTS_INTERNAL (#1231)	ZH-01;ZH-08;ZH-15;ZH-18;ZH-19;ZH-20;ZH-24;ZH-25	Core;GeneralsMD	281
79f8e9aac	2025-07-05	other		[GEN][ZH] Remove all RTS_INTERNAL epilogues (#1231)	ZH-01;ZH-02;ZH-03;ZH-04;ZH-08;ZH-15;ZH-17;ZH-18;ZH-19;ZH-24	Core;GeneralsMD	622
477be268a	2025-07-06	other		[GEN][ZH] Fix game crash in MissileLauncherBuildingUpdate::initiateIntentToDoSpecialPower() (#1218)		GeneralsMD	4
b4a4c74f7	2025-07-06	other		[GEN][ZH] Decouple tree, water and wave movements from client FPS (#1227)		GeneralsMD	6
d8af37243	2025-07-05	other		[GEN][ZH] Fix heap-use-after-free in W3DRadar::drawHeroIcon() (#1035)		Core;GeneralsMD	17
c14b5ae50	2025-07-05	other		[GEN][ZH] Fix beacon mouse cursor not showing while nothing is selected (#1185)		GeneralsMD	2
c504d4df7	2025-07-05	other		[GEN][ZH] Prevent reading invalid data from 'nti', 'm_teams' in TeamsInfoRec::addTeam() (#1122)		GeneralsMD	2
70d87f555	2025-07-02	other		[GEN][ZH] Fix new/delete mismatches in tools (#1223)		Core;GeneralsMD	3
30c2289e6	2025-07-02	other		[GEN][ZH] Fix crash when using a Civilian Ferry that has no waypoint path (#1222)		GeneralsMD	2
ee9debf31	2025-07-02	other		Add CONTRIBUTING document (#548)			1
b3f86e411	2025-07-02	other		[CMAKE] Fix PDB size bloat in unoptimized builds (#1183)			1
6f9846937	2025-07-02	other		[CMAKE] Enable multithreaded compilation for VC6 builds (#1169)			3
3bda27a02	2025-07-01	other		[GEN][ZH] Refactor implemention for Shell recreation on Display Resolution change (#1031)		GeneralsMD	10
99a5bc577	2025-07-01	other		[GEN][ZH] Fix AIGroup memory management and leaks (#1214)	ZH-24	Core;GeneralsMD	25
1ebce0798	2025-07-01	other		[GEN][ZH] Prevent game crash when a player is selected in Replay playback (#1212)		GeneralsMD	2
762b7afed	2025-06-30	other		[GEN][ZH] Enable resolutions with aspect ratios different from 4:3 in Options Menu (#460)		GeneralsMD	2
25bd33ed5	2025-06-30	other		[GEN][ZH] Fix game crash in AIGroup::groupSell() (#1200)		GeneralsMD	2
a8c703fb6	2025-06-29	other		[ZH] Fix USA Particle Cannon performing incorrect firing sequence after it was scripted to fire along a waypoint path (#1207)		GeneralsMD	1
00126363b	2025-06-29	other		[ZH] Fix compiler warning about incorrect order of operations in WorldHeightMap::getPointerToTileData() (#1152)		GeneralsMD	1
cac806a6f	2025-06-28	other		[GEN][ZH] Prevent duplicate replays from being shown in the Replay Menu (#1208)		GeneralsMD	2
a90f5a21c	2025-06-28	other		[ZH] Fix crash with USA Particle Cannon when the last scripted target waypoint is reached before the end of the firing sequence (#1206)		GeneralsMD	1
e691f1730	2025-06-28	other		[CORE] Fix dereferencing NULL pointer 'ptemp_obj' in AggregateDefClass::Find_Subobject() (#1147)		Core	1
10a835634	2025-06-28	other		[GEN][ZH] Remove unnecessary NULL pointer tests in InGameUI (#1092)		GeneralsMD	2
1aa507717	2025-06-28	other		[GEN][ZH] Fix untimely Exe CRC generation in GlobalData (#1197)		GeneralsMD	4
7e18d29f7	2025-06-27	other		[GEN][ZH] Fix Retail Mismatch in Release Build when Logging is enabled (#759)	ZH-24	GeneralsMD	8
222a7bfd9	2025-06-26	other		[GEN][ZH] Fix CONTINUE button mistakenly shown in Replay Score Screen (#1196)		GeneralsMD	2
9decb08d4	2025-06-26	other		[CORE] Fix memset zero in max2w3d's VectorChannelClass::SaveAdaptiveDelta() (#1195)		Core	1
03a4184ed	2025-06-26	other		[CMAKE] Remove obsolete interface libraries, add missing core gameengine include interface library (#1036)		Core;GeneralsMD	5
d582e775a	2025-06-26	other		[GEN][ZH] Fix inaudible UnableToSetRallyPoint audio event when misplacing a Rally Point (#1173)		GeneralsMD	2
d3a6f1744	2025-06-25	other		[GEN][ZH] Prevent using uninitialized memory 'closestVec' in PartitionManager::getClosestObjects() (#1168)	ZH-15;ZH-19	GeneralsMD	2
471a3cb03	2025-06-25	other		[GEN][ZH] Fix missing break at switch case GWM_INPUT_FOCUS in IdleWorkerSystem() (#1166)		GeneralsMD	2
2ab25f9ed	2025-06-25	other		[GEN][ZH] Fix wrong returned name for D3DTSS_TEXTURETRANSFORMFLAGS in DX8Wrapper::Get_DX8_Texture_Stage_State_Value_Name() (#1165)		GeneralsMD	2
ff9ce1351	2025-06-25	other		[GEN][ZH] Fix missing break at switch case GameMessage::MSG_DO_SPECIAL_POWER_OVERRIDE_DESTINATION in GameLogic::logicMessageDispatcher() (#1164)		GeneralsMD	2
3411660a4	2025-06-25	other		[GEN][ZH] Fix unannotated fallthrough at switch case GameMessage::MSG_DEFECTOR_HINT in HintSpyTranslator::translateGameMessage() (#1163)		GeneralsMD	2
c56f16408	2025-06-25	other		[GEN][ZH] Fix missing break at switch case PeerResponse::PEERRESPONSE_DISCONNECT in WOLGameSetupMenuUpdate(), WOLLobbyMenuUpdate() (#1162)		GeneralsMD	4
bb7f0fa9f	2025-06-25	other		[GEN][ZH] Fix missing break at switch case GSM_SLIDER_TRACK in SkirmishGameOptionsMenuSystem() (#1161)		GeneralsMD	2
211c427e8	2025-06-25	other		[GEN][ZH] Fix missing break at switch case GBM_SELECTED in ScoreScreenSystem() (#1160)		GeneralsMD	2
528f507b9	2025-06-25	other		[GEN][ZH] Fix missing break at switch case GEM_UPDATE_TEXT in PopupReplaySystem() (#1159)		GeneralsMD	2
c23eee416	2025-06-25	other		[GEN][ZH] Fix missing break at switch case REVERSESOUNDTRANSITION_FIRESOUND in ReverseSoundTransition::update() (#1158)		GeneralsMD	2
9d755592e	2025-06-25	other		[GEN][ZH] Fix missing break at switch case GBM_SELECTED in GadgetTabControlSystem() (#1157)		GeneralsMD	2
806e94045	2025-06-25	other		[GEN][ZH] Fix missing unit voice when attacking the ground (#1156)		GeneralsMD	2
9744c1552	2025-06-25	other		[GEN][ZH] Prevent using uninitialized memory 'relationDescriber' in ScriptConditions::evaluateEnemySighted() (#1155)		GeneralsMD	2
cd34be570	2025-06-25	other		[GEN][ZH] Fix missing break at switch case SPEECH_PLAY in ScriptAction::ParseAction() (#1154)		GeneralsMD	2
180237731	2025-06-24	other		[GEN][ZH] Fix potential bug or crash when denying a Buddy Request in the Online Communicator (#1153)		GeneralsMD	2
cbb4de6c3	2025-06-24	other		[GEN][ZH] Prevent dereferencing NULL pointer 'TheControlBar', 'window' in ControlBarCallback (#1148)		GeneralsMD	2
19281c1e4	2025-06-24	other		[GEN][ZH] Check vector size before accessing first element in World Builder's MapObjectProps and ScorchOptions (#1117)		GeneralsMD	8
a017743ec	2025-06-24	other		[GEN][ZH] Fix crash when launching the game with an unsupported Display Resolution or when the graphics adapter does not support 800 x 600 (#1055)		GeneralsMD	2
98629945f	2025-06-24	other		[GEN][ZH] Remove obsolete benchmark dependency (#1038)		Core;GeneralsMD	10
8b12e275e	2025-06-24	other		[GEN][ZH] Fix World Builder crashing on drawing scene, introduced by previous change #1146 (#1184)	ZH-19	GeneralsMD	2
61cbc6f3c	2025-06-22	other		[GEN][ZH] Prevent dereferencing NULL pointer 'theTemplate' in UpgradeMuxData::getUpgradeActivationMasks() (#1141)		GeneralsMD	2
b9318ec91	2025-06-22	other		[GEN][ZH] Prevent reading invalid data from 'm_staticGameLODInfo' in GameLODManager::getRecommendedTextureReduction() (#1151)		GeneralsMD	2
4c85403bb	2025-06-22	other		[GEN][ZH] Prevent reading invalid data from 'm_numLevelPresets' in GameLODManager::newLODPreset() (#1150)		GeneralsMD	2
b1b16b923	2025-06-22	other		[GEN][ZH] Prevent dereferencing NULL pointer 'TheWritableGlobalData' in GameLODManager::applyStaticLODLevel() (#1149)		GeneralsMD	2
b1e6792a0	2025-06-22	other		[GEN][ZH] Remove unnecessary NULL pointer test in RTS3DScene::Visibility_Check() (#1146)	ZH-19	GeneralsMD	2
99003dce7	2025-06-22	other		[CORE] Prevent using uninitialized memory 'name' in RenderObjPersistFactoryClass::Load() (#1145)		Core	1
d1a8d65b2	2025-06-22	other		[CORE] Prevent using uninitialized memory 'listline' in Cftp::FindFile() (#1144)		Core	1
bbdfa5080	2025-06-22	other		[GEN][ZH] Prevent dereferencing NULL pointer 'font' in W3DFontLibrary::releaseFontData() (#1143)		GeneralsMD	2
3e33df8d1	2025-06-22	other		[GEN][ZH] Prevent dereferencing NULL pointer 'drawable' in BoneFXUpdate::resolveBoneLocations() (#1142)		GeneralsMD	2
264de8db6	2025-06-22	other		[GEN][ZH] Prevent dereferencing NULL pointer 'damageSource' in TransitionDamageFX::onBodyDamageStateChange() (#1140)		GeneralsMD	2
b32b081e2	2025-06-22	other		[GEN][ZH] Suppress compile warning about buffer overrun while writing to 'm_structuresToRepair' in AIPlayer::repairStructure() (#1139)	ZH-24	GeneralsMD	2
c2b8a73a1	2025-06-22	other		[GEN][ZH] Remove unnecessary NULL pointer test in CommandTranslator::evaluateContextCommand() (#1138)		GeneralsMD	2
c9a4e3a52	2025-06-22	other		[GEN][ZH] Prevent dereferencing NULL pointer 'player' in setObserverWindows() (#1137)		GeneralsMD	2
460c73db4	2025-06-22	other		[GEN][ZH] Remove unnecessary NULL pointer test in SaveLoadMenuSystem() (#1136)		GeneralsMD	2
2a0f3c62a	2025-06-22	other		[GEN][ZH] Fix GEOMETRY_SPHERE & GEOMETRY_CYLINDER treated as GEOMETRY_BOX in PartitionData::calcMaxCoiForShape() (#1135)	ZH-15;ZH-19	GeneralsMD	2
d7bbe6b4c	2025-06-22	other		[GEN][ZH] Prevent using uninitialized memory in PartitionData::updateCellsTouched() (#1134)	ZH-15;ZH-19	GeneralsMD	2
be7f0d4e9	2025-06-22	other		[GEN][ZH] Prevent using uninitialized memory 'result' in PartitionData::calcMaxCoiForShape() (#1133)	ZH-15;ZH-19	GeneralsMD	2
e42d4e43c	2025-06-22	other		[GEN][ZH] Suppress compiler warning about buffer overrun while writing to 'newIndices' in PopulateLobbyPlayerListbox() (#1132)		GeneralsMD	2
da3346591	2025-06-22	other		[GEN][ZH] Prevent using uninitialized memory 'delta' in Dict::ensureUnique() (#1131)		GeneralsMD	2
2e8a2d152	2025-06-22	other		[GEN][ZH] Do not acquire money transaction audio if the play sound parameter is false (#1130)		GeneralsMD	2
75c40d04b	2025-06-22	other		[GEN][ZH] Prevent using uninitialized memory 'locked_rects' in TextureLoader::Load_Thumbnail() (#1129)		GeneralsMD	2
1fbfbe768	2025-06-22	other		[GEN][ZH] Prevent dereferencing NULL pointer 'pbmi' and memory leaks in CreateBMPFile() (#1124)		GeneralsMD	2
d5e18c5da	2025-06-22	other		[GEN][ZH] Remove unnecessary NULL pointer test in CrateCollide::isValidToExecute() (#1110)		GeneralsMD	2
75a3a4b8e	2025-06-22	other		[GEN][ZH] Suppress compiler warning about dereferencing NULL pointer 'builderObj' in PlaceEventTranslator::translateGameMessage() (#1106)		GeneralsMD	2
869822967	2025-06-22	other		[GEN][ZH] Remove unnecessary NULL pointer tests in RTS3DScene::RTS3DScene() (#1105)	ZH-19	GeneralsMD	2
1ebbf5c67	2025-06-22	other		[ZH] Prevent dereferencing NULL pointer 'state' in StateMachine::xfer() (#1100)	ZH-24	GeneralsMD	1
5104ace04	2025-06-22	other		[GEN][ZH] Add Replay Simulation feature (#923)		Core;GeneralsMD	49
0279a8cbf	2025-06-21	other		[GEN][ZH] Fix using uninitialized memory 'buff' in INI::getNextQuotedAsciiString() (#1097)		GeneralsMD	2
f7f26a4fa	2025-06-21	other		[GEN][ZH] Fix dereferencing NULL pointer 'victimObj' in WeaponTemplate::estimateWeaponTemplateDamage() (#1093)		GeneralsMD	2
795c025b7	2025-06-21	other		[GEN][ZH] Prevent unlikely buffer overrun while writing to 'newPts' in PolygonTrigger::reallocate() (#1091)		GeneralsMD	2
fd0cb36b2	2025-06-21	other		[CORE] Fix copying of RefCountClass, RefCountValue (#1081)		Core	1
37b73d72f	2025-06-21	other		[GEN][ZH] Fix incorrect default Resolution selection in the Options Menu when the loaded Resolution does not match the active Display Resolution (#1056)		GeneralsMD	2
e83038f7b	2025-06-21	other		[GEN][ZH] Fix using uninitialized memory 'window' in GameWindowManagerScript's createGadget (#1127)		GeneralsMD	2
80e8b23ee	2025-06-21	other		[GEN][ZH] Fix dereferencing NULL pointer 'CBScheme->m_buttonQueueImage' in ControlBarSchemeManager::preloadAssets() (#1126)		GeneralsMD	2
ef82fdf1e	2025-06-21	other		[GEN][ZH] Add missing break keywords between switch labels in W3DProjectedShadow, W3DDisplay, W3DWater (#1125)	ZH-08	GeneralsMD	6
42bf7b9db	2025-06-21	other		[GEN][ZH] Prevent using uninitialized memory 'hr' in W3DShaderManager::LoadAndCreateD3DShader() (#1123)		GeneralsMD	2
896c0bc32	2025-06-21	other		[GEN][ZH] Prevent dereferencing NULL pointer 'button' in ScriptActions::doCameoFlash() (#1121)		GeneralsMD	2
b8685612e	2025-06-21	other		[GEN][ZH] Remove unnecessary NULL pointer test in UpdateSlotList() (#1120)		GeneralsMD	4
d96ccec5c	2025-06-21	other		[GEN][ZH] Write correct call to super class in constructor of GameSpyGameSlot (#1113)		GeneralsMD	2
7fd52451c	2025-06-21	other		[GEN][ZH] Fix dereferencing NULL pointer 'ext' in DX8Wrapper::_Create_DX8_Surface() (#1112)		GeneralsMD	2
c8625aeb5	2025-06-21	other		[GEN][ZH] Prevent buffer overrun while writing to 'new_types', 'new_lensflares' in DazzleRenderObjClass (#1111)		GeneralsMD	2
246b43f08	2025-06-21	other		[GEN][ZH] Fix heap-use-after-free in DisconnectManager::update() (#1103)		GeneralsMD	2
adacc2292	2025-06-21	other		[GEN][ZH] Prevent dereferencing NULL pointer 'that' in PhysicsBehavior::transferVelocityTo() (#1101)		GeneralsMD	2
9615d2169	2025-06-21	other		[GEN][ZH] Prevent dereferencing NULL pointer 'TheAI' in AI::parseAiDataDefinition() (#1096)	ZH-24	GeneralsMD	2
9d64a430c	2025-06-21	other		[GEN][ZH] Fix using uninitialized memory 'curVictim' in EMPUpdate (#1094)		GeneralsMD	2
af35ed98b	2025-06-21	other		[GEN][ZH] Prevent reading invalid data in LoadScreen (#1090)		GeneralsMD	2
915bd6498	2025-06-21	other		[GEN][ZH] Prevent dereferencing NULL pointer 'tex' in WW3DAssetManager::Get_Texture() (#1089)		GeneralsMD	2
0ebdeebbb	2025-06-21	other		[GEN][ZH] Prevent using uninitialized memory 'start', 'end' in BridgeScaffoldBehavior::update() (#1088)	ZH-02	GeneralsMD	2
093416a8a	2025-06-21	other		[GEN][ZH] Prevent using uninitialized memory 'offset_u' in W3DTankDraw, W3DTankTruckDraw (#1086)		GeneralsMD	4
1c8b33d30	2025-06-21	other		[GEN][ZH] Annotate fallthrough between various switch case labels (#1085)		Core;GeneralsMD	25
2a179d8ad	2025-06-21	other		[ZH] Fix heap-use-after-free in LayersList::updateUIFromList() when creating a new map in World Builder (#1098)		GeneralsMD	1
cc7dbee99	2025-06-21	other		[GEN][ZH] Downgrade debug assertion to log for isPathInDirectory (#1128)		GeneralsMD	4
52b6eb066	2025-06-21	other		[GEN][ZH] Replace TheGlobalData macro with inline variable to make debugging easier (#1118)		GeneralsMD	2
2389b0944	2025-06-20	other		[ZH] Remove unnecessary NULL pointer test in ..CrateCollide::executeCrateBehavior (#1109)		GeneralsMD	2
ad7640d83	2025-06-20	other		[CORE] Prevent dereferencing NULL pointer 't' in Record_Texture_End() (#1108)	ZH-25	Core	1
524773239	2025-06-20	other		[ZH] Prevent dereferencing NULL pointer 'ppi' in FlightDeckBehavior::exitObjectViaDoor() (#1107)		GeneralsMD	1
818680e86	2025-06-20	other		[GEN][ZH] Fix dereferencing NULL pointer 'hostStruct' in PingThreadClass::Thread_Function() (#1102)		GeneralsMD	4
6026f2ce0	2025-06-20	other		[GITHUB] Disable VCPKG builds and remove INTERNAL builds to speed up CI (#1115)			1
51afe0c6d	2025-06-19	other		[CORE] Fix compile error "friend cannot be used with static" in mangler's and matchbot's threadfac.h (#1104)		Core	2
ef5fea1e4	2025-06-19	other		[GEN][ZH] Fix missing return value of StateMachine::Num_Refs() (#1082)	ZH-24	GeneralsMD	2
40a21af51	2025-06-19	other		[CORE][GEN][ZH] Make tools compile with clang-cl in VS2022 (#1039)		Core;GeneralsMD	14
d19cccd14	2025-06-19	other		[GEN][ZH] Make games compile with clang-cl in VS2022 (#888)	ZH-17	Core;GeneralsMD	36
887892d4f	2025-06-19	other		[GEN][ZH] Fix security issue in map transfer by validating file paths when creating real paths from portable paths (#1058)		GeneralsMD	18
cdffbac6e	2025-06-19	other		[GEN][ZH] Fix erroneous fflush(NULL) in RecorderClass::updateRecord() (#1077)		GeneralsMD	2
a2eb85643	2025-06-19	other		[GEN][ZH] Significantly improve runtime performance by removing extraneous call to fflush in RecorderClass::writeToFile() (#1076)		GeneralsMD	2
abbb1913e	2025-06-18	other		[GEN][ZH] Prevent IP options from changing when changing the Display Resolution in the Options Menu (#1060)		GeneralsMD	2
3c9397c30	2025-06-18	other		[GEN][ZH] Refactor evacuation code in OpenContain, TunnelContain (#1007)		GeneralsMD	5
824ca017c	2025-06-18	other		[CORE] Fix wrong loop increment in GeneralsMatcher::checkMatchesInUserMap() (#1080)		Core	1
b5ebe6333	2025-06-18	other		[GEN][ZH] Fix Lan player tooltip (#408)		GeneralsMD	4
2b74bdad0	2025-06-18	other		[GEN][ZH] Change reference counter implementation for StateMachine to avoid mismatch with Retail (#1078)	ZH-24	Core;GeneralsMD	3
1165fff0e	2025-06-17	other		[GEN][ZH] Separate ParticleUplinkCannonUpdate's damage radius calculation from LaserUpdate's client update (2) (#1061)		GeneralsMD	2
83c058f7f	2025-06-17	other		[GEN][ZH] Refactor and clean up Command Line parsing (#1068)		GeneralsMD	10
1b60047cf	2025-06-17	other		[GEN][ZH] Fix some RTS_DEBUG and RTS_INTERNAL defines (#1070)		GeneralsMD	7
f9d7a6628	2025-06-16	other		[GEN][ZH] Remove unnecessary 3 seconds delay from game startup (#1069)		GeneralsMD	2
8b5ed7d9a	2025-06-16	other		[ZH] Revert fix for uninitialized cellBounds in Pathfinder::classifyFence() for VC6 builds to avoid mismatching with Retail (#1075)		GeneralsMD	1
af9710447	2025-06-16	other		[GEN][ZH] Simplify RecorderClass::appendNextCommand() (#1016)		GeneralsMD	2
007b3aeab	2025-06-15	other		[ZH] Set correct fake CRC for Zero Hour CD 1.04 (#1051)		GeneralsMD	2
4461232c8	2025-06-15	other		[GEN][ZH] Fix clang compile errors with enums FilterTypes, FilterModes, BodyDamageType (#1071)	ZH-02;ZH-04;ZH-24	GeneralsMD	20
68d9f9992	2025-06-15	other		[GEN][ZH] Refactor non-trivial string objects as variadic function parameter (#1062)	ZH-01;ZH-02;ZH-04;ZH-24	Core;GeneralsMD	48
d92834c81	2025-06-13	other		[CORE] Change memory order for std::atomic_flag::test_and_set in FastCriticalSectionClass and ProfileFastCS (#1057)		Core	2
68d4db323	2025-06-13	other		[GEN][ZH] Fix static initialization order for StatDumpClass and LogClass (#1003)		GeneralsMD	12
eea0e7e03	2025-06-12	other		[GEN][ZH] Fix crash in OpenContain::processDamageToContained() when killed occupants kill the host container (#1019)		GeneralsMD	2
e8b55f53e	2025-06-12	other		[GEN][ZH] Prevent a custom Display Resolution from changing when making other changes in the Options Menu (#1030)		GeneralsMD	2
2934adb22	2025-06-12	other		[GEN][ZH] Disable the Firewall Port Override and HTTP Proxy settings from the Options Menu when in-game (#1029)		GeneralsMD	2
0d713f23e	2025-06-12	other		[GEN][ZH] Prevent crashing from evaluating and saving disabled options in the Options Menu (#1028)		GeneralsMD	2
db0730fbd	2025-06-11	other		[GEN][ZH] Clear and assert GameWindow user data to avoid dangling pointers and memory leaks (#1027)		GeneralsMD	42
d981516dc	2025-06-11	other		[GEN][ZH] Fix Clang, GCC compile errors from static enum declarations (#1053)		GeneralsMD	10
e085a6f37	2025-06-11	other		[GEN][ZH] Add message with additional information on CRC mismatch in Replay playback (#1052)		GeneralsMD	2
ecd6507a6	2025-06-11	other		[GEN][ZH] Initialize all uninitialized variables in AIPathfind (#1043)		GeneralsMD	2
3e956f12a	2025-06-11	other		[ZH] Refactor logical expression in AcademyStats::init() (#1047)		GeneralsMD	1
234c88208	2025-06-11	other		[GEN][ZH] Refactor logical expression in SelectionTranslator::translateGameMessage() (#1046)		GeneralsMD	2
433788d72	2025-06-11	other		[CORE] Fix wrong comparison expression in unused OBBoxClass::operator!= (#1045)		Core	1
2ef7384c8	2025-06-11	other		[GEN][ZH] Fix logical expressions for TheGlobalData in TerrainTex and W3DShaderManager (#1044)		GeneralsMD	4
96055d625	2025-06-11	other		[GEN][ZH] Move CButtonShowColor header from source to include directory (#1042)		GeneralsMD	4
9efbc11eb	2025-06-11	other		[ZH] Fix compiler warnings for incorrect include file names in wdump (#1041)		GeneralsMD	10
0720a4e5f	2025-06-11	other		[CORE] Fix compiler warnings for incorrect include file names in W3DView (#1040)		Core	110
ec2c22ebb	2025-06-11	other		Revert "[GEN][ZH] Decouple the Game Logic update in ParticleUplinkCannonUpdate from the Orbit To Ground Laser drawable (#976)" (#1050)		GeneralsMD	2
92ea8b3c4	2025-06-09	other		Update README.md (#515)			1
9eac3d354	2025-06-09	other		[GEN][ZH] Improve Replay Menu to show names of missing maps in red color (#1022)		GeneralsMD	2
1d8109f73	2025-06-09	other		[GEN][ZH] Fix broken List Box when it contains tall rows (#1023)		GeneralsMD	2
b81f1b0b6	2025-06-08	other		[GEN][ZH] Fix hollow BOX particles treated as LINE particles in ParticleSystem::computeParticlePosition() (#756)		GeneralsMD	2
86587a825	2025-06-07	other		[ZH] Fix crash in TunnelContain::killAllContained() when killed occupants kill the host container (#1006)		GeneralsMD	3
74b42c4c4	2025-06-07	other		[CORE] Cleanup wwmath header for consistency (#1013)		Core	1
b2b2cb5e8	2025-06-07	other		[CORE] Fix up RefCountClass, RefCountPtr<T> (#1002)	ZH-24	Core;GeneralsMD	4
2c3051657	2025-05-31	other		[GEN][ZH] Implement new GUI error dialogs when attempting to load a Replay that was deleted or whose map is missing (#992)		Core;GeneralsMD	7
fc2ffd1f6	2025-05-31	other		[GEN][ZH] Move Replay Map info related code from PopulateReplayFileListbox to new function (#992)		GeneralsMD	2
10b1f2c58	2025-06-01	other		[GEN][ZH] Prevent dereferencing NULL pointer 'pSL' in GameLogic::startNewGame() when starting a new game without a map (#993)		GeneralsMD	2
692e45210	2025-05-25	other		[GEN][ZH] Prevent dereferencing NULL pointer 'md' in populateRandomStartPosition() when starting a new game without a map (#993)		GeneralsMD	2
294066960	2025-06-06	other		[GEN][ZH] Fix game crash in AIGroup::friend_moveFormationToPos() (#988)		GeneralsMD	2
15319afb2	2025-06-06	other		[ZH] Remove unnecessary try catch block in ~PlayerList() (#1015)		GeneralsMD	2
0942bed2a	2025-06-06	other		[GEN][ZH] Fix crash on GameEngine shutdown when GameLogic::clearGameData() was not called before (#1001)		GeneralsMD	2
0a1589e93	2025-06-06	other		[GEN][ZH] Remove superfluous ARRAY_SIZE macro in StagingRoomGameInfo.cpp (#1008)		GeneralsMD	2
4bbf0c019	2025-06-06	other		[CORE] Remove naked function declaration for WWMath::Inv_Sqrt (#1009)		Core	1
2856a23ca	2025-06-06	other		[GEN][ZH] Fix ParticleUplinkCannonUpdate mismatch, introduced by previous refactoring (#1012)		GeneralsMD	2
ef17abf69	2025-06-04	other		[GEN][ZH] Decouple the Game Logic update in ParticleUplinkCannonUpdate from the Orbit To Ground Laser drawable (#976)		GeneralsMD	2
08b06e361	2025-06-03	other		[GEN][ZH] Improve Network logging (#406)		GeneralsMD	26
df099f6bb	2025-06-03	other		[CORE] Change StringClass::Peek_Buffer functions to mutable Peek_Buffer and immutable str (#996)	ZH-01;ZH-25	Core;GeneralsMD	14
a42709776	2025-06-02	other		[ZH] Mark created files present in the FileSystem to prevent map.ini load failure after Network map transfer (#991)		GeneralsMD	1
42d5c3a3c	2025-06-01	other		[GEN][ZH] Fix logical errors with RecorderClass::testVersionPlayback() (#989)		GeneralsMD	6
0bef4c91a	2025-06-01	other		[GEN][ZH] Fix crash when exiting Replay playback while a player places a beacon (2) (#972)		GeneralsMD	2
de85be4b3	2025-06-01	other		[GEN][ZH] Fix crash when exiting Replay playback while a player places a beacon (#971)		GeneralsMD	4
5121f07be	2025-06-01	other		[GEN][ZH] Add Windows application manifest to tell Windows that the App is DPI aware (#595)		GeneralsMD	6
cc0e46149	2025-06-01	other		[GEN][ZH] Implement default key mapping for TOGGLE_FAST_FORWARD_REPLAY (#970)		GeneralsMD	2
241601959	2025-05-31	other		[GEN][ZH] Move duplicate code to load replay with into new function (#984)		GeneralsMD	2
d7d52e8b0	2025-05-31	other		[GEN][ZH] Fix missing OLDER REPLAY VERSION dialog when double clicking a replay to load (#984)		GeneralsMD	2
4a723fda1	2025-05-31	other		[GEN][ZH] Implement feature to Pause and Step Frames in Replay playback (#969)		GeneralsMD	18
13a19a9c0	2025-05-31	other		Improve use of RETAIL_COMPATIBLE_CRC macro (#983)		GeneralsMD	4
9a1b76171	2025-05-31	other		[GEN][ZH] Implement fake CRC for Generals CD 1.08, Zero Hour CD 1.04 executable compatibility (#965)		GeneralsMD	5
f603a129d	2025-05-31	other		[ZH] Fix crash in OpenContain::killAllContained() when killed occupants kill the host container (#921)		GeneralsMD	1
9e2df4e2b	2025-05-30	other		[GEN][ZH] Implement Network Lobby support for multi instance clients (#906)		GeneralsMD	10
01e364b86	2025-05-30	other		[GEN][ZH] Implement new user data ini files for multi instance clients (#905)		GeneralsMD	16
23da9ba1a	2025-05-30	other		[GEN][ZH] Fix wrong assert condition in ClientInstance::getInstanceIndex() (#977)		GeneralsMD	2
cfc9ea652	2025-05-30	other		[GEN][ZH] Add null pointer tests in AIUpdateInterface::privateCommandButtonObject(), privateGuardObject() (#973)		GeneralsMD	2
148aa7f36	2025-05-29	other		[GEN][ZH] Fix crash in AIUpdateInterface::privateMoveAwayFromUnit() when a delayed AICommandParms relates to a then deleted object (#964)		GeneralsMD	2
a72a1bf7c	2025-05-29	other		[GEN][ZH] Fix compiler warnings for issues with string literals (#945)		GeneralsMD	4
8b92568fb	2025-05-28	other		[ZH] Fix compiler warning for incorrect include file name (#944)		GeneralsMD	3
ce74d2710	2025-05-28	other		[GEN][ZH] Separate ParticleUplinkCannonUpdate's damage radius calculation from LaserUpdate's client update (#874)		Core;GeneralsMD	14
c56e24d2c	2025-05-28	other		[GEN][ZH] Fix crash in StateMachine when a chained StateMachine update deletes the executor StateMachine (#890)	ZH-24	Core;GeneralsMD	5
671f8b42f	2025-05-27	other		[GEN][ZH] Fix array new / scalar delete mismatches in GameEngine, GameEngineDevice (#947)		GeneralsMD	9
b37394089	2025-05-27	other		[GEN][ZH] Fix compiler warnings about missing return values for non-void functions (#955)		Core;GeneralsMD	4
40389ba37	2025-05-27	other		[ZH] Fix mistakenly ignored test in comma-separated expression in FlightDeckBehavior::buildInfo() (#948)		GeneralsMD	1
ddb68570a	2025-05-27	other		Fix compiler warnings for const qualifier on value return type (#943)	ZH-18	Core;GeneralsMD	20
2141f50e3	2025-05-27	other		[GEN][ZH] Remove obsolete copy-protection code (#958)		Core;GeneralsMD	27
0c39c8a5e	2025-05-26	other		[CORE] Remove unused variables in assignment operators of Vector3Randomizer classes (#957)		Core	2
85972b183	2025-05-26	other		[GEN][ZH] Remove obsolete and wrong code in listGroupRoomsCallback() (#946)		GeneralsMD	2
dffeac4f1	2025-05-26	other		[GEN][ZH] Fix incorrect grid resolution update condition in WaterRenderObjClass::setGridResolution() (#950)		GeneralsMD	2
d94172c4c	2025-05-26	other		[GEN][ZH] Fix incorrect size argument for memset in FileSystem::getFileInfo() (#949)		GeneralsMD	2
600cc2aee	2025-05-26	other		[GEN][ZH] Add parentheses around bit operations in locoSetMatches() (#951)		GeneralsMD	2
15e30cc44	2025-05-26	other		[GEN][ZH] Set correct size for array parameter in BezierSegment function declaration (#952)		GeneralsMD	2
f077c6c99	2025-05-26	other		[GEN][ZH] Fix compiler warnings for redundant parentheses in if statement (#956)		GeneralsMD	10
9c20c27be	2025-05-25	other		[GEN][ZH] Fix global-buffer-overflow at GUI_COMMAND_EXIT_CONTAINER in ControlBar::processCommandUI() (#922)		GeneralsMD	2
15a53d5c4	2025-05-24	other		[GEN][ZH] Fix crash when taking a screenshot while the Game Window clips over the screen edge (#892)		GeneralsMD	4
228f7fe9b	2025-05-23	other		[GEN][ZH] Prevent executing death modules and spawning new objects to avoid asserts and crashes when unloading a map and destroying all objects (#898)		GeneralsMD	2
27a50054e	2025-05-23	other		[ZH] Add missing call to IDirect3DSurface8::UnlockRect in W3DSmudge's copyRect (#893)		GeneralsMD	1
ff63f7547	2025-05-23	other		[GEN][ZH] Revert to uninitialized variable in AiPathFind::findGroundPath for VC6 builds to avoid mismatch with retail builds (#904)		GeneralsMD	2
c25825e6c	2025-05-22	other		[ZH] Implement Headless Mode (#651)	ZH-01;ZH-02;ZH-04	GeneralsMD	36
95980dc8f	2025-05-21	other		[GEN][ZH] Rename MemoryPoolObject::deleteInstance to MemoryPoolObject::deleteInstanceInternal (#889)		GeneralsMD	4
c8eb72c45	2025-05-20	other		[ZH] Unify code of AsciiString (#799)		GeneralsMD	4
91b5eb80d	2025-05-19	other		[GEN][ZH] Add additional logging for calls to DX8Wrapper::Reset_Device (#883)		GeneralsMD	4
9ff7ba29d	2025-05-19	other		[GEN][ZH] Fix Alt-tabbing crash (#846)		GeneralsMD	4
5cd47afd2	2025-05-19	other		[GEN][ZH] Fix crash in W3DBufferManager when a shadow buffer limit is exceeded (#879)	ZH-08	GeneralsMD	4
be0f69683	2025-05-19	other		[GEN][ZH] Fix heap-use-after-free in ScoreScaleUpTransition::draw and dangling pointers to GameWindow in WindowTransitions (#848)		GeneralsMD	10
84f902fd1	2025-05-19	other		[GEN][ZH] Fix compiler warnings for signed/unsigned mismatch of loop indices (#804)	ZH-04	Core;GeneralsMD	79
ce9d3d765	2025-05-18	other		[GEN][ZH] Fix undefined behavior in WindowLayout::destroyWindows (#878)		GeneralsMD	24
f5b8563ed	2025-05-18	other		[GEN][ZH] Fix infinite loop in ParticleSystemManager::update (#877)		GeneralsMD	2
e61cef2ce	2025-05-18	other		[GEN][ZH] Pause replay on CRC mismatch (#876)		GeneralsMD	2
147e9441d	2025-05-16	other		[GEN][ZH] Remove the now obsolete MEMORY_POOL_DELETEINSTANCE_VISIBILITY macro (#870)		GeneralsMD	4
8bd6d8132	2025-05-16	other		[GEN][ZH] Simplify calls to MemoryPoolObject::deleteInstance (#870)	ZH-01;ZH-04;ZH-07;ZH-15;ZH-18;ZH-19;ZH-24	Core;GeneralsMD	282
c73a79ab1	2025-05-16	other		[GEN][ZH] Fix undefined behavior with MemoryPoolObject::deleteInstance (#870)	ZH-01;ZH-04;ZH-07;ZH-15;ZH-18;ZH-19;ZH-24	Core;GeneralsMD	282
e99e0c08f	2025-05-16	other		Add python script to refactor most calls to deleteInstance (#870)			1
696cb63bd	2025-05-17	other		[GEN][ZH] Fix unsafe calls to _vsnprintf, _vsnwprintf, _snprintf, _snwprintf (#858)	ZH-25	Core;GeneralsMD	44
f47115ff1	2025-05-17	other		[GEN][ZH] Fix missing call to va_end in InGameUI::messageColor() (#872)		GeneralsMD	2
d44d90151	2025-05-16	other		[GEN][ZH] Center Game App Window on startup and resolution change (#541)		GeneralsMD	6
e65006ea8	2025-05-16	other		[GEN][ZH] Demote throw to assert in AsciiString::ensureUniqueBufferOfSize, UnicodeString::ensureUniqueBufferOfSize, Dict::ensureUnique (#861)		GeneralsMD	6
455dfabc1	2025-05-16	other		[GEN][ZH] Demote throw to assert in InGameUI::message, InGameUI::messageColor (#860)		GeneralsMD	6
0b628dde5	2025-05-16	other		[CORE] Fix VC6 compile error in max2w3d pluglib (#859)		Core	2
ce756df3f	2025-05-15	other		[GEN][ZH] Fix several potential buffer overruns in game code (#849)		Core;GeneralsMD	12
84aa95b3e	2025-05-13	other		[GEN][ZH] Enable use of Wave Editor in release build (#851)		GeneralsMD	2
ee7cc0e3a	2025-05-12	other		[GEN][ZH] Fix game halting when left Alt key is pressed (#837)		GeneralsMD	2
4154e9e57	2025-05-11	other		[GEN][ZH] Fix memory leak in SpecialAbilityUpdate::isWithinStartAbilityRange() (#845)		GeneralsMD	2
03959871d	2025-05-11	other		[GEN][ZH] Fix memory leak in SortingRendererClass::Insert_To_Sorting_Pool() (#844)		GeneralsMD	2
1b1682d5b	2025-05-11	other		[GEN][ZH] Initialize supplyTruck variable (#820)	ZH-24	GeneralsMD	2
62719fdf6	2025-05-10	other		[CMAKE] Disable game memory if ASAN is enabled (#833)			1
0e1bc6365	2025-05-10	other		[GEN][ZH] Demote throw to assert in AsciiString::format_va, UnicodeString::format_va (#835)		GeneralsMD	4
b10267dd2	2025-05-09	other		[GEN][ZH] Fix compile error in RecorderClass::cleanUpReplayFile when building RTS_DEBUG without DEBUG_LOGGING (#832)		GeneralsMD	2
7fff04440	2025-05-09	other		[GEN][ZH] Fix crash when DEBUG_CRASHING is enabled and loading a replay with unicode characters (#824)		GeneralsMD	2
7d884ad64	2025-04-28	other		[GEN][ZH] Fix DisplayString memory leak in ~W3DDisplay() (#623)		GeneralsMD	2
29f73797e	2025-04-20	other		[GEN][ZH] Remove redundant mesh unregister call in ~MeshModelClass() (#623)		GeneralsMD	2
939ee2a6f	2025-04-21	other		[GEN][ZH] Fix FileSystems memory leak on null filenames (#623)		GeneralsMD	4
28911dee9	2025-04-16	other		[GEN][ZH] Fix particle systems memory leak in ~W3DTankDraw() (#623)		GeneralsMD	2
797798383	2025-04-13	other		[ZH] Fix weather settings memory leak in ~SnowManager() (#623)		GeneralsMD	1
a445c2a79	2025-04-13	other		[GEN][ZH] Fix production queue items memory leak in ~ProductionUpdate() (#623)		GeneralsMD	2
96ebf330f	2025-04-07	other		[GEN][ZH] Fix material memory leak in ~W3DLaserDraw() (#623)		GeneralsMD	2
d3bed7133	2025-05-08	other		[GEN][ZH] Fix buffer overrun and memory leaks in listbox properties of GUIEdit (#796)		GeneralsMD	2
4f1f4896d	2025-05-07	other		[GEN][ZH] Add endian compat for BIGFileSystems (#798)		GeneralsMD	5
2467451ed	2025-05-07	other		[GEN][ZH] Fix CRC debug logger deleting logs when shellmap is loaded (#825)		GeneralsMD	2
dffe08de2	2025-05-07	other		[GEN] Fix wrong water color on radar (#823)		GeneralsMD	2
e8dd39b45	2025-05-06	other		[CORE] Unify and move GameEngine's Xfer files to Core (#821)		Core;GeneralsMD	22
78b79611d	2025-05-06	other		[GEN][ZH] Fix dangling pointer in StealthUpdate::update() when GLA Bomb Truck changes disguise (#816)		GeneralsMD	2
2713267ad	2025-05-05	other		[CORE] Move debug and profile libraries from Zero Hour to Core (#819)		Core;GeneralsMD	80
0820395d7	2025-05-05	other		[GEN][ZH] Remove obsolete template.h, benchmark.h (#818)		GeneralsMD	5
afd9c30aa	2025-05-05	other		[GEN][ZH] Fix possible division by zero in W3DCommandBarGenExpDraw() (#810)		GeneralsMD	2
916ee74cb	2025-05-05	other		[CORE] Move many unified WW3D2 library files to Core (#814)	ZH-19;ZH-25	Core;GeneralsMD	288
dfef05f99	2025-05-04	other		[CMAKE] Use CMAKE_CURRENT_SOURCE_DIR instead of dot for current directories (#812)		Core;GeneralsMD	13
ad3b031b1	2025-05-04	other		[CMAKE] Clean up some comments in CMake scripts (#811)		Core;GeneralsMD	10
e2064f21e	2025-05-04	other		[GEN][ZH] Fix dangling pointer at Player::m_defaultTeam when Team is destroyed (#809)		GeneralsMD	2
0f96db47e	2025-05-04	other		[CORE] Move WWAudio library files to Core (#802)	ZH-19	Core;GeneralsMD	92
f4811332a	2025-05-04	other		[GEN][ZH] Fix compile warnings related to the use of printf and scanf (#808)		Core;GeneralsMD	9
757e6385d	2025-05-04	other		[GEN][ZH] Fix compile warnings from implicit unsigned long to HRESULT conversions in Win32DIKeyboard (#807)		GeneralsMD	2
ef93f8e48	2025-05-04	other		[GEN][ZH] Fix compile warnings from the use of deprecated register keywords (#806)		GeneralsMD	4
47e08d096	2025-05-03	other		[GEN][ZH] Fix missing rename for RTS_DEBUG, RTS_INTERNAL, RTS_PROFILE (#803)	ZH-20	Core;GeneralsMD	36
8d6e26cfc	2025-05-02	other		[GEN][ZH] Implement multi instance support for the game client (#794)		GeneralsMD	15
ce5d68358	2025-05-02	other		[GEN][ZH] Fix and simplify the use of the log file in RecorderClass (#795)		GeneralsMD	6
5c494847c	2025-05-02	other		[GEN][ZH] Remove obsolete sec file presence checks (#788)		GeneralsMD	2
d2e5d6007	2025-05-01	other		[GEN][ZH] Unify code of GameAudio and MilesAudioManager (#782)		GeneralsMD	6
d7f7b3758	2025-05-01	other		[GEN][ZH] Fix uninitialized variable read in ConnectionManager::allCommandsReady() (#792)		GeneralsMD	2
f49b44fbd	2025-05-01	other		[GEN][ZH] Remove all instances of stopAllAmbientsBy() (#793)		GeneralsMD	6
70e9eba71	2025-05-01	other		[CORE] Build non-vcpkg builds with zlib-1.1.4 again (#770)		Core	4
16343f346	2025-03-10	other		[GEN][ZH] Compile out duplicate serial check in LAN lobby (#789)		GeneralsMD	2
60ab32b4d	2025-04-30	other		[GEN][ZH] Remove the unused Wwutil library (#786)		Core;GeneralsMD	13
bf71daf00	2025-04-29	other		[CORE] Move WWDownload library files to Core (#785)		Core;GeneralsMD	26
cdd8d6415	2025-04-29	other		[GEN][ZH] Unify all code of WWDownload (#785)		GeneralsMD	7
f9bdaa83a	2025-04-29	other		[GEN][ZH] Change _RELEASE macro to RTS_RELEASE (#780)		GeneralsMD	2
8686b985e	2025-04-29	other		[GEN][ZH] Change _PROFILE macro to RTS_PROFILE (#780)		GeneralsMD	8
df065179d	2025-04-29	other		[GEN][ZH] Change _INTERNAL macro to RTS_INTERNAL (#780)	ZH-01;ZH-02;ZH-03;ZH-04;ZH-08;ZH-15;ZH-17;ZH-18;ZH-19;ZH-20;ZH-24;ZH-25	Core;GeneralsMD	741
02d4ad9f3	2025-04-29	other		[GEN][ZH] Change _DEBUG macro to RTS_DEBUG (#780)	ZH-01;ZH-02;ZH-03;ZH-08;ZH-15;ZH-18;ZH-19;ZH-20;ZH-24;ZH-25	Core;GeneralsMD	490
dd2890c6e	2025-04-29	other		[CORE] Unify remaining WWMath (#745)		Core;GeneralsMD	16
7735f6f75	2025-04-29	other		[GEN][ZH] Fix DEBUG_CRC compile errors (#778)		GeneralsMD	8
82b0957df	2025-04-21	other		[GITHUB] Increment build timeout for FFmpeg (#714)			1
13faf3c8e	2025-04-20	other		[ZH][LINUX][CMAKE] Add option to enable FFmpeg support (#714)		GeneralsMD	4
285dee9fb	2025-04-19	other		[ZH][LINUX] Add FFmpegVideoPlayer as video backend (#714)		GeneralsMD	3
f44428b65	2025-04-19	other		[ZH][LINUX] Add FFmpegFile for AVIO abstraction (#714)		GeneralsMD	3
9bcdbb971	2025-04-29	other		[GEN][ZH] Fix replay header mismatch between builds using 32 bit or 64 bit wide time_t (#765)		GeneralsMD	2
bea27c102	2025-04-28	other		[GEN][ZH] Fix wrong class member set to INVALID_DRAWABLE_ID in ParticleUplinkCannonUpdate::createGroundToOrbitLaser() (#729)		GeneralsMD	2
dc0ff50b5	2025-04-28	other		[CMAKE] Fix feature infos of debug options (#768)			1
3feb3fcd6	2025-04-08	other		[GEN][ZH] Fix uninitialized costSoFar variable in AIPathfind::findGoundPath() (#632)		GeneralsMD	2
8b7b0470e	2025-04-08	other		[ZH] Fix partly uninitialized cellBounds variable in AIPathfind::classifyFence() (#632)		GeneralsMD	1
092a2d225	2025-04-27	other		[GEN][ZH] Fix uninitialized supplyTruck variable in AiPlayer::onUnitProduced() (#653)	ZH-24	GeneralsMD	2
a3ae61d4f	2025-04-20	other		[GEN][ZH] Fix projectileHandleCollision iterator usage in DumbProjectileBehavior to conform to STL (#728)		GeneralsMD	2
700fa4e9b	2025-04-20	other		[GEN][ZH] Fix projectileHandleCollision iterator usage in MissileAIUpdate to conform to STL (#728)		GeneralsMD	2
5005ed360	2025-04-20	other		[GEN][ZH] Fix uninitialized memory read in DockUpdate::loadDockPositions() (#731)		GeneralsMD	2
898fab56d	2025-04-20	other		[GEN][ZH] Fix drawable assignment in StealthUpdate::changeVisualDisguise() (#730)		GeneralsMD	2
bc7afb8d6	2025-04-18	other		[CORE] Move W3DView files to Core and setup independent W3DView executables for Generals and Zero Hour (#709)		Core;GeneralsMD	241
d5ffc5289	2025-04-27	other		[CMAKE] Remove vcpkg toolchain from default windows cmake presets and add new cmake presets with vcpkg toolchain (#769)			3
bf30c3ce4	2025-04-26	other		[GEN][ZH] Fix incorrectly initialized bool GhostObject::m_parentGeometryIsSmall (#767)		GeneralsMD	2
6ae9eba14	2025-04-26	other		[GEN][ZH] Reset DrawableID on map load to avoid massive id growth over the lifetime of the game (#657)		GeneralsMD	2
7c1b1ac3f	2025-04-25	other		[ZH] Add range check in removeDrawableFromLookupTable and removeObjectFromLookupTable (#764)		GeneralsMD	2
7620c18f3	2025-04-25	other		Revert "[GEN][ZH] Refactor GameLogic::reset to avoid "vector subscript out of range" debug error (#645)" (#764)		GeneralsMD	2
79630dd77	2025-04-24	other		[CORE] Move Launcher, DatGen tool files to Core (#741)		Core;GeneralsMD	107
9d720754b	2025-04-21	other		[GEN][ZH] Unify code of Launcher, DatGen tool (#741)		GeneralsMD	16
9cc24d7d1	2025-04-22	other		[CORE] Move PATCHGET tool files to Core (#746)		Core;GeneralsMD	46
ff66efce6	2025-04-22	other		[GEN][ZH] Unify code of PATCHGET tool (#746)		GeneralsMD	4
be70d4e85	2025-04-24	other		[CORE] Move DebugWindow tool to Core (#748)		Core;GeneralsMD	30
a4fac78ce	2025-04-24	other		[CMAKE] Move all RTS cmake options into early config-build.cmake to prevent cmake error on first generation (#753)		Core;GeneralsMD	4
1597a1daa	2025-04-23	other		[CORE] Move MapCacheBuilder tool files to Core (#749)		Core;GeneralsMD	12
d4d3abde9	2025-04-22	other		[CORE] Move ImagePacker tool files to Core (#747)		Core;GeneralsMD	38
28f7afd72	2025-04-22	other		[CORE] Fix logging in wwdebugstub (#737)		Core	1
0f097b2a5	2025-04-21	other		[ZH] Cleanup WDump chunk printing (#740)		GeneralsMD	1
c3e681d0c	2025-04-21	other		[CORE] Move Autorun tool files to Core (#739)		Core;GeneralsMD	132
50f7c70dc	2025-04-21	other		[GEN][ZH] Unify the Autorun tool with changes from JFS (#739)		GeneralsMD	12
bfa989107	2025-04-21	other		[CMAKE] Add VCPKG package manager and use for ZLib (#605)		Core	8
0bc50ad96	2025-03-08	other		[GEN][ZH] Fix broken replay list when it contains a replay with an unknown map (#732)		GeneralsMD	2
f3d7b542e	2025-04-21	other		Revert "[ZH] Use hash maps for Object and Drawable lookups in GameClient, GameLogic like Generals does (#676)" (#735)		GeneralsMD	4
1422e6f8c	2025-04-21	other		[ZH][BFME] Support BINORMAL & TANGENT chunks from BFME (#736)		GeneralsMD	4
cbb2b40b3	2025-04-20	other		[ZH][LINUX] Add C++ 17 based filesystem implementation (#693)		GeneralsMD	10
acda56d76	2025-04-20	other		[ZH] Remove unused code in ThumbnailManagerClass (#727)		GeneralsMD	2
a7c55f115	2025-04-20	other		[CORE] Add a stdint adapter (#712)		Core	6
86e72b4d6	2025-04-20	other		[CORE] Move assetcull, mangler, wolSetup tools to Core (#721)	ZH-01	Core;GeneralsMD	154
33f1516cd	2025-04-20	other		[CORE] Move Babylon tool to Core (#720)		Core;GeneralsMD	135
d38b486f8	2025-04-20	other		[CORE] Move buildversionUpdate, textureCompress, timingTest, versionUpdate tools to Core (#707)		Core;GeneralsMD	31
aef94104c	2025-04-19	other		[GEN][ZH] Remove unused granny related code (#708)	ZH-01;ZH-08;ZH-19	GeneralsMD	10
a1537d187	2025-04-19	other		[CORE] Move matchbot tool to Core (#706)		Core;GeneralsMD	121
ebb7afc3f	2025-04-20	other		[GITHUB] Fix core tools compilation on GitHub CI (#717)		Core	2
72610ea98	2025-04-18	other		[CORE][CMAKE] Fix Linux compilation of WWDebug (#699)		Core	3
68c9b5b2a	2025-04-18	other		[CORE] Add compress functionality to the Compress tool (#702)		Core	1
e53e4d266	2025-04-18	other		[CORE][CMAKE] Fix Linux compilation of WWLib (#698)		Core;GeneralsMD	22
df022c9c6	2025-04-17	other		[GEN] Backport various crash and memory fixes from Zero Hour (#692)		GeneralsMD	25
8210b7679	2025-04-17	other		[CMAKE][CORE] Move CRCDiff tool to Core (#684)		Core;GeneralsMD	30
9b9258e02	2025-04-17	other		[CORE] Enable all supported compression types (#697)		Core	2
fc867b8ca	2025-04-17	other		[CMAKE][CORE] Move max2w3d to Core (#696)	ZH-19	Core;GeneralsMD	419
a7f6f0594	2025-04-16	other		[CMAKE] Make W3DView only depend on WWVegas (#691)		Core;GeneralsMD	4
72afa6baf	2025-04-16	other		[CMAKE][CORE] Move WWSaveLoad and most of WWMath to Core (#694)	ZH-19	Core;GeneralsMD	221
c35b05791	2025-04-16	other		[ZH] Remove WW3D2 dependency from WWAudio (#689)		GeneralsMD	13
34107c574	2025-04-15	other		[ZH] Improve CRC Logging Debug Functionality (#544)		GeneralsMD	9
c47c20265	2025-04-15	other		[CMAKE] Make WDump only depend on WWVegas (#682)		Core;GeneralsMD	5
ccf4584cb	2025-04-14	other		[CMAKE][CORE] Move WWLib and WWDebug to Core (#663)		Core;GeneralsMD	309
2eaf1dc4b	2025-04-14	other		[CMAKE][ZH] Fix compile errors and add cmake options for DEBUG_LOGGING, DEBUG_CRASHING, DEBUG_STACKTRACE, DEBUG_PROFILE (#667)	ZH-15;ZH-19;ZH-24	Core;GeneralsMD	74
b0528cf55	2025-04-14	other		[GEN] Backport WWDebug changes to wwdebug, wwmemlog, wwprofile from Zero Hour (#680)		GeneralsMD	10
4fe88de97	2025-04-14	other		[ZH] Use hash maps for Object and Drawable lookups in GameClient, GameLogic like Generals does (#676)		GeneralsMD	4
e5243f1ba	2025-04-14	other		[CMAKE] Add missing source files to WWVegas CMakeLists, remove duplicate pot source files (#678)		GeneralsMD	7
4ee13fcfc	2025-04-13	other		[CMAKE] Sort CMake source files by alphabet (#677)		Core;GeneralsMD	28
adf9c71c2	2025-04-13	other		Fix intrin_compat.h to work for MinGW (#671)			1
93e98fa7a	2025-04-13	other		[CORE] Fix Compress tool build error (#674)		Core	2
278b40a37	2025-04-13	other		[GEN][ZH] Fix COM related compile errors for MinGW (#672)		Core;GeneralsMD	11
8edcde46f	2025-04-13	other		[CMAKE] Split cmake options for build and memory into separate files (#666)			3
5b804ca74	2025-04-13	other		[GEN][ZH] Add underlying types to enum declarations for GCC build (#665)	ZH-02;ZH-03;ZH-04;ZH-08;ZH-15;ZH-18;ZH-19;ZH-24	Core;GeneralsMD	334
06499f06f	2025-04-13	other		[GEN][ZH] Remove superfluous code of W3DGranny, QuickTrig, WSYS_String, DoCompressTest (#664)	ZH-01;ZH-08;ZH-19	GeneralsMD	41
4e45e90a9	2025-04-12	other		[ZH] Remove the unused WWShade library (#596)	ZH-08	GeneralsMD	73
b71b3a92d	2025-04-12	other		[GEN][ZH] Fix compile errors with ALLOW_TEMPORARIES in WWMath (#603)		GeneralsMD	8
0538f1fd0	2025-04-12	other		[GEN] Backport more of WW3D2 from Zero Hour (#660)	ZH-14	GeneralsMD	62
0e0a875b3	2025-04-12	other		[CMAKE][CORE] Move compression library and compress tool to Core (#649)		Core;GeneralsMD	59
be8c6f288	2025-04-12	other		[GEN][ZH] Decouple Compress from CRCDiff (#658)		GeneralsMD	4
92634b663	2025-04-12	other		[GITHUB] Add PR title and commit message validation workflow (#647)			4
b2581142e	2025-04-11	other		[GEN][ZH] Remove duplicate strtrim implementations (#655)		GeneralsMD	12
315c0efe5	2025-04-11	other		[GEN][ZH] Fix incorrect string copy with overlapping memory regions in AsciiString, UnicodeString, strtrim (#615)		GeneralsMD	6
c5f787b1e	2025-04-11	other		[LINUX][ZH] Use C stdio API in RawFile class (#627)		GeneralsMD	2
066957cf1	2025-04-11	other		[GEN][ZH] Delete obsolete code in WW3D2, W3DView (#636)		GeneralsMD	23
145b28fd3	2025-04-11	other		[ZH] Remove obsolete IndexBufferExceptionFunc try-catch blocks for Windows 2000 (#652)	ZH-02;ZH-03;ZH-08;ZH-20	GeneralsMD	21
bbf0830cb	2025-04-11	other		[GEN][ZH] Refactor GameLogic::reset to avoid "vector subscript out of range" debug error (#645)		GeneralsMD	2
b76ba8415	2025-04-11	other		[GEN][ZH] Refactor GameLogic::rebalanceChildSleepyUpdate to avoid "vector subscript out of range" debug error (#644)		GeneralsMD	2
24f057ad4	2025-04-10	other		[GEN][ZH] Correct the most egregious signed / unsigned mismatch warnings (#643)		GeneralsMD	6
834f65460	2025-04-09	other		[GEN][ZH] Fix compiler warnings for uninitialized variables in copy constructors (#640)		GeneralsMD	6
38e172878	2025-04-09	other		[GEN][ZH] Fix compiler warnings for implicit integer conversion (#639)		GeneralsMD	4
e9ea9a704	2025-04-09	other		[CMAKE] Setup Core folder with shared code (#617)		Core;GeneralsMD	20
154ce6689	2025-04-09	other		[GEN][ZH] Fix list element erasure with iterator on unrelated container in ResourceGatheringManager::findBestSupplyCenter, MilesAudioManager::killLowestPrioritySoundImmediately (#631)		GeneralsMD	6
183d679ec	2025-04-09	other		[GEN][ZH] Fix invalidated iterator access in ScriptEngine::evaluateAndProgressAllSequentialScripts (#629)		GeneralsMD	2
5d5a3cb89	2025-04-09	other		[ZH] Remove superfluous CriticalSectionClass (#634)		GeneralsMD	2
faff25544	2025-04-08	other		[GEN][ZH] Fix stlport iterator use to conform with STL (#630)	ZH-15;ZH-19	GeneralsMD	14
8c9756c03	2025-04-08	other		[CMAKE] Rename options and targets reused by games (#628)		GeneralsMD	51
68b43e59b	2025-04-08	other		[CMAKE] Remove unused LaunchWeb file from WWLib (#626)		GeneralsMD	6
6be1383e8	2025-04-08	other		[LINUX] Pass va_list by value (#625)		GeneralsMD	12
6838b2ea9	2025-04-07	other		[LINUX] Fix profile configuration warning (#620)		GeneralsMD	1
010fb1660	2025-04-07	other		[LINUX][ZH] Fix CRCDiff tool compilation (#620)		GeneralsMD	3
b89216f0e	2025-04-07	other		[LINUX][ZH] Fix compress tool compilation (#620)		GeneralsMD	4
d0198080b	2025-04-07	other		[LINUX] Add required compat headers for Linux (#620)		GeneralsMD	45
7c8b473d4	2025-04-08	other		[CMake] Remove unnecessary {g,z}i_libraries_source (#624)		GeneralsMD	12
545f67b91	2025-04-07	other		[GEN][ZH] Fix several new/delete mismatches (#606)	ZH-03;ZH-18	GeneralsMD	14
ce0d1d207	2025-04-07	other		[CMake] Add cmake option for enabling address sanitizer (#604)			2
6656e8403	2025-04-07	other		[ZH] Add FXShader chunks from BFME (#599)		GeneralsMD	3
611d31b26	2025-04-07	other		[CMake] Fix configuration on Linux (#619)		GeneralsMD	2
3fbff5f91	2025-04-05	other		[ZH] Fix legacy function calls to miles in WWAudio (#600)		GeneralsMD	2
6c3174f70	2025-04-04	other		[ZH] Fix VS2022 compiler errors for w3dview (#600)		GeneralsMD	14
c4714da84	2025-04-04	other		[ZH] Fix VS6 compiler errors for w3dview (#600)		GeneralsMD	11
00a56025f	2025-04-04	other		[ZH] Add CMake setup to w3dview (#600)		GeneralsMD	5
1de64741e	2025-04-01	other		[ZH] Add original w3dview files from Renegade (#600)		GeneralsMD	236
61ce4583e	2025-04-05	other		[GEN][ZH] Add optional game memory null replacement (#562)		GeneralsMD	11
7240c9a5e	2025-04-05	other		[CMake] Add doxygen targets for documentation (#593)		GeneralsMD	2
4dd3b9869	2025-04-05	other		[GEN][ZH] Readd WWVegas/WWLib/rcfile.cpp for w3dview (#598)		GeneralsMD	6
4e048965f	2025-04-04	other		[GEN][ZH] Remove library placeholder folders (#592)		GeneralsMD	28
9fc0daaef	2025-04-04	other		[Git] Expand gitignore to include CLion / JetBrains IDEs (#588)			1
c4dbddc7a	2025-04-05	other		[ZH] Add cmake setup for WWAudio and make it compile with VS2022 (#584)		GeneralsMD	7
9b6fbbb6c	2025-04-04	other		[GEN][ZH] Remove legacy VC6 project files (#591)		GeneralsMD	105
591bf2020	2025-04-04	other		[GitHub] Cancel in-progress jobs only for pull requests (#587)			1
91b616a73	2025-04-03	other		[ZH] Fix Replay CRC Checking (#545)		GeneralsMD	1
d8ed6415f	2025-04-03	other		[ZH] Fix BitTest macro name in Win32DIMouse.cpp (#569)		GeneralsMD	1
cabd62f09	2025-04-03	other		[ZH] Port mod cursor support from Generals (#579)		GeneralsMD	1
70d60656a	2025-04-03	other		[GitHub] Update bug report template (#585)			2
931d1051c	2025-04-03	other		[GEN][ZH] Partially clean up WWLib (#581)		GeneralsMD	248
2e8d96cf3	2025-04-03	other		[GEN][ZH] Remove WPAudio (#582)		GeneralsMD	42
a431b5088	2025-04-03	other		[ZH] Port DEBUG_LOG_LEVEL from Generals (#561)		GeneralsMD	7
8a12533f0	2025-03-31	other		[ZH] Add CMake and VS2022 fixes to wdump (#556)		GeneralsMD	5
b8f78e8df	2025-03-31	other		[ZH] Add original wdump files from Renegade (#556)		GeneralsMD	29
28d641edb	2025-04-02	other		[GEN][ZH] Remove superfluous tokens after endif (#573)		GeneralsMD	33
0a92becea	2025-04-02	other		[GEN][ZH] Fix heap-use-after-free in TeamInQueue::~TeamInQueue (#469)		GeneralsMD	6
1375ea79d	2025-04-02	other		[ZH] Fix global-buffer-overflow in Init_D3D_To_WW3_Conversion (#466)		GeneralsMD	1
22a8913d9	2025-04-02	other		[GEN][ZH] Fix stack-buffer-overflow in HotKeyTranslator::translateGameMessage (#465)		GeneralsMD	2
580ac3e9c	2025-04-02	other		[GEN][ZH] Fix heap-use-after-free in Player::init (#468)		GeneralsMD	2
6e538cfcd	2025-04-02	other		[GEN][ZH] Fix stack-buffer-underflow in Win32BIGFileSystem::openArchiveFile (#467)		GeneralsMD	2
0d39854af	2025-03-20	other		[GEN][ZH] Fix heap-buffer-overflow, new/delete mismatch in FontCharsClass::~FontCharsClass (#463)		GeneralsMD	2
c27f3dcdf	2025-03-20	other		[GEN][ZH] Fix heap-buffer-overflow in getListboxBottomEntry (#462)		GeneralsMD	2
d4dedf904	2025-03-20	other		[GEN][ZH] Fix invalid memory access in AudioManager::addAudioEvent (#464)		GeneralsMD	8
d27dce7cf	2025-04-01	other		[ZH] Replace inline assembler for non VS6 builds (#479)		GeneralsMD	21
e1626c63b	2025-03-29	other		[GEN][ZH] Add cmake configurability for MemoryPool features and debugs, disable slow stack trace (#542)		GeneralsMD	5
202b4a601	2025-03-29	other		Move cmake config setup into config.cmake (#542)			2
7f4c70390	2025-03-29	other		[GEN][ZH] Fix uninitialized memory access in Get_OS_Info (#438)		GeneralsMD	2
1370428a2	2025-03-29	other		[GEN][ZH] Fix incorrect AsciiString hash implementation for non-stlport (#450)		GeneralsMD	2
fa996ebbd	2025-03-28	other		[GitHub] Add CI for VS2022 (#531)		GeneralsMD	5
f0cd433b7	2025-03-28	other		[ZH] Fix stringstream for Zero Hour Tools build (#532)		GeneralsMD	5
dc1c88a12	2025-03-27	other		[ZH] Upgrade Zero Hour Tools to c++20 (#509)		GeneralsMD	17
e6dbd2adf	2025-03-25	other		[ZH] Fix misc and header include errors for Zero Hour Tools build (#509)		GeneralsMD	6
6bc276070	2025-03-25	other		[ZH] Fix fstream include errors for Zero Hour Tools build (#509)		GeneralsMD	4
16eb0f141	2025-03-25	other		[ZH] Fix iostream errors for Zero Hour Tools build (#509)		GeneralsMD	23
18f022fae	2025-03-25	other		[ZH] Fix hash_map errors for Zero Hour Tools build (#509)		GeneralsMD	7
aa94c0489	2025-03-25	other		[ZH] Fix c++20 keyword conflicts for Zero Hour Tools build (#509)		GeneralsMD	3
772c5fcde	2025-03-25	other		[ZH] Fix incompatible function calls of std::vector, std::string, CString for Zero Hour Tools build (#509)		GeneralsMD	9
caf893981	2025-03-25	other		[ZH] Fix type mismatch errors for Zero Hour Tools build (#509)		GeneralsMD	4
cd25db50c	2025-03-25	other		[GEN][ZH] Disable maxsdk and max2w3d tool in non-vs6 build (#509)			1
e393a4996	2025-03-25	other		[ZH] Fix type declaration scope issues for Zero Hour Tools build (#509)		GeneralsMD	13
f507b6481	2025-03-25	other		[ZH] Prevent including d3d9types.h via afxwin.h for Zero Hour Tools build (#509)		GeneralsMD	4
06c5bd9e9	2025-03-25	other		[ZH] Fix dependent name errors for Zero Hour Tools (#509)		GeneralsMD	9
8899f3828	2025-03-24	other		[ZH] Fix constness errors for Zero Hour Tools build (#509)		GeneralsMD	89
3c7682ff1	2025-03-28	other		Add natvis for AsciiString, UnicodeString, _STL::_List_base, _STL::_Vector_base (#451)			6
b209e4d51	2025-03-27	other		[ZH] Fix compilation errors in profile library (#519)		GeneralsMD	3
45b45cb61	2025-03-26	other		[CMake] Split tools into useful and extra. (#498)		GeneralsMD	6
fac533291	2025-03-25	other		[CMake] Remove unused code from lzhl library build. (#498)			1
cc43bc3ec	2025-03-25	other		[CMake] Refactor CMake build config options. (#498)			3
8caba676e	2025-03-25	other		[CMake] Move compiler configuration to its own cmake file. (#498)			2
6225457a8	2025-03-25	other		[GEN][ZH] Remove "pragma comment" implict linker instructions. (#498)		GeneralsMD	22
f15498ba3	2025-03-25	other		[CMake] Fix deprecation warning in benchmark stub. (#498)			1
b3a4d5198	2025-03-25	other		[CMake] Stop features being printed out 3 times. (#498)		GeneralsMD	2
db13e8b98	2025-03-25	other		[GEN][ZH] Fix file name case in includes (#347)	ZH-02;ZH-03;ZH-07;ZH-08;ZH-11;ZH-14;ZH-15;ZH-17;ZH-18;ZH-19;ZH-20;ZH-24;ZH-25	GeneralsMD	1572
9f1643def	2025-03-16	other		[ZH] Upgrade to c++20 (#426)			1
bbf0939d7	2025-03-16	other		[ZH] Fix dependent name errors for Zero Hour build (#426)	ZH-08;ZH-15;ZH-19	GeneralsMD	33
be1006515	2025-03-15	other		[ZH] Upgrade to c++17 (#426)		GeneralsMD	7
05d39041d	2025-03-15	other		[ZH] Fix header include errors/mistakes for Zero Hour build (#426)		GeneralsMD	12
d00138036	2025-03-15	other		[ZH] Fix misc compile errors for Zero Hour build (#426)	ZH-08;ZH-15;ZH-19	GeneralsMD	23
b5f6d658d	2025-03-15	other		[ZH] Fix iterator errors for Zero Hour build (#426)		GeneralsMD	5
c6b49244a	2025-03-15	other		[ZH] Fix BitTest symbol collision for Zero Hour build (#426)	ZH-08;ZH-15;ZH-18;ZH-19	GeneralsMD	136
fccb0b3ce	2025-03-15	other		[ZH] Add missing value types for Zero Hour build (#426)		GeneralsMD	9
5bbb68c33	2025-03-15	other		[ZH] Fix new/delete redefinition errors for Zero Hour build (#426)		GeneralsMD	2
164a22103	2025-03-15	other		[ZH] Exclude stlport from non-VS6 builds, enable multithread builds for MSVC (#426)		GeneralsMD	6
f037f57c3	2025-03-15	other		[ZH] Fix AI_PASSIVE symbol collision for Zero Hour build (#426)	ZH-24	GeneralsMD	8
1647f86f2	2025-03-15	other		[ZH] Fix constness errors for Zero Hour build (#426)	ZH-04;ZH-08	GeneralsMD	90
2ff804191	2025-03-15	other		[ZH] Fix type mismatch errors for Zero Hour build (#426)		GeneralsMD	14
3333c7add	2025-03-15	other		[ZH] Fix TheEmptyString syntax for Zero Hour build (#426)		GeneralsMD	7
02f50542c	2025-03-15	other		[ZH] Fix AnimateWindow symbol collision for Zero Hour build (#426)		GeneralsMD	4
9ea1557be	2025-03-15	other		[ZH] Fix BrowserEngine import for Zero Hour build (#426)		GeneralsMD	7
86a6251be	2025-03-15	other		[ZH] Fix type declaration scope issues for Zero Hour build (#426)	ZH-01;ZH-08;ZH-15;ZH-19	GeneralsMD	90
a3a94fb09	2025-03-23	other		Add script to fix file name case in includes (#481)			1
806bfbe8f	2025-03-23	other		[GEN][ZH] Fix character encoding issues in comments and key mappings (#475)		GeneralsMD	66
0941d4dcc	2025-03-23	other		[GITHUB] Refactor CI to better support multiple profiles (#483)			5
21a7b7ad3	2025-03-22	other		Add install targets if install path found. (#456)		GeneralsMD	6
114f16a92	2025-03-20	other		Fix building debug and internal builds. (#452)		GeneralsMD	13
058d2dadf	2025-03-19	other		README.md: Remove archived status and PR restriction (#447)			1
22fc5f41c	2025-03-18	other		Add precompiled header support to "GameEngine" targets. (#449)		GeneralsMD	2
1a7859575	2025-03-18	other		Implement options to control building internal and debug code. (#441)		GeneralsMD	9
b1f1ae3d0	2025-03-17	other		Add CI for generals and zerohour (#428)			4
8df197a8e	2025-03-17	other		Bumps version of miles sdk stub. (#440)			1
c9349cd05	2025-03-04	other		Minimal changes for successful build. (#365)		GeneralsMD	38
994093efc	2025-03-04	other		Implements CMake build system. (#365)		GeneralsMD	139
f4f66ecc6	2025-03-04	other		Add top level gitignore.			1
595b28db6	2025-03-11	other		Allow blank issues (#388)			1
be5cec07e	2025-03-06	other		Prepare issue templates and other github specific files (#379)			3
0a05454d8	2025-02-27	other		Adds LICENSE.md and initial README.md.			2
cae3d00b4	2025-02-27	other		initial .gitignore.		GeneralsMD	2
3d0ee53a0	2025-02-27	other		Initial commit of Command & Conquer Generals and Command & Conquer Generals Zero Hour source code.	ZH-01;ZH-02;ZH-03;ZH-04;ZH-07;ZH-08;ZH-11;ZH-14;ZH-15;ZH-16;ZH-17;ZH-18;ZH-19;ZH-20;ZH-24;ZH-25	GeneralsMD	6072
2e338c00c	2025-02-27	other		Initial commit			0
